device,sampler,budget,seed,base_model,calibration,fine_segments_sampled,fine_segments_total,fine_route,coarse_route,global_route,n_eval,mape,median_ape,p90_ape,p95_ape,wape,within_10,within_20,underprediction_rate,dangerous_under_50,log_rmse
NVIDIA A100 80GB PCIe,random,8,0,direct_clamped,global,5,10,0.0,0.0,100.0,1032.0,7.7777967014892475,4.523926830620211,15.67181842363886,25.174198053158868,18.295659199181245,77.71317829457365,93.5077519379845,62.3062015503876,0.0,0.1177931661529521
NVIDIA A100 80GB PCIe,random,8,0,direct_clamped,segmented,5,10,0.0,55.32945736434108,44.67054263565892,1032.0,7.726024550345666,4.468575878682122,15.53890008016197,25.174198053158868,18.264871090738804,77.81007751937985,93.6046511627907,64.63178294573643,0.0,0.11728027380170618
NVIDIA A100 80GB PCIe,random,8,0,direct_clamped,selective,5,10,0.0,0.0,100.0,1032.0,7.7777967014892475,4.523926830620211,15.67181842363886,25.174198053158868,18.295659199181245,77.71317829457365,93.5077519379845,62.3062015503876,0.0,0.1177931661529521
NVIDIA A100 80GB PCIe,random,8,0,gray_residual,global,5,10,0.0,0.0,100.0,1032.0,4.631172395784687,3.0549784079597444,11.057228411564125,13.157052189097389,7.231030939098206,85.75581395348837,99.51550387596899,43.604651162790695,0.0,0.06332351613796737
NVIDIA A100 80GB PCIe,random,8,0,gray_residual,segmented,5,10,0.0,55.32945736434108,44.67054263565892,1032.0,4.609376121837722,3.0578994369384667,11.03837602653108,13.136507182893993,7.2175508474211725,85.75581395348837,99.51550387596899,43.895348837209305,0.0,0.06318059125087995
NVIDIA A100 80GB PCIe,random,8,0,gray_residual,selective,5,10,0.0,0.0,100.0,1032.0,4.631172395784687,3.0549784079597444,11.057228411564125,13.157052189097389,7.231030939098206,85.75581395348837,99.51550387596899,43.604651162790695,0.0,0.06332351613796737
NVIDIA A100 80GB PCIe,random,8,1,direct_clamped,global,4,10,0.0,0.0,100.0,1032.0,8.248284002520409,5.573131789247194,16.290920694574343,23.843830689586575,17.507935930371442,73.44961240310077,93.7015503875969,74.03100775193798,0.0,0.11862499238340345
NVIDIA A100 80GB PCIe,random,8,1,direct_clamped,segmented,4,10,51.84108527131783,9.39922480620155,38.759689922480625,1032.0,8.296616557991308,5.969583496520752,16.109084169133432,22.04605369187619,16.895179391913757,73.44961240310077,93.7015503875969,76.93798449612403,0.0,0.1167222865580285
NVIDIA A100 80GB PCIe,random,8,1,direct_clamped,selective,4,10,0.0,0.0,100.0,1032.0,8.248284002520409,5.573131789247194,16.290920694574343,23.843830689586575,17.507935930371442,73.44961240310077,93.7015503875969,74.03100775193798,0.0,0.11862499238340345
NVIDIA A100 80GB PCIe,random,8,1,gray_residual,global,4,10,0.0,0.0,100.0,1032.0,4.558873527239767,2.8830530268341947,11.45129390705473,13.713866938808522,6.372387209695009,85.85271317829456,99.90310077519379,59.496124031007746,0.0,0.06526335396782526
NVIDIA A100 80GB PCIe,random,8,1,gray_residual,segmented,4,10,51.84108527131783,9.39922480620155,38.759689922480625,1032.0,4.4870218790897685,2.8622919646385068,11.313185311294003,13.649348839839563,6.119450632565282,86.82170542635659,99.90310077519379,63.08139534883721,0.0,0.06445633481316147
NVIDIA A100 80GB PCIe,random,8,1,gray_residual,selective,4,10,0.0,0.0,100.0,1032.0,4.558873527239767,2.8830530268341947,11.45129390705473,13.713866938808522,6.372387209695009,85.85271317829456,99.90310077519379,59.496124031007746,0.0,0.06526335396782526
NVIDIA A100 80GB PCIe,random,8,2,direct_clamped,global,4,10,0.0,0.0,100.0,1032.0,7.797429360491685,4.520910526155875,15.200879241417066,26.034443639367502,19.426385596756415,81.5891472868217,92.63565891472868,44.28294573643411,0.0,0.11912569085333026
NVIDIA A100 80GB PCIe,random,8,2,direct_clamped,segmented,4,10,0.0,0.0,100.0,1032.0,7.797429360491685,4.520910526155875,15.200879241417066,26.034443639367502,19.426385596756415,81.5891472868217,92.63565891472868,44.28294573643411,0.0,0.11912569085333026
NVIDIA A100 80GB PCIe,random,8,2,direct_clamped,selective,4,10,0.0,0.0,100.0,1032.0,7.797429360491685,4.520910526155875,15.200879241417066,26.034443639367502,19.426385596756415,81.5891472868217,92.63565891472868,44.28294573643411,0.0,0.11912569085333026
NVIDIA A100 80GB PCIe,random,8,2,gray_residual,global,4,10,0.0,0.0,100.0,1032.0,4.5216233243902675,2.894184504314328,11.243428603905706,13.277983556781226,6.727313253681509,86.43410852713178,99.8062015503876,50.67829457364341,0.0,0.06388040085581978
NVIDIA A100 80GB PCIe,random,8,2,gray_residual,segmented,4,10,0.0,0.0,100.0,1032.0,4.5216233243902675,2.894184504314328,11.243428603905706,13.277983556781226,6.727313253681509,86.43410852713178,99.8062015503876,50.67829457364341,0.0,0.06388040085581978
NVIDIA A100 80GB PCIe,random,8,2,gray_residual,selective,4,10,0.0,0.0,100.0,1032.0,4.5216233243902675,2.894184504314328,11.243428603905706,13.277983556781226,6.727313253681509,86.43410852713178,99.8062015503876,50.67829457364341,0.0,0.06388040085581978
NVIDIA A100 80GB PCIe,random,8,3,direct_clamped,global,4,10,0.0,0.0,100.0,1032.0,8.204611431090715,5.297762320408104,16.47487782971067,24.21123993061394,17.703093244061712,74.12790697674419,93.4108527131783,72.77131782945736,0.0,0.11957411504934679
NVIDIA A100 80GB PCIe,random,8,3,direct_clamped,segmented,4,10,51.84108527131783,9.39922480620155,38.759689922480625,1032.0,8.176397609427717,5.542844344181379,16.011320537145163,23.31171678922075,17.349678390665453,74.51550387596899,93.4108527131783,73.74031007751938,0.0,0.1182118064209982
NVIDIA A100 80GB PCIe,random,8,3,direct_clamped,selective,4,10,0.0,0.0,100.0,1032.0,8.204611431090715,5.297762320408104,16.47487782971067,24.21123993061394,17.703093244061712,74.12790697674419,93.4108527131783,72.77131782945736,0.0,0.11957411504934679
NVIDIA A100 80GB PCIe,random,8,3,gray_residual,global,4,10,0.0,0.0,100.0,1032.0,4.9023868880537,3.2942571232567035,12.090868598121514,14.464222103369986,5.879637540021985,84.88372093023256,99.8062015503876,73.74031007751938,0.0,0.06940305002829358
NVIDIA A100 80GB PCIe,random,8,3,gray_residual,segmented,4,10,51.84108527131783,9.39922480620155,38.759689922480625,1032.0,4.946185140326567,3.434188520301391,11.872494764468865,14.400137250653808,5.550789839217093,85.46511627906976,99.8062015503876,77.03488372093024,0.0,0.06880768700708703
NVIDIA A100 80GB PCIe,random,8,3,gray_residual,selective,4,10,0.0,0.0,100.0,1032.0,4.9023868880537,3.2942571232567035,12.090868598121514,14.464222103369986,5.879637540021985,84.88372093023256,99.8062015503876,73.74031007751938,0.0,0.06940305002829358
NVIDIA A100 80GB PCIe,random,8,4,direct_clamped,global,4,10,0.0,0.0,100.0,1032.0,8.2866469792497,5.4795842230514005,16.492703981640425,24.089975235968186,17.6599450228086,73.83720930232558,93.4108527131783,73.74031007751938,0.0,0.11997420657679407
NVIDIA A100 80GB PCIe,random,8,4,direct_clamped,segmented,4,10,18.120155038759687,8.817829457364342,73.06201550387597,1032.0,7.740363551425064,4.727583687449602,15.909526653469143,24.089975235968186,17.639373753757198,77.90697674418605,93.6046511627907,70.05813953488372,0.0,0.11560213275582265
NVIDIA A100 80GB PCIe,random,8,4,direct_clamped,selective,4,10,0.0,0.0,100.0,1032.0,8.2866469792497,5.4795842230514005,16.492703981640425,24.089975235968186,17.6599450228086,73.83720930232558,93.4108527131783,73.74031007751938,0.0,0.11997420657679407
NVIDIA A100 80GB PCIe,random,8,4,gray_residual,global,4,10,0.0,0.0,100.0,1032.0,4.558752484395586,2.9583567325204694,11.263175395841545,13.06156671718325,7.007362109521188,86.43410852713178,99.70930232558139,46.99612403100775,0.0,0.06340016738218442
NVIDIA A100 80GB PCIe,random,8,4,gray_residual,segmented,4,10,18.120155038759687,8.817829457364342,73.06201550387597,1032.0,4.239827891746519,2.8054504595958036,10.309456874576949,12.715556891402255,7.016969048200955,89.43798449612403,99.70930232558139,39.922480620155035,0.0,0.058622540352649126
NVIDIA A100 80GB PCIe,random,8,4,gray_residual,selective,4,10,0.0,0.0,100.0,1032.0,4.558752484395586,2.9583567325204694,11.263175395841545,13.06156671718325,7.007362109521188,86.43410852713178,99.70930232558139,46.99612403100775,0.0,0.06340016738218442
NVIDIA A100 80GB PCIe,random,8,5,direct_clamped,global,5,10,0.0,0.0,100.0,1032.0,7.776630021076871,4.452297920840904,15.342541928881412,25.819495500425372,19.29129031040463,81.2015503875969,92.63565891472868,45.348837209302324,0.0,0.11887289332326824
NVIDIA A100 80GB PCIe,random,8,5,direct_clamped,segmented,5,10,27.325581395348834,5.329457364341085,67.34496124031007,1032.0,7.5584994676496855,4.271675959160953,15.156774121636051,24.860481233412766,18.690495082060856,81.2015503875969,93.02325581395348,49.224806201550386,0.0,0.11589447452335593
NVIDIA A100 80GB PCIe,random,8,5,direct_clamped,selective,5,10,0.0,0.0,100.0,1032.0,7.776630021076871,4.452297920840904,15.342541928881412,25.819495500425372,19.29129031040463,81.2015503875969,92.63565891472868,45.348837209302324,0.0,0.11887289332326824
NVIDIA A100 80GB PCIe,random,8,5,gray_residual,global,5,10,0.0,0.0,100.0,1032.0,4.534570230482955,2.963993996083102,11.236955578706254,13.218849228620225,6.874770022193712,86.43410852713178,99.70930232558139,49.6124031007752,0.0,0.06384915492315822
NVIDIA A100 80GB PCIe,random,8,5,gray_residual,segmented,5,10,27.325581395348834,5.329457364341085,67.34496124031007,1032.0,4.372717374112547,2.8605799470617006,10.924595940415145,13.178012359469088,6.457879760888967,86.82170542635659,99.90310077519379,54.06976744186046,0.0,0.0624793252863857
NVIDIA A100 80GB PCIe,random,8,5,gray_residual,selective,5,10,0.0,0.0,100.0,1032.0,4.534570230482955,2.963993996083102,11.236955578706254,13.218849228620225,6.874770022193712,86.43410852713178,99.70930232558139,49.6124031007752,0.0,0.06384915492315822
NVIDIA A100 80GB PCIe,random,8,6,direct_clamped,global,5,10,0.0,0.0,100.0,1032.0,8.524973319617718,6.0252365889864254,16.609677330555385,23.15876710429288,17.366718586760737,72.96511627906976,93.6046511627907,76.93798449612403,0.0,0.12127498612376277
NVIDIA A100 80GB PCIe,random,8,6,direct_clamped,segmented,5,10,27.42248062015504,32.36434108527132,40.213178294573645,1032.0,7.911773010310835,5.046198975079305,16.179276990476804,23.46229849945124,17.50614697192519,76.93798449612403,93.6046511627907,71.99612403100775,0.0,0.11700378724634523
NVIDIA A100 80GB PCIe,random,8,6,direct_clamped,selective,5,10,0.0,0.0,100.0,1032.0,8.524973319617718,6.0252365889864254,16.609677330555385,23.15876710429288,17.366718586760737,72.96511627906976,93.6046511627907,76.93798449612403,0.0,0.12127498612376277
NVIDIA A100 80GB PCIe,random,8,6,gray_residual,global,5,10,0.0,0.0,100.0,1032.0,4.750731234813622,3.2973923430805376,10.888917344394573,13.046706783919818,7.642208805472587,85.94961240310077,99.4186046511628,38.275193798449614,0.0,0.06337533994876329
NVIDIA A100 80GB PCIe,random,8,6,gray_residual,segmented,5,10,27.42248062015504,32.36434108527132,40.213178294573645,1032.0,4.458538436509509,3.0208838172221104,10.732530569606343,12.778177823204727,7.22081744711008,87.79069767441861,99.6124031007752,38.372093023255815,0.0,0.060489637027650305
NVIDIA A100 80GB PCIe,random,8,6,gray_residual,selective,5,10,0.0,0.0,100.0,1032.0,4.750731234813622,3.2973923430805376,10.888917344394573,13.046706783919818,7.642208805472587,85.94961240310077,99.4186046511628,38.275193798449614,0.0,0.06337533994876329
NVIDIA A100 80GB PCIe,random,8,7,direct_clamped,global,6,10,0.0,0.0,100.0,1032.0,7.887801378120015,4.517870023427724,15.684776254094633,27.070556531399998,19.658049776959576,81.3953488372093,92.44186046511628,42.82945736434108,0.0,0.1200741032337871
NVIDIA A100 80GB PCIe,random,8,7,direct_clamped,segmented,6,10,0.0,27.03488372093023,72.96511627906976,1032.0,7.865734422142944,4.488412271730363,15.684776254094633,27.070556531399998,19.659606845318912,81.68604651162791,92.44186046511628,42.73255813953488,0.0,0.11991418248268525
NVIDIA A100 80GB PCIe,random,8,7,direct_clamped,selective,6,10,0.0,0.0,100.0,1032.0,7.887801378120015,4.517870023427724,15.684776254094633,27.070556531399998,19.658049776959576,81.3953488372093,92.44186046511628,42.82945736434108,0.0,0.1200741032337871
NVIDIA A100 80GB PCIe,random,8,7,gray_residual,global,6,10,0.0,0.0,100.0,1032.0,5.203856367899195,3.975425535470257,11.034161726826937,13.654118126039364,8.719095374082432,85.85271317829456,99.03100775193798,31.782945736434108,0.0,0.06518545257934912
NVIDIA A100 80GB PCIe,random,8,7,gray_residual,segmented,6,10,0.0,27.03488372093023,72.96511627906976,1032.0,5.189534697847378,3.9606141568831523,11.034161726826937,13.533253483474715,8.720375217504863,85.85271317829456,99.03100775193798,31.3953488372093,0.0,0.0649803387199091
NVIDIA A100 80GB PCIe,random,8,7,gray_residual,selective,6,10,0.0,0.0,100.0,1032.0,5.203856367899195,3.975425535470257,11.034161726826937,13.654118126039364,8.719095374082432,85.85271317829456,99.03100775193798,31.782945736434108,0.0,0.06518545257934912
NVIDIA A100 80GB PCIe,random,8,8,direct_clamped,global,4,10,0.0,0.0,100.0,1032.0,8.117153382336186,4.840614544537074,16.104307491493007,27.568969988854843,20.083761657121848,80.42635658914729,92.24806201550388,38.17829457364341,0.0,0.12200276851097626
NVIDIA A100 80GB PCIe,random,8,8,direct_clamped,segmented,4,10,24.224806201550386,3.9728682170542635,71.80232558139535,1032.0,7.9509328413995854,4.555449149112116,15.94731875166661,27.568969988854843,19.99380506870087,81.2015503875969,92.34496124031007,39.72868217054263,0.0,0.12110071225040549
NVIDIA A100 80GB PCIe,random,8,8,direct_clamped,selective,4,10,0.0,0.0,100.0,1032.0,8.117153382336186,4.840614544537074,16.104307491493007,27.568969988854843,20.083761657121848,80.42635658914729,92.24806201550388,38.17829457364341,0.0,0.12200276851097626
NVIDIA A100 80GB PCIe,random,8,8,gray_residual,global,4,10,0.0,0.0,100.0,1032.0,4.528136236686442,2.886534544871244,11.294242238670721,13.396318387886252,6.653362046518593,86.43410852713178,99.8062015503876,52.03488372093024,0.0,0.06426160700071235
NVIDIA A100 80GB PCIe,random,8,8,gray_residual,segmented,4,10,24.224806201550386,3.9728682170542635,71.80232558139535,1032.0,4.536345239003038,2.9150646323993645,11.316335785613967,13.396318387886252,6.665680167301269,86.33720930232558,99.8062015503876,51.259689922480625,0.0,0.06430439971797842
NVIDIA A100 80GB PCIe,random,8,8,gray_residual,selective,4,10,0.0,0.0,100.0,1032.0,4.528136236686442,2.886534544871244,11.294242238670721,13.396318387886252,6.653362046518593,86.43410852713178,99.8062015503876,52.03488372093024,0.0,0.06426160700071235
NVIDIA A100 80GB PCIe,random,8,9,direct_clamped,global,6,10,0.0,0.0,100.0,1032.0,8.092486823676017,4.8157611018332425,16.08306259254583,27.564478356783884,20.082473567742575,80.62015503875969,92.24806201550388,38.759689922480625,0.0,0.12175652242180857
NVIDIA A100 80GB PCIe,random,8,9,direct_clamped,segmented,6,10,0.0,27.03488372093023,72.96511627906976,1032.0,8.082366344165736,4.827195374781292,16.04897822384287,27.564478356783884,20.083641784566705,80.81395348837209,92.24806201550388,38.468992248062015,0.0,0.12168271189366871
NVIDIA A100 80GB PCIe,random,8,9,direct_clamped,selective,6,10,0.0,0.0,100.0,1032.0,8.092486823676017,4.8157611018332425,16.08306259254583,27.564478356783884,20.082473567742575,80.62015503875969,92.24806201550388,38.759689922480625,0.0,0.12175652242180857
NVIDIA A100 80GB PCIe,random,8,9,gray_residual,global,6,10,0.0,0.0,100.0,1032.0,4.9875039170913125,3.6615219051429504,11.222211073998619,13.316134061556816,8.211736082714427,86.43410852713178,99.2248062015504,33.52713178294574,0.0,0.06406468113899273
NVIDIA A100 80GB PCIe,random,8,9,gray_residual,segmented,6,10,0.0,27.03488372093023,72.96511627906976,1032.0,4.9718833650394645,3.6662690334268784,11.19278455669458,13.316134061556816,8.21251008393183,86.62790697674419,99.2248062015504,33.33333333333333,0.0,0.0638282849396542
NVIDIA A100 80GB PCIe,random,8,9,gray_residual,selective,6,10,0.0,0.0,100.0,1032.0,4.9875039170913125,3.6615219051429504,11.222211073998619,13.316134061556816,8.211736082714427,86.43410852713178,99.2248062015504,33.52713178294574,0.0,0.06406468113899273
NVIDIA A100 80GB PCIe,random,16,0,direct_clamped,global,6,10,0.0,0.0,100.0,1024.0,8.360606478041301,5.734358913624232,16.369322292979202,23.64751977154885,17.5035651530563,73.2421875,93.45703125,75.29296875,0.0,0.12006166486163178
NVIDIA A100 80GB PCIe,random,16,0,direct_clamped,segmented,6,10,30.95703125,40.33203125,28.7109375,1024.0,8.305722247870403,6.678675563827788,15.346547550081327,20.436613185758056,16.140235444496504,74.609375,94.82421875,80.2734375,0.0,0.1128877128401765
NVIDIA A100 80GB PCIe,random,16,0,direct_clamped,selective,6,10,0.0,0.0,100.0,1024.0,8.360606478041301,5.734358913624232,16.369322292979202,23.64751977154885,17.5035651530563,73.2421875,93.45703125,75.29296875,0.0,0.12006166486163178
NVIDIA A100 80GB PCIe,random,16,0,gray_residual,global,6,10,0.0,0.0,100.0,1024.0,4.6779781499758,2.9574036370274874,11.810577676382591,14.126992941628925,6.09690702309395,85.83984375,99.90234375,67.08984375,0.0,0.06708727209351684
NVIDIA A100 80GB PCIe,random,16,0,gray_residual,segmented,6,10,30.95703125,40.33203125,28.7109375,1024.0,4.645749028203619,3.610070512242843,10.330841233742197,12.79475731870609,5.1805750063049345,89.0625,100.0,77.24609375,0.0,0.06196893594072048
NVIDIA A100 80GB PCIe,random,16,0,gray_residual,selective,6,10,0.0,0.0,100.0,1024.0,4.6779781499758,2.9574036370274874,11.810577676382591,14.126992941628925,6.09690702309395,85.83984375,99.90234375,67.08984375,0.0,0.06708727209351684
NVIDIA A100 80GB PCIe,random,16,1,direct_clamped,global,7,10,0.0,0.0,100.0,1024.0,7.879136590578944,4.622130770452181,15.944153760498192,25.30811781468571,18.21576254658367,76.953125,93.26171875,66.50390625,0.0,0.11835377795359761
NVIDIA A100 80GB PCIe,random,16,1,direct_clamped,segmented,7,10,52.05078125,46.6796875,1.26953125,1024.0,8.007600081374477,4.859873426131912,15.728717319248442,25.511973161336314,18.5670835803698,75.87890625,93.45703125,66.50390625,0.0,0.11931162246248653
NVIDIA A100 80GB PCIe,random,16,1,direct_clamped,selective,7,10,0.0,0.0,100.0,1024.0,7.879136590578944,4.622130770452181,15.944153760498192,25.30811781468571,18.21576254658367,76.953125,93.26171875,66.50390625,0.0,0.11835377795359761
NVIDIA A100 80GB PCIe,random,16,1,gray_residual,global,7,10,0.0,0.0,100.0,1024.0,4.53989602929741,2.964193643476051,11.2445319127419,13.227234735538252,6.753808573227403,86.42578125,99.70703125,49.51171875,0.0,0.0638908511011288
NVIDIA A100 80GB PCIe,random,16,1,gray_residual,segmented,7,10,52.05078125,46.6796875,1.26953125,1024.0,4.085686549193987,2.7943509443375802,10.057635912712811,12.374722158229893,6.0886969454354425,89.84375,99.90234375,57.32421875,0.0,0.05761364744502204
NVIDIA A100 80GB PCIe,random,16,1,gray_residual,selective,7,10,0.0,0.0,100.0,1024.0,4.53989602929741,2.964193643476051,11.2445319127419,13.227234735538252,6.753808573227403,86.42578125,99.70703125,49.51171875,0.0,0.0638908511011288
NVIDIA A100 80GB PCIe,random,16,2,direct_clamped,global,7,10,0.0,0.0,100.0,1024.0,7.786410039550354,4.597539515651391,15.591166185492296,25.059209752714892,18.14955595966233,77.734375,93.5546875,63.671875,0.0,0.11757757562135603
NVIDIA A100 80GB PCIe,random,16,2,direct_clamped,segmented,7,10,70.3125,28.41796875,1.26953125,1024.0,7.680786446011065,5.327663008847464,15.14213673973422,21.317215287440515,16.598332077245935,79.4921875,94.140625,72.75390625,0.0,0.11079544973055924
NVIDIA A100 80GB PCIe,random,16,2,direct_clamped,selective,7,10,0.0,0.0,100.0,1024.0,7.786410039550354,4.597539515651391,15.591166185492296,25.059209752714892,18.14955595966233,77.734375,93.5546875,63.671875,0.0,0.11757757562135603
NVIDIA A100 80GB PCIe,random,16,2,gray_residual,global,7,10,0.0,0.0,100.0,1024.0,4.626252768871382,3.096396913886795,10.974648557247374,13.22035825001663,7.274613498160885,85.83984375,99.51171875,42.48046875,0.0,0.06309338718774782
NVIDIA A100 80GB PCIe,random,16,2,gray_residual,segmented,7,10,70.3125,28.41796875,1.26953125,1024.0,3.763995680061215,2.615653497235445,9.045870321010877,11.104795633002858,5.979621683763027,92.87109375,100.0,53.7109375,0.0,0.05226405978773423
NVIDIA A100 80GB PCIe,random,16,2,gray_residual,selective,7,10,0.0,0.0,100.0,1024.0,4.626252768871382,3.096396913886795,10.974648557247374,13.22035825001663,7.274613498160885,85.83984375,99.51171875,42.48046875,0.0,0.06309338718774782
NVIDIA A100 80GB PCIe,random,16,3,direct_clamped,global,5,10,0.0,0.0,100.0,1024.0,7.660709575649311,4.305915040224357,15.587351270768599,26.035090390649778,18.89388336864895,79.78515625,92.96875,54.296875,0.0,0.11803096261814514
NVIDIA A100 80GB PCIe,random,16,3,direct_clamped,segmented,5,10,58.59375,12.79296875,28.61328125,1024.0,7.2310571492228695,4.076708511606574,14.33144804279404,24.92663796609584,18.499946519521774,82.6171875,93.5546875,58.30078125,0.0,0.11338020226023615
NVIDIA A100 80GB PCIe,random,16,3,direct_clamped,selective,5,10,0.0,0.0,100.0,1024.0,7.660709575649311,4.305915040224357,15.587351270768599,26.035090390649778,18.89388336864895,79.78515625,92.96875,54.296875,0.0,0.11803096261814514
NVIDIA A100 80GB PCIe,random,16,3,gray_residual,global,5,10,0.0,0.0,100.0,1024.0,4.509228483378444,2.871271100851975,11.290385135968299,13.43949917780319,6.644349214161214,86.328125,99.8046875,52.34375,0.0,0.06422032725886033
NVIDIA A100 80GB PCIe,random,16,3,gray_residual,segmented,5,10,58.59375,12.79296875,28.61328125,1024.0,4.24942091728712,2.684348309822905,10.45697406398226,12.166127581334173,6.542466750937427,88.671875,99.8046875,55.46875,0.0,0.05963839455232095
NVIDIA A100 80GB PCIe,random,16,3,gray_residual,selective,5,10,0.0,0.0,100.0,1024.0,4.509228483378444,2.871271100851975,11.290385135968299,13.43949917780319,6.644349214161214,86.328125,99.8046875,52.34375,0.0,0.06422032725886033
NVIDIA A100 80GB PCIe,random,16,4,direct_clamped,global,7,10,0.0,0.0,100.0,1024.0,7.955084546885551,4.661062954649155,15.728814320204892,26.627821793704076,19.73043972226928,81.25,92.3828125,40.4296875,0.0,0.1204093470973511
NVIDIA A100 80GB PCIe,random,16,4,direct_clamped,segmented,7,10,70.41015625,28.3203125,1.26953125,1024.0,7.336394076578538,4.2936015160809795,14.238388800100182,25.427151968059896,18.63043996239434,83.88671875,92.87109375,39.6484375,0.0,0.11292526538701617
NVIDIA A100 80GB PCIe,random,16,4,direct_clamped,selective,7,10,0.0,0.0,100.0,1024.0,7.955084546885551,4.661062954649155,15.728814320204892,26.627821793704076,19.73043972226928,81.25,92.3828125,40.4296875,0.0,0.1204093470973511
NVIDIA A100 80GB PCIe,random,16,4,gray_residual,global,7,10,0.0,0.0,100.0,1024.0,4.756826850944823,3.364001569634378,11.014488270510979,13.192964351028074,7.825397659246083,86.71875,99.4140625,37.01171875,0.0,0.06310696393888754
NVIDIA A100 80GB PCIe,random,16,4,gray_residual,segmented,7,10,70.41015625,28.3203125,1.26953125,1024.0,3.792435257504126,2.7293608554130966,8.681385848961439,10.492153504478352,6.4778311184073445,93.06640625,99.90234375,37.79296875,0.0,0.05082324963778393
NVIDIA A100 80GB PCIe,random,16,4,gray_residual,selective,7,10,0.0,0.0,100.0,1024.0,4.756826850944823,3.364001569634378,11.014488270510979,13.192964351028074,7.825397659246083,86.71875,99.4140625,37.01171875,0.0,0.06310696393888754
NVIDIA A100 80GB PCIe,random,16,5,direct_clamped,global,6,10,0.0,0.0,100.0,1024.0,7.920752859188062,4.823520218290771,16.00720953016725,25.27917363855713,17.99122395861982,76.3671875,93.5546875,68.65234375,0.0,0.11818490561476996
NVIDIA A100 80GB PCIe,random,16,5,direct_clamped,segmented,6,10,79.1015625,9.27734375,11.62109375,1024.0,7.5149993799841095,4.280988468508356,15.954470856581933,25.191583495597897,17.961594574332672,79.58984375,93.45703125,64.74609375,0.0,0.11495388732537183
NVIDIA A100 80GB PCIe,random,16,5,direct_clamped,selective,6,10,0.0,0.0,100.0,1024.0,7.920752859188062,4.823520218290771,16.00720953016725,25.27917363855713,17.99122395861982,76.3671875,93.5546875,68.65234375,0.0,0.11818490561476996
NVIDIA A100 80GB PCIe,random,16,5,gray_residual,global,6,10,0.0,0.0,100.0,1024.0,4.822027687308056,3.1940164200090075,12.02638550517113,14.39062782287904,5.995380310414401,85.3515625,99.8046875,71.09375,0.0,0.06858861178518078
NVIDIA A100 80GB PCIe,random,16,5,gray_residual,segmented,6,10,79.1015625,9.27734375,11.62109375,1024.0,4.26423912671393,2.7621696695738907,10.26121008897273,13.451231705104911,5.921666542799957,89.16015625,100.0,66.11328125,0.0,0.061524649202115284
NVIDIA A100 80GB PCIe,random,16,5,gray_residual,selective,6,10,0.0,0.0,100.0,1024.0,4.822027687308056,3.1940164200090075,12.02638550517113,14.39062782287904,5.995380310414401,85.3515625,99.8046875,71.09375,0.0,0.06858861178518078
NVIDIA A100 80GB PCIe,random,16,6,direct_clamped,global,7,10,0.0,0.0,100.0,1024.0,7.643559516875055,4.332420956753477,15.399844802262791,24.30305680340061,18.539935647799528,78.61328125,93.359375,57.421875,0.0,0.11727656398227941
NVIDIA A100 80GB PCIe,random,16,6,direct_clamped,segmented,7,10,52.1484375,36.328125,11.5234375,1024.0,7.653965720624795,4.3580233302509885,15.602331979736633,26.060034339302547,18.808023661960487,79.58984375,92.96875,48.4375,0.0,0.11737242759210201
NVIDIA A100 80GB PCIe,random,16,6,direct_clamped,selective,7,10,0.0,0.0,100.0,1024.0,7.643559516875055,4.332420956753477,15.399844802262791,24.30305680340061,18.539935647799528,78.61328125,93.359375,57.421875,0.0,0.11727656398227941
NVIDIA A100 80GB PCIe,random,16,6,gray_residual,global,7,10,0.0,0.0,100.0,1024.0,4.761014222197237,3.3704653404424914,10.961650280038793,13.090130335694584,7.641944870621625,86.328125,99.51171875,37.20703125,0.0,0.06299435659372069
NVIDIA A100 80GB PCIe,random,16,6,gray_residual,segmented,7,10,52.1484375,36.328125,11.5234375,1024.0,4.283490211525125,2.9227137736341904,10.352537934503058,12.390662838064884,6.92711977852028,89.2578125,99.8046875,40.33203125,0.0,0.05843168982668033
NVIDIA A100 80GB PCIe,random,16,6,gray_residual,selective,7,10,0.0,0.0,100.0,1024.0,4.761014222197237,3.3704653404424914,10.961650280038793,13.090130335694584,7.641944870621625,86.328125,99.51171875,37.20703125,0.0,0.06299435659372069
NVIDIA A100 80GB PCIe,random,16,7,direct_clamped,global,6,10,0.0,0.0,100.0,1024.0,7.719977759095005,4.456999127224177,15.399999405723028,25.299562914584733,19.250201891697614,80.95703125,92.96875,46.09375,0.0,0.11833612965788054
NVIDIA A100 80GB PCIe,random,16,7,direct_clamped,segmented,6,10,51.85546875,9.27734375,38.8671875,1024.0,7.351533896481877,4.031979536096893,14.693748387304115,24.602624784370054,18.544599218484027,80.859375,93.45703125,58.0078125,0.0,0.11457925733366432
NVIDIA A100 80GB PCIe,random,16,7,direct_clamped,selective,6,10,0.0,0.0,100.0,1024.0,7.719977759095005,4.456999127224177,15.399999405723028,25.299562914584733,19.250201891697614,80.95703125,92.96875,46.09375,0.0,0.11833612965788054
NVIDIA A100 80GB PCIe,random,16,7,gray_residual,global,6,10,0.0,0.0,100.0,1024.0,4.510451309028654,2.8754833896679894,11.275549067647125,13.37382226071843,6.594449468849238,86.42578125,99.8046875,52.05078125,0.0,0.06411860195150947
NVIDIA A100 80GB PCIe,random,16,7,gray_residual,segmented,6,10,51.85546875,9.27734375,38.8671875,1024.0,4.320597955745516,2.898568285073763,10.992278256165498,13.201965946839529,5.893559281228438,88.37890625,100.0,63.4765625,0.0,0.06181261226940145
NVIDIA A100 80GB PCIe,random,16,7,gray_residual,selective,6,10,0.0,0.0,100.0,1024.0,4.510451309028654,2.8754833896679894,11.275549067647125,13.37382226071843,6.594449468849238,86.42578125,99.8046875,52.05078125,0.0,0.06411860195150947
NVIDIA A100 80GB PCIe,random,16,8,direct_clamped,global,5,10,0.0,0.0,100.0,1024.0,8.411200976935952,5.0786161668009075,16.129756273921792,27.750766763726826,20.592755095112793,80.2734375,91.69921875,34.1796875,0.0,0.12447352634885626
NVIDIA A100 80GB PCIe,random,16,8,direct_clamped,segmented,5,10,70.01953125,18.359375,11.62109375,1024.0,7.6983401484563725,4.767794565321418,15.24123849151951,25.859334800871665,18.323632731075058,81.4453125,92.67578125,41.11328125,0.0,0.11350208396791639
NVIDIA A100 80GB PCIe,random,16,8,direct_clamped,selective,5,10,0.0,0.0,100.0,1024.0,8.411200976935952,5.0786161668009075,16.129756273921792,27.750766763726826,20.592755095112793,80.2734375,91.69921875,34.1796875,0.0,0.12447352634885626
NVIDIA A100 80GB PCIe,random,16,8,gray_residual,global,5,10,0.0,0.0,100.0,1024.0,4.909323791319622,3.5482690071398038,11.231693841652895,13.348543432258294,8.028894795544183,86.5234375,99.21875,34.66796875,0.0,0.06384324056034234
NVIDIA A100 80GB PCIe,random,16,8,gray_residual,segmented,5,10,70.01953125,18.359375,11.62109375,1024.0,3.9521668588114824,2.886532636757491,9.461645908812947,11.427362772148527,6.3314102245506305,91.796875,99.90234375,41.015625,0.0,0.05383721230165717
NVIDIA A100 80GB PCIe,random,16,8,gray_residual,selective,5,10,0.0,0.0,100.0,1024.0,4.909323791319622,3.5482690071398038,11.231693841652895,13.348543432258294,8.028894795544183,86.5234375,99.21875,34.66796875,0.0,0.06384324056034234
NVIDIA A100 80GB PCIe,random,16,9,direct_clamped,global,7,10,0.0,0.0,100.0,1024.0,7.890956235803609,4.495691142354733,15.818263863408005,27.394599229193112,19.647587798989584,81.34765625,92.3828125,42.96875,0.0,0.12030636255339862
NVIDIA A100 80GB PCIe,random,16,9,direct_clamped,segmented,7,10,34.08203125,36.03515625,29.8828125,1024.0,7.335747644238118,4.191499083544725,14.413087410683136,26.756163114469576,18.817698408590946,84.08203125,92.67578125,39.6484375,0.0,0.1135610859069602
NVIDIA A100 80GB PCIe,random,16,9,direct_clamped,selective,7,10,0.0,0.0,100.0,1024.0,7.890956235803609,4.495691142354733,15.818263863408005,27.394599229193112,19.647587798989584,81.34765625,92.3828125,42.96875,0.0,0.12030636255339862
NVIDIA A100 80GB PCIe,random,16,9,gray_residual,global,7,10,0.0,0.0,100.0,1024.0,5.201179568520006,3.9884391191496795,11.191419210612436,13.620200687295133,8.753376043812326,85.7421875,99.0234375,31.54296875,0.0,0.06516312319281527
NVIDIA A100 80GB PCIe,random,16,9,gray_residual,segmented,7,10,34.08203125,36.03515625,29.8828125,1024.0,4.428773553961346,3.2948053937820747,9.302942870532272,11.976989913829136,7.488850484898799,91.11328125,99.51171875,27.24609375,0.0,0.05611706126275661
NVIDIA A100 80GB PCIe,random,16,9,gray_residual,selective,7,10,0.0,0.0,100.0,1024.0,5.201179568520006,3.9884391191496795,11.191419210612436,13.620200687295133,8.753376043812326,85.7421875,99.0234375,31.54296875,0.0,0.06516312319281527
NVIDIA A100 80GB PCIe,random,32,0,direct_clamped,global,8,10,0.0,0.0,100.0,1008.0,7.953324591158486,4.623787164462287,15.58479680439288,27.17456807658032,19.76133943967945,81.34920634920636,92.46031746031747,41.36904761904761,0.0,0.12051559064827824
NVIDIA A100 80GB PCIe,random,32,0,direct_clamped,segmented,8,10,82.44047619047619,16.26984126984127,1.2896825396825395,1008.0,7.445935548671448,4.098860202495241,14.985088281812017,26.84491613095196,19.471702503433686,83.73015873015873,92.85714285714286,40.476190476190474,0.0,0.11691523277796272
NVIDIA A100 80GB PCIe,random,32,0,direct_clamped,selective,8,10,0.0,0.0,100.0,1008.0,7.953324591158486,4.623787164462287,15.58479680439288,27.17456807658032,19.76133943967945,81.34920634920636,92.46031746031747,41.36904761904761,0.0,0.12051559064827824
NVIDIA A100 80GB PCIe,random,32,0,gray_residual,global,8,10,0.0,0.0,100.0,1008.0,4.604864645111579,3.018175608973306,11.130128405185761,13.040610509734398,7.247347997579954,86.01190476190477,99.50396825396825,44.14682539682539,0.0,0.06327287696299583
NVIDIA A100 80GB PCIe,random,32,0,gray_residual,segmented,8,10,82.44047619047619,16.26984126984127,1.2896825396825395,1008.0,3.8471778003336383,2.5031907813301784,9.360347669375956,11.720993712611698,6.7362018629172224,91.26984126984127,99.90079365079364,42.06349206349206,0.0,0.05344345306160703
NVIDIA A100 80GB PCIe,random,32,0,gray_residual,selective,8,10,0.0,0.0,100.0,1008.0,4.604864645111579,3.018175608973306,11.130128405185761,13.040610509734398,7.247347997579954,86.01190476190477,99.50396825396825,44.14682539682539,0.0,0.06327287696299583
NVIDIA A100 80GB PCIe,random,32,1,direct_clamped,global,7,10,0.0,0.0,100.0,1008.0,7.74071562964926,4.410981232865906,15.680142371814458,25.540003938135158,19.188235411690464,80.65476190476191,92.95634920634922,46.62698412698413,0.0,0.11877838949632102
NVIDIA A100 80GB PCIe,random,32,1,direct_clamped,segmented,7,10,76.88492063492063,21.924603174603174,1.1904761904761905,1008.0,7.286100121110134,3.962405347139595,13.935802379993936,25.044656465749892,18.990182044644744,83.63095238095238,93.15476190476191,45.73412698412698,0.0,0.11463078013490642
NVIDIA A100 80GB PCIe,random,32,1,direct_clamped,selective,7,10,0.0,0.0,100.0,1008.0,7.74071562964926,4.410981232865906,15.680142371814458,25.540003938135158,19.188235411690464,80.65476190476191,92.95634920634922,46.62698412698413,0.0,0.11877838949632102
NVIDIA A100 80GB PCIe,random,32,1,gray_residual,global,7,10,0.0,0.0,100.0,1008.0,4.582238387069364,2.992420395458148,11.171990543335822,12.933489528634288,6.960698566231197,86.30952380952381,99.70238095238095,46.82539682539682,0.0,0.06346715798654315
NVIDIA A100 80GB PCIe,random,32,1,gray_residual,segmented,7,10,76.88492063492063,21.924603174603174,1.1904761904761905,1008.0,3.8247916779722475,2.7618414270754226,9.097601103192535,10.765941050750401,6.404650412710021,92.85714285714286,99.90079365079364,43.75,0.0,0.052158889980116765
NVIDIA A100 80GB PCIe,random,32,1,gray_residual,selective,7,10,0.0,0.0,100.0,1008.0,4.582238387069364,2.992420395458148,11.171990543335822,12.933489528634288,6.960698566231197,86.30952380952381,99.70238095238095,46.82539682539682,0.0,0.06346715798654315
NVIDIA A100 80GB PCIe,random,32,2,direct_clamped,global,7,10,0.0,0.0,100.0,1008.0,7.826173407960559,4.414191735381731,15.591980313108747,27.034306982232156,19.626921486822887,81.0515873015873,92.55952380952381,45.13888888888889,0.0,0.11984052566987836
NVIDIA A100 80GB PCIe,random,32,2,direct_clamped,segmented,7,10,78.96825396825396,19.74206349206349,1.2896825396825395,1008.0,7.466479911111439,4.17716103099448,14.65450823301004,26.347770972649343,19.338626301533708,82.53968253968253,93.15476190476191,45.03968253968254,0.0,0.11647589474186269
NVIDIA A100 80GB PCIe,random,32,2,direct_clamped,selective,7,10,0.0,26.984126984126984,73.01587301587301,1008.0,7.710512021558963,4.368358612121677,15.483259049170243,27.034306982232156,19.64180104404167,81.74603174603175,92.55952380952381,41.76587301587302,0.0,0.11894539921799852
NVIDIA A100 80GB PCIe,random,32,2,gray_residual,global,7,10,0.0,0.0,100.0,1008.0,4.520147647476504,2.8417823625567245,11.288539120953821,13.495604243499072,6.6302435996307265,86.30952380952381,99.8015873015873,52.77777777777778,0.0,0.0644155990726852
NVIDIA A100 80GB PCIe,random,32,2,gray_residual,segmented,7,10,78.96825396825396,19.74206349206349,1.2896825396825395,1008.0,3.744850518982576,2.5369893402513886,9.0562387916309,11.068265705475303,6.032883076025131,92.46031746031747,99.90079365079364,55.05952380952381,0.0,0.05220479278017375
NVIDIA A100 80GB PCIe,random,32,2,gray_residual,selective,7,10,0.0,26.984126984126984,73.01587301587301,1008.0,4.2174550060526865,2.664122378578749,10.598043840366852,12.953390229183402,6.62048491732397,88.88888888888889,99.8015873015873,48.61111111111111,0.0,0.06006635356423247
NVIDIA A100 80GB PCIe,random,32,3,direct_clamped,global,6,10,0.0,0.0,100.0,1008.0,7.678321410725372,4.300356604418034,15.815413334796599,24.521603390656967,18.83695644278546,78.86904761904762,93.15476190476191,55.85317460317461,0.0,0.11782174011328003
NVIDIA A100 80GB PCIe,random,32,3,direct_clamped,segmented,6,10,78.76984126984127,9.424603174603174,11.805555555555555,1008.0,7.3903237821351,4.39420086266909,14.727837016368563,24.680193171347867,17.927590471106814,80.65476190476191,93.5515873015873,60.21825396825397,0.0,0.11269140155274919
NVIDIA A100 80GB PCIe,random,32,3,direct_clamped,selective,6,10,0.0,0.0,100.0,1008.0,7.678321410725372,4.300356604418034,15.815413334796599,24.521603390656967,18.83695644278546,78.86904761904762,93.15476190476191,55.85317460317461,0.0,0.11782174011328003
NVIDIA A100 80GB PCIe,random,32,3,gray_residual,global,6,10,0.0,0.0,100.0,1008.0,4.57805600501984,2.8450603833565684,11.485573450183368,13.784760415463227,6.388405745982771,85.61507936507937,99.90079365079364,59.42460317460318,0.0,0.0656204356564946
NVIDIA A100 80GB PCIe,random,32,3,gray_residual,segmented,6,10,78.76984126984127,9.424603174603174,11.805555555555555,1008.0,4.225561250235024,2.7387363441387045,10.239775561060776,13.029488387445205,6.04005570328581,89.28571428571429,99.90079365079364,62.89682539682539,0.0,0.0607071839915321
NVIDIA A100 80GB PCIe,random,32,3,gray_residual,selective,6,10,0.0,0.0,100.0,1008.0,4.57805600501984,2.8450603833565684,11.485573450183368,13.784760415463227,6.388405745982771,85.61507936507937,99.90079365079364,59.42460317460318,0.0,0.0656204356564946
NVIDIA A100 80GB PCIe,random,32,4,direct_clamped,global,8,10,0.0,0.0,100.0,1008.0,7.754517309837228,4.357726443833523,15.947730789749746,26.556471709649607,19.334862202305313,80.55555555555556,92.95634920634922,48.11507936507937,0.0,0.11923159940847033
NVIDIA A100 80GB PCIe,random,32,4,direct_clamped,segmented,8,10,79.06746031746032,9.226190476190476,11.706349206349206,1008.0,7.535041852445107,4.024378139114394,16.13290811401989,25.832936310439024,19.13116624094908,80.75396825396825,92.7579365079365,44.24603174603175,0.0,0.11716852949662289
NVIDIA A100 80GB PCIe,random,32,4,direct_clamped,selective,8,10,18.055555555555554,0.0,81.94444444444444,1008.0,7.640573231624978,4.196750260056064,15.832659694706246,26.556471709649607,19.343473788631687,81.54761904761905,92.95634920634922,45.03968253968254,0.0,0.11839167561515118
NVIDIA A100 80GB PCIe,random,32,4,gray_residual,global,8,10,0.0,0.0,100.0,1008.0,4.70155215741929,3.217966406462496,10.858178059762288,12.986413787366379,7.590932881045576,86.01190476190477,99.40476190476191,38.19444444444444,0.0,0.06301507012303335
NVIDIA A100 80GB PCIe,random,32,4,gray_residual,segmented,8,10,79.06746031746032,9.226190476190476,11.706349206349206,1008.0,3.896854038205288,2.746277555614894,9.561222404391206,11.684454133535839,6.269506916900834,91.07142857142857,99.90079365079364,45.83333333333333,0.0,0.05425751825458573
NVIDIA A100 80GB PCIe,random,32,4,gray_residual,selective,8,10,18.055555555555554,8.829365079365079,73.11507936507937,1008.0,4.543240097838439,3.2072178828001543,10.664390635682711,12.89991655363591,7.599692041488856,87.89682539682539,99.40476190476191,35.21825396825397,0.0,0.060528652390573034
NVIDIA A100 80GB PCIe,random,32,5,direct_clamped,global,8,10,0.0,0.0,100.0,1008.0,7.603903506154074,4.359394018365196,15.551395331197533,25.15470838670502,18.777600114313195,80.45634920634922,93.15476190476191,49.107142857142854,0.0,0.11629092586078354
NVIDIA A100 80GB PCIe,random,32,5,direct_clamped,segmented,8,10,79.16666666666666,19.543650793650794,1.2896825396825395,1008.0,7.231622191680573,3.984416289871473,14.906889181204924,25.10502138354385,18.735351094501986,81.94444444444444,93.15476190476191,47.519841269841265,0.0,0.11327051940623936
NVIDIA A100 80GB PCIe,random,32,5,direct_clamped,selective,8,10,0.0,0.0,100.0,1008.0,7.603903506154074,4.359394018365196,15.551395331197533,25.15470838670502,18.777600114313195,80.45634920634922,93.15476190476191,49.107142857142854,0.0,0.11629092586078354
NVIDIA A100 80GB PCIe,random,32,5,gray_residual,global,8,10,0.0,0.0,100.0,1008.0,4.696836725723063,3.013828910336577,11.576149727820232,13.993546964250617,5.981606473852217,86.11111111111111,99.90079365079364,68.15476190476191,0.0,0.06709902079626043
NVIDIA A100 80GB PCIe,random,32,5,gray_residual,segmented,8,10,79.16666666666666,19.543650793650794,1.2896825396825395,1008.0,4.018556598994046,2.8825352170047576,9.46677748066763,11.945307346419447,5.871851619937603,91.86507936507937,99.90079365079364,64.98015873015873,0.0,0.05598001204485559
NVIDIA A100 80GB PCIe,random,32,5,gray_residual,selective,8,10,0.0,0.0,100.0,1008.0,4.696836725723063,3.013828910336577,11.576149727820232,13.993546964250617,5.981606473852217,86.11111111111111,99.90079365079364,68.15476190476191,0.0,0.06709902079626043
NVIDIA A100 80GB PCIe,random,32,6,direct_clamped,global,8,10,0.0,0.0,100.0,1008.0,8.073356556057574,4.827143118951376,16.101585245054096,27.491334215995618,20.182887049458635,80.35714285714286,92.1626984126984,39.285714285714285,0.0,0.1213727737012049
NVIDIA A100 80GB PCIe,random,32,6,direct_clamped,segmented,8,10,81.0515873015873,17.658730158730158,1.2896825396825395,1008.0,7.364921512411248,4.560550439530507,14.536810085918914,25.98910575369218,18.568650190132985,83.43253968253968,93.25396825396825,44.44444444444444,0.0,0.11162585168561104
NVIDIA A100 80GB PCIe,random,32,6,direct_clamped,selective,8,10,27.48015873015873,5.357142857142857,67.1626984126984,1008.0,7.669200375410572,4.454497826899163,15.581988015757725,26.728170056984037,19.249883797761814,81.15079365079364,92.55952380952381,44.642857142857146,0.0,0.11642908470508198
NVIDIA A100 80GB PCIe,random,32,6,gray_residual,global,8,10,0.0,0.0,100.0,1008.0,4.523656903354105,2.9007569657505785,11.27203086505476,13.17320907751839,6.860976025581351,86.30952380952381,99.70238095238095,49.2063492063492,0.0,0.06365619067883267
NVIDIA A100 80GB PCIe,random,32,6,gray_residual,segmented,8,10,81.0515873015873,17.658730158730158,1.2896825396825395,1008.0,3.688734292284777,2.712151218714803,8.473104685721376,10.41197370403623,5.689762725439933,94.14682539682539,100.0,59.72222222222222,0.0,0.049721081031715166
NVIDIA A100 80GB PCIe,random,32,6,gray_residual,selective,8,10,0.0,0.0,100.0,1008.0,4.523656903354105,2.9007569657505785,11.27203086505476,13.17320907751839,6.860976025581351,86.30952380952381,99.70238095238095,49.2063492063492,0.0,0.06365619067883267
NVIDIA A100 80GB PCIe,random,32,7,direct_clamped,global,7,10,0.0,0.0,100.0,1008.0,7.943833718356747,4.520597591464904,16.29279405526823,27.59031761931661,19.80377612039817,81.25,92.26190476190477,42.9563492063492,0.0,0.12097551993685182
NVIDIA A100 80GB PCIe,random,32,7,direct_clamped,segmented,7,10,85.9126984126984,12.797619047619047,1.2896825396825395,1008.0,7.263682037326264,3.9090781543006754,14.271191418002834,27.230625240510957,19.141506982667668,83.63095238095238,92.85714285714286,44.047619047619044,0.0,0.11448818355655628
NVIDIA A100 80GB PCIe,random,32,7,direct_clamped,selective,7,10,0.0,0.0,100.0,1008.0,7.943833718356747,4.520597591464904,16.29279405526823,27.59031761931661,19.80377612039817,81.25,92.26190476190477,42.9563492063492,0.0,0.12097551993685182
NVIDIA A100 80GB PCIe,random,32,7,gray_residual,global,7,10,0.0,0.0,100.0,1008.0,4.580625600301315,2.991914897319437,11.177269807710305,13.035471949556271,7.150067708874815,86.21031746031747,99.60317460317461,45.13888888888889,0.0,0.06329735081794004
NVIDIA A100 80GB PCIe,random,32,7,gray_residual,segmented,7,10,85.9126984126984,12.797619047619047,1.2896825396825395,1008.0,3.657735477515103,2.5695916782868182,8.746865479121206,10.51470496349203,6.251948441719336,93.75,99.90079365079364,48.01587301587302,0.0,0.05041547028381867
NVIDIA A100 80GB PCIe,random,32,7,gray_residual,selective,7,10,0.0,0.0,100.0,1008.0,4.580625600301315,2.991914897319437,11.177269807710305,13.035471949556271,7.150067708874815,86.21031746031747,99.60317460317461,45.13888888888889,0.0,0.06329735081794004
NVIDIA A100 80GB PCIe,random,32,8,direct_clamped,global,6,10,0.0,0.0,100.0,1008.0,8.417149587587074,5.006813972289072,16.085928496793187,27.861589158678676,20.5709557756478,80.15873015873017,91.66666666666666,34.82142857142857,0.0,0.12477707272257546
NVIDIA A100 80GB PCIe,random,32,8,direct_clamped,segmented,6,10,78.86904761904762,9.424603174603174,11.706349206349206,1008.0,8.025979114861086,4.477555005321278,15.93284537375638,27.75575637598762,20.520841770834238,80.95238095238095,91.86507936507937,39.58333333333333,0.0,0.12314362096096504
NVIDIA A100 80GB PCIe,random,32,8,direct_clamped,selective,6,10,0.0,0.0,100.0,1008.0,8.417149587587074,5.006813972289072,16.085928496793187,27.861589158678676,20.5709557756478,80.15873015873017,91.66666666666666,34.82142857142857,0.0,0.12477707272257546
NVIDIA A100 80GB PCIe,random,32,8,gray_residual,global,6,10,0.0,0.0,100.0,1008.0,4.594174170708337,2.939025663366679,11.26829727305422,13.178474072046534,7.093220089626284,86.01190476190477,99.60317460317461,45.535714285714285,0.0,0.06366047053621708
NVIDIA A100 80GB PCIe,random,32,8,gray_residual,segmented,6,10,78.86904761904762,9.424603174603174,11.706349206349206,1008.0,4.150921838568443,2.670728545712314,10.370752231239553,12.534649620155433,6.725329183645499,89.28571428571429,99.8015873015873,47.22222222222222,0.0,0.05831485633094673
NVIDIA A100 80GB PCIe,random,32,8,gray_residual,selective,6,10,0.0,0.0,100.0,1008.0,4.594174170708337,2.939025663366679,11.26829727305422,13.178474072046534,7.093220089626284,86.01190476190477,99.60317460317461,45.535714285714285,0.0,0.06366047053621708
NVIDIA A100 80GB PCIe,random,32,9,direct_clamped,global,6,10,0.0,0.0,100.0,1008.0,7.7498045277354,4.336247584715965,15.926951308339689,27.175124646592508,19.265403544365114,79.46428571428571,92.85714285714286,51.98412698412699,0.0,0.11920234426518488
NVIDIA A100 80GB PCIe,random,32,9,direct_clamped,segmented,6,10,69.94047619047619,18.3531746031746,11.706349206349206,1008.0,7.470120462908785,4.379468666143522,15.418902038933407,25.712052468007965,18.379328638883898,81.84523809523809,92.85714285714286,49.90079365079365,0.0,0.11359499435384555
NVIDIA A100 80GB PCIe,random,32,9,direct_clamped,selective,6,10,18.055555555555554,0.0,81.94444444444444,1008.0,7.625893888767914,4.077804841102462,16.1091073186276,27.175124646592508,19.271263408540293,80.2579365079365,92.85714285714286,49.801587301587304,0.0,0.11827539167731009
NVIDIA A100 80GB PCIe,random,32,9,gray_residual,global,6,10,0.0,0.0,100.0,1008.0,4.534931612359476,2.93403080231605,11.224570136409938,13.240424453224545,6.733758159774593,86.40873015873017,99.8015873015873,49.702380952380956,0.0,0.06386856762561029
NVIDIA A100 80GB PCIe,random,32,9,gray_residual,segmented,6,10,69.94047619047619,18.3531746031746,11.706349206349206,1008.0,3.9950655114956386,2.7386695183688934,9.741246742748007,12.321916041971173,6.098979979736389,90.47619047619048,99.90079365079364,52.67857142857143,0.0,0.05676516570183529
NVIDIA A100 80GB PCIe,random,32,9,gray_residual,selective,6,10,0.0,0.0,100.0,1008.0,4.534931612359476,2.93403080231605,11.224570136409938,13.240424453224545,6.733758159774593,86.40873015873017,99.8015873015873,49.702380952380956,0.0,0.06386856762561029
NVIDIA A100 80GB PCIe,random,64,0,direct_clamped,global,8,10,0.0,0.0,100.0,976.0,7.5795751240302724,4.239012958865381,15.336867230054828,24.264152908090495,18.64895071411005,79.91803278688525,93.23770491803278,54.61065573770492,0.0,0.11679093999035603
NVIDIA A100 80GB PCIe,random,64,0,direct_clamped,segmented,8,10,91.18852459016394,7.581967213114754,1.2295081967213115,976.0,6.828166552563599,3.807606563205658,14.461035644631004,22.794640344768222,17.550502555825396,83.9139344262295,93.54508196721312,48.66803278688525,0.0,0.10747782166768513
NVIDIA A100 80GB PCIe,random,64,0,direct_clamped,selective,8,10,18.0327868852459,8.913934426229508,73.05327868852459,976.0,7.3639025489499925,4.0899269337133575,15.45668392695405,24.264152908090495,18.66889573910939,81.9672131147541,93.23770491803278,48.15573770491803,0.0,0.11495971042948935
NVIDIA A100 80GB PCIe,random,64,0,gray_residual,global,8,10,0.0,0.0,100.0,976.0,4.528409879992866,2.7410710507505613,11.45922600521465,13.745652198929001,6.345776985792677,86.0655737704918,99.79508196721312,59.11885245901639,0.0,0.06500417175043002
NVIDIA A100 80GB PCIe,random,64,0,gray_residual,segmented,8,10,91.18852459016394,7.581967213114754,1.2295081967213115,976.0,3.643223056754384,2.381749456586083,8.109998206286168,10.084100378656995,5.980033704940458,94.67213114754098,99.89754098360656,53.995901639344254,0.0,0.05007421545668652
NVIDIA A100 80GB PCIe,random,64,0,gray_residual,selective,8,10,18.0327868852459,8.913934426229508,73.05327868852459,976.0,4.129799490840711,2.599164695310815,10.087224117115252,12.61988662435238,6.338513935697721,89.44672131147541,99.79508196721312,53.17622950819673,0.0,0.05902586950489515
NVIDIA A100 80GB PCIe,random,64,1,direct_clamped,global,8,10,0.0,0.0,100.0,976.0,7.654694559061122,4.405815542032541,15.551863968601129,24.135455524615015,18.789756608488307,80.73770491803278,93.34016393442623,48.97540983606557,0.0,0.11724231065006648
NVIDIA A100 80GB PCIe,random,64,1,direct_clamped,segmented,8,10,95.28688524590164,3.3811475409836067,1.331967213114754,976.0,6.956134942845365,3.9985643598067035,14.244803351083108,22.716011912595924,17.745481023641386,83.70901639344262,93.54508196721312,50.614754098360656,0.0,0.10896411471730423
NVIDIA A100 80GB PCIe,random,64,1,direct_clamped,selective,8,10,0.0,0.0,100.0,976.0,7.654694559061122,4.405815542032541,15.551863968601129,24.135455524615015,18.789756608488307,80.73770491803278,93.34016393442623,48.97540983606557,0.0,0.11724231065006648
NVIDIA A100 80GB PCIe,random,64,1,gray_residual,global,8,10,0.0,0.0,100.0,976.0,4.5932262223661855,2.9688036615391207,11.184210517953975,12.913229088408482,7.253940645381871,86.27049180327869,99.59016393442623,45.59426229508197,0.0,0.06349641268814378
NVIDIA A100 80GB PCIe,random,64,1,gray_residual,segmented,8,10,95.28688524590164,3.3811475409836067,1.331967213114754,976.0,3.7192640363174636,2.3368007297487488,9.081835361630642,11.566674473831952,6.374150672360349,91.90573770491804,99.89754098360656,50.51229508196722,0.0,0.05193819312719551
NVIDIA A100 80GB PCIe,random,64,1,gray_residual,selective,8,10,18.545081967213115,10.040983606557377,71.4139344262295,976.0,4.251250192034937,2.7966867389077903,10.069021474067137,12.38341769095095,7.2521265125721435,89.75409836065575,99.59016393442623,42.11065573770492,0.0,0.058340768238080494
NVIDIA A100 80GB PCIe,random,64,2,direct_clamped,global,9,10,0.0,0.0,100.0,976.0,7.681421329698923,4.38767599314721,14.937540837171278,25.648178070986823,19.140584072284884,81.14754098360656,93.0327868852459,47.13114754098361,0.0,0.11820853607996135
NVIDIA A100 80GB PCIe,random,64,2,direct_clamped,segmented,9,10,93.23770491803278,5.532786885245901,1.2295081967213115,976.0,6.901790151715776,3.953680553181088,13.175868639823218,25.07604900715308,17.787693803419543,84.73360655737704,93.95491803278688,59.528688524590166,0.0,0.10831783384614826
NVIDIA A100 80GB PCIe,random,64,2,direct_clamped,selective,9,10,0.0,9.938524590163935,90.06147540983606,976.0,7.448084065541178,4.114181515712223,13.815369655725636,25.648178070986823,19.142091805055898,83.19672131147541,93.13524590163934,44.87704918032787,0.0,0.11606612510413032
NVIDIA A100 80GB PCIe,random,64,2,gray_residual,global,9,10,0.0,0.0,100.0,976.0,4.510792930219097,2.9525719797044734,11.082189795683178,12.980844751470253,6.797418347926019,86.7827868852459,99.69262295081968,48.15573770491803,0.0,0.06307560439859908
NVIDIA A100 80GB PCIe,random,64,2,gray_residual,segmented,9,10,93.23770491803278,5.532786885245901,1.2295081967213115,976.0,3.575022959799003,2.6272242864484787,8.095474970341712,9.646432562898818,5.717814558439041,95.79918032786885,100.0,54.50819672131148,0.0,0.047814442018416656
NVIDIA A100 80GB PCIe,random,64,2,gray_residual,selective,9,10,0.0,37.5,62.5,976.0,3.9898477984422698,2.6681226535352467,9.494115585298175,11.504329094076095,6.788291014272854,91.90573770491804,99.69262295081968,42.72540983606557,0.0,0.05455884855310027
NVIDIA A100 80GB PCIe,random,64,3,direct_clamped,global,8,10,0.0,0.0,100.0,976.0,7.711303816489208,4.313947788344521,16.041814095273647,25.017489594261683,19.117215297955372,79.40573770491804,92.93032786885246,54.61065573770492,0.0,0.11870699163374729
NVIDIA A100 80GB PCIe,random,64,3,direct_clamped,segmented,8,10,94.56967213114754,4.200819672131147,1.2295081967213115,976.0,6.973880456472882,3.8620963855992243,14.53907043524157,22.76414886771783,17.99632709389116,83.29918032786885,93.64754098360656,57.786885245901644,0.0,0.10982921510086871
NVIDIA A100 80GB PCIe,random,64,3,direct_clamped,selective,8,10,0.0,0.0,100.0,976.0,7.711303816489208,4.313947788344521,16.041814095273647,25.017489594261683,19.117215297955372,79.40573770491804,92.93032786885246,54.61065573770492,0.0,0.11870699163374729
NVIDIA A100 80GB PCIe,random,64,3,gray_residual,global,8,10,0.0,0.0,100.0,976.0,4.657645681190839,3.0324270589625097,11.255930251008463,13.348671053988031,7.1496879312870565,85.65573770491804,99.59016393442623,44.26229508196721,0.0,0.06410288684730997
NVIDIA A100 80GB PCIe,random,64,3,gray_residual,segmented,8,10,94.56967213114754,4.200819672131147,1.2295081967213115,976.0,3.9129994674318103,2.5903667189176423,9.728219898696786,11.928698748849659,6.332857431733283,90.26639344262296,99.89754098360656,50.81967213114754,0.0,0.055194025212138086
NVIDIA A100 80GB PCIe,random,64,3,gray_residual,selective,8,10,0.0,0.0,100.0,976.0,4.657645681190839,3.0324270589625097,11.255930251008463,13.348671053988031,7.1496879312870565,85.65573770491804,99.59016393442623,44.26229508196721,0.0,0.06410288684730997
NVIDIA A100 80GB PCIe,random,64,4,direct_clamped,global,8,10,0.0,0.0,100.0,976.0,7.72975232091014,4.304947091582621,15.939357416222428,26.748229834762245,19.036090588577686,79.30327868852459,92.82786885245902,52.56147540983606,0.0,0.11877672020771647
NVIDIA A100 80GB PCIe,random,64,4,direct_clamped,segmented,8,10,98.66803278688525,0.0,1.331967213114754,976.0,6.83861748887284,3.8437852778838475,14.6592473038926,22.701409232711192,17.33204215697403,83.40163934426229,93.75,53.68852459016394,0.0,0.10725514547867783
NVIDIA A100 80GB PCIe,random,64,4,direct_clamped,selective,8,10,0.0,33.709016393442624,66.29098360655738,976.0,7.537852009753097,4.336753800663139,15.122085899117492,25.55869511353181,18.262565229820655,80.43032786885246,93.23770491803278,57.88934426229508,0.0,0.1150549314641371
NVIDIA A100 80GB PCIe,random,64,4,gray_residual,global,8,10,0.0,0.0,100.0,976.0,4.667883713039918,3.1521620082181276,10.919019900553511,13.160277900479144,7.370460843292998,85.96311475409836,99.38524590163934,41.290983606557376,0.0,0.06329171794397706
NVIDIA A100 80GB PCIe,random,64,4,gray_residual,segmented,8,10,98.66803278688525,0.0,1.331967213114754,976.0,3.70236891472471,2.6262874590644163,8.38746281397854,10.356141217070691,6.346758070334596,94.4672131147541,99.89754098360656,43.954918032786885,0.0,0.05054634884864089
NVIDIA A100 80GB PCIe,random,64,4,gray_residual,selective,8,10,18.135245901639344,0.0,81.86475409836066,976.0,4.510904534900445,3.051183190234121,10.616438356216,12.75746861229846,7.3741896043138135,87.5,99.38524590163934,38.72950819672131,0.0,0.06120111557284734
NVIDIA A100 80GB PCIe,random,64,5,direct_clamped,global,8,10,0.0,0.0,100.0,976.0,7.9461328521231085,4.570665909708998,16.043213734941226,26.938774602395384,19.555890491926377,80.73770491803278,92.41803278688525,42.3155737704918,0.0,0.12017543150702338
NVIDIA A100 80GB PCIe,random,64,5,direct_clamped,segmented,8,10,89.65163934426229,9.01639344262295,1.331967213114754,976.0,7.3369687459988,3.9966303247860893,15.212324251756216,25.289275416921157,18.805497257475327,82.27459016393442,92.93032786885246,42.11065573770492,0.0,0.11424484454716864
NVIDIA A100 80GB PCIe,random,64,5,direct_clamped,selective,8,10,18.135245901639344,0.0,81.86475409836066,976.0,7.888582122297765,4.4827356651220995,16.126261235426924,26.938774602395384,19.56661757727373,81.45491803278688,92.3155737704918,39.65163934426229,0.0,0.11971794482541291
NVIDIA A100 80GB PCIe,random,64,5,gray_residual,global,8,10,0.0,0.0,100.0,976.0,4.611459419527932,2.992101841639917,11.15046955824987,13.136561272303728,7.190545160467482,85.65573770491804,99.59016393442623,43.34016393442623,0.0,0.0632920430576269
NVIDIA A100 80GB PCIe,random,64,5,gray_residual,segmented,8,10,89.65163934426229,9.01639344262295,1.331967213114754,976.0,3.7884598529997993,2.5387237676768404,8.9281073166057,11.112657677797774,6.413873127682154,92.41803278688525,99.89754098360656,43.545081967213115,0.0,0.05217261015693197
NVIDIA A100 80GB PCIe,random,64,5,gray_residual,selective,8,10,18.135245901639344,8.401639344262295,73.46311475409836,976.0,4.4020216243020105,2.967466197791202,10.458502040266552,12.554695400326894,7.205676991741364,88.2172131147541,99.59016393442623,38.31967213114754,0.0,0.05981652346963731
NVIDIA A100 80GB PCIe,random,64,6,direct_clamped,global,8,10,0.0,0.0,100.0,976.0,7.749888155347207,4.3645082931253105,15.723235074891559,27.547622358393085,19.157933655357407,79.61065573770492,93.0327868852459,51.84426229508197,0.0,0.11947056597245383
NVIDIA A100 80GB PCIe,random,64,6,direct_clamped,segmented,8,10,89.13934426229508,9.528688524590164,1.331967213114754,976.0,7.204760417282882,4.167924136086145,13.46773642227286,25.836921302340663,18.525888681395475,83.29918032786885,93.75,56.35245901639344,0.0,0.1125772056855083
NVIDIA A100 80GB PCIe,random,64,6,direct_clamped,selective,8,10,0.0,10.040983606557377,89.95901639344262,976.0,7.5878835495193195,4.225166340573616,15.198351243363586,27.547622358393085,19.156835902849974,81.14754098360656,93.0327868852459,51.02459016393443,0.0,0.11789222811504894
NVIDIA A100 80GB PCIe,random,64,6,gray_residual,global,8,10,0.0,0.0,100.0,976.0,4.524967321511805,2.9727343010963256,11.204504014763321,13.216754888504438,6.83362408885992,86.47540983606558,99.69262295081968,49.2827868852459,0.0,0.06364089661294328
NVIDIA A100 80GB PCIe,random,64,6,gray_residual,segmented,8,10,89.13934426229508,9.528688524590164,1.331967213114754,976.0,3.883325996491737,2.7636385603409526,8.872486334059147,10.706235433062929,6.320160835721412,93.34016393442623,99.89754098360656,53.995901639344254,0.0,0.05251893902100283
NVIDIA A100 80GB PCIe,random,64,6,gray_residual,selective,8,10,0.0,10.040983606557377,89.95901639344262,976.0,4.323935611831302,2.842999776931099,10.693747932097688,12.356060076379174,6.829526492435388,88.2172131147541,99.69262295081968,48.15573770491803,0.0,0.06020070951002694
NVIDIA A100 80GB PCIe,random,64,7,direct_clamped,global,9,10,0.0,0.0,100.0,976.0,7.674966569033702,4.3950406155751764,15.669926454325017,26.928578022979014,19.152494265092418,80.32786885245902,93.13524590163934,50.307377049180324,0.0,0.11795151579717938
NVIDIA A100 80GB PCIe,random,64,7,direct_clamped,segmented,9,10,89.13934426229508,9.631147540983607,1.2295081967213115,976.0,6.953184701311501,4.079940724109559,13.169836645371273,24.65688798038883,17.877663105352926,84.1188524590164,93.95491803278688,58.91393442622951,0.0,0.10790887244603392
NVIDIA A100 80GB PCIe,random,64,7,direct_clamped,selective,9,10,0.0,9.938524590163935,90.06147540983606,976.0,7.461794490767857,4.271776824068276,14.568408847977919,26.928578022979014,19.150608305653876,82.17213114754098,93.23770491803278,48.77049180327869,0.0,0.11588455744156603
NVIDIA A100 80GB PCIe,random,64,7,gray_residual,global,9,10,0.0,0.0,100.0,976.0,4.544805831381937,2.936203687144497,11.183498070970916,13.506232307269483,6.493971671414052,86.27049180327869,99.79508196721312,55.122950819672134,0.0,0.06462133426680529
NVIDIA A100 80GB PCIe,random,64,7,gray_residual,segmented,9,10,89.13934426229508,9.631147540983607,1.2295081967213115,976.0,3.935859991220865,2.6665787215557155,9.594040158547767,11.195754550026589,5.995157422918794,91.29098360655738,99.89754098360656,57.684426229508205,0.0,0.05465970203384871
NVIDIA A100 80GB PCIe,random,64,7,gray_residual,selective,9,10,0.0,9.938524590163935,90.06147540983606,976.0,4.2737469771833805,2.700621437117378,10.554723925223527,12.225855626806855,6.487855691655309,88.42213114754098,99.79508196721312,53.58606557377049,0.0,0.06000448627657077
NVIDIA A100 80GB PCIe,random,64,8,direct_clamped,global,9,10,0.0,0.0,100.0,976.0,7.600730429236292,4.310641380368724,15.49324819994197,23.99128762646526,18.31866114075547,79.30327868852459,93.34016393442623,55.942622950819676,0.0,0.11641687920091755
NVIDIA A100 80GB PCIe,random,64,8,direct_clamped,segmented,9,10,91.29098360655738,7.479508196721311,1.2295081967213115,976.0,6.77726296425195,4.020415902315376,13.972605702071796,21.928006473800746,16.70273966139903,83.9139344262295,94.36475409836066,57.786885245901644,0.0,0.10446773158063492
NVIDIA A100 80GB PCIe,random,64,8,direct_clamped,selective,9,10,18.647540983606557,9.01639344262295,72.3360655737705,976.0,7.389390852844594,4.120436530605202,15.25384272240002,23.99128762646526,18.32268620271548,80.94262295081968,93.34016393442623,52.86885245901639,0.0,0.11474648974172982
NVIDIA A100 80GB PCIe,random,64,8,gray_residual,global,9,10,0.0,0.0,100.0,976.0,4.560604184687451,2.935860375485354,11.21796670910261,12.930032290588846,6.955330467393433,86.47540983606558,99.69262295081968,46.61885245901639,0.0,0.06334809571315705
NVIDIA A100 80GB PCIe,random,64,8,gray_residual,segmented,9,10,91.29098360655738,7.479508196721311,1.2295081967213115,976.0,3.8206102544421126,2.9288298918512723,8.598649996894224,10.567927126921187,5.513069067979298,93.23770491803278,100.0,56.557377049180324,0.0,0.05060665254403472
NVIDIA A100 80GB PCIe,random,64,8,gray_residual,selective,9,10,18.647540983606557,9.01639344262295,72.3360655737705,976.0,4.356543955871051,2.927498511331124,10.489524550663425,12.76048569411876,6.953449450908286,88.52459016393442,99.69262295081968,42.82786885245902,0.0,0.060216620082560186
NVIDIA A100 80GB PCIe,random,64,9,direct_clamped,global,9,10,0.0,0.0,100.0,976.0,7.717929175993931,4.354672668287968,15.680435962340095,24.938893989075808,19.19039334317789,79.91803278688525,93.13524590163934,49.18032786885246,0.0,0.11877749690292051
NVIDIA A100 80GB PCIe,random,64,9,direct_clamped,segmented,9,10,87.5,11.270491803278688,1.2295081967213115,976.0,7.097574718603096,4.087383788557151,14.154189871049384,24.571170000821763,18.268346222924446,83.60655737704919,93.75,51.127049180327866,0.0,0.11125901423096113
NVIDIA A100 80GB PCIe,random,64,9,direct_clamped,selective,9,10,0.0,0.0,100.0,976.0,7.717929175993931,4.354672668287968,15.680435962340095,24.938893989075808,19.19039334317789,79.91803278688525,93.13524590163934,49.18032786885246,0.0,0.11877749690292051
NVIDIA A100 80GB PCIe,random,64,9,gray_residual,global,9,10,0.0,0.0,100.0,976.0,4.583893991275979,2.8268939504403825,11.530486743718615,13.860677961731525,6.263608070174303,85.75819672131148,99.89754098360656,60.55327868852459,0.0,0.06595528647682738
NVIDIA A100 80GB PCIe,random,64,9,gray_residual,segmented,9,10,87.5,11.270491803278688,1.2295081967213115,976.0,3.8829322108205546,2.8213780841848295,9.190591657360564,11.462575660969112,5.681527807696241,92.21311475409836,100.0,60.040983606557376,0.0,0.05378162061131601
NVIDIA A100 80GB PCIe,random,64,9,gray_residual,selective,9,10,0.0,0.0,100.0,976.0,4.583893991275979,2.8268939504403825,11.530486743718615,13.860677961731525,6.263608070174303,85.75819672131148,99.89754098360656,60.55327868852459,0.0,0.06595528647682738
NVIDIA A100 80GB PCIe,random,128,0,direct_clamped,global,9,10,0.0,0.0,100.0,912.0,8.030070143785128,4.708435464692835,16.244302085999497,27.568969988854843,19.843160069145817,80.26315789473685,92.32456140350878,38.48684210526316,0.0,0.1206604578469497
NVIDIA A100 80GB PCIe,random,128,0,direct_clamped,segmented,9,10,99.78070175438597,0.21929824561403508,0.0,912.0,6.989280517884231,3.8107776127874002,14.889997733608697,24.09174774421657,18.020280738572716,82.56578947368422,92.87280701754386,42.872807017543856,0.0,0.10901706162200263
NVIDIA A100 80GB PCIe,random,128,0,direct_clamped,selective,9,10,6.907894736842106,3.508771929824561,89.58333333333334,912.0,7.889959716162952,4.55359386919612,15.286689809194344,27.568969988854843,19.846369258227362,81.68859649122807,92.32456140350878,36.622807017543856,0.0,0.11930728803950905
NVIDIA A100 80GB PCIe,random,128,0,gray_residual,global,9,10,0.0,0.0,100.0,912.0,4.729442692040591,3.280770075099285,10.921636345832516,13.011219941180928,7.844919223350819,86.18421052631578,99.3421052631579,36.51315789473684,0.0,0.06307540479480211
NVIDIA A100 80GB PCIe,random,128,0,gray_residual,segmented,9,10,99.78070175438597,0.21929824561403508,0.0,912.0,3.6884103545495415,2.5637935506053076,8.595523915483628,10.957181478672036,6.556540455418178,93.31140350877193,99.89035087719299,42.54385964912281,0.0,0.050381564659441436
NVIDIA A100 80GB PCIe,random,128,0,gray_residual,selective,9,10,24.232456140350877,3.508771929824561,72.25877192982456,912.0,4.381057372772927,3.113611043433826,10.107637290204744,12.34016849112445,7.855190178274854,89.58333333333334,99.3421052631579,31.25,0.0,0.05774080307533496
NVIDIA A100 80GB PCIe,random,128,1,direct_clamped,global,10,10,0.0,0.0,100.0,912.0,7.528139152361104,4.326679146854132,15.514574171508826,23.90933784951847,17.962238222483542,80.04385964912281,93.53070175438597,50.76754385964912,0.0,0.11572784333929945
NVIDIA A100 80GB PCIe,random,128,1,direct_clamped,segmented,10,10,98.90350877192982,1.0964912280701753,0.0,912.0,6.571061033290715,3.729396493202354,13.371732294586353,21.381106185058826,16.30899005790161,83.66228070175438,94.07894736842105,55.04385964912281,0.0,0.10384716514559007
NVIDIA A100 80GB PCIe,random,128,1,direct_clamped,selective,10,10,7.017543859649122,3.508771929824561,89.47368421052632,912.0,7.340695442835061,4.198355215555461,14.306062284407943,23.90933784951847,17.95953601114383,81.7982456140351,93.64035087719299,49.56140350877193,0.0,0.11383590487137518
NVIDIA A100 80GB PCIe,random,128,1,gray_residual,global,10,10,0.0,0.0,100.0,912.0,4.543733120810561,2.96637896133897,11.162083299690108,13.019560614763353,6.833405337368051,86.73245614035088,99.78070175438597,47.91666666666667,0.0,0.06350318737675775
NVIDIA A100 80GB PCIe,random,128,1,gray_residual,segmented,10,10,98.90350877192982,1.0964912280701753,0.0,912.0,3.5866089944401027,2.4214060257222307,8.436273071781814,10.239673283564162,5.860789647924265,94.62719298245614,100.0,52.960526315789465,0.0,0.04907206127283841
NVIDIA A100 80GB PCIe,random,128,1,gray_residual,selective,10,10,25.0,3.508771929824561,71.49122807017544,912.0,4.045196747422943,2.5915667818974253,9.737324106411952,11.849867038106469,6.831339480097087,91.00877192982456,99.78070175438597,43.09210526315789,0.0,0.056017931696435895
NVIDIA A100 80GB PCIe,random,128,2,direct_clamped,global,9,10,0.0,0.0,100.0,912.0,7.579644225792734,4.26622362861235,15.274760926756574,24.27656419759903,18.558884123052323,79.71491228070175,93.0921052631579,54.93421052631579,0.0,0.11676046250978184
NVIDIA A100 80GB PCIe,random,128,2,direct_clamped,segmented,9,10,98.79385964912281,0.0,1.2061403508771928,912.0,6.6185625642947485,3.705041969807076,13.58737562498246,22.44221403113963,17.022405371938653,84.97807017543859,93.75,51.864035087719294,0.0,0.1053223420658953
NVIDIA A100 80GB PCIe,random,128,2,direct_clamped,selective,9,10,25.548245614035086,3.179824561403509,71.27192982456141,912.0,7.172802482409002,3.946108305826586,13.845070303376824,24.27656419759903,18.563489544587547,83.1140350877193,93.2017543859649,50.0,0.0,0.11320664632648053
NVIDIA A100 80GB PCIe,random,128,2,gray_residual,global,9,10,0.0,0.0,100.0,912.0,4.527453523645039,2.9460629714716586,11.356300984123745,13.471853498644707,6.559339092720257,86.51315789473685,99.78070175438597,53.50877192982456,0.0,0.0644667922927165
NVIDIA A100 80GB PCIe,random,128,2,gray_residual,segmented,9,10,98.79385964912281,0.0,1.2061403508771928,912.0,3.5676630681354733,2.570920267836227,8.069649348406974,9.726852701649076,5.777752090683115,95.72368421052632,100.0,53.289473684210535,0.0,0.04841731379722299
NVIDIA A100 80GB PCIe,random,128,2,gray_residual,selective,9,10,21.052631578947366,21.820175438596493,57.127192982456144,912.0,3.8423319804948863,2.6027579246669093,8.955460603550199,11.195362648697172,6.4674838485215265,92.54385964912281,99.78070175438597,46.60087719298245,0.0,0.05325560844219564
NVIDIA A100 80GB PCIe,random,128,3,direct_clamped,global,8,10,0.0,0.0,100.0,912.0,7.683089121676668,4.4515412920554915,15.429204324078782,25.158668895294234,18.940751696051393,78.0701754385965,93.42105263157895,58.00438596491229,0.0,0.11731287310015259
NVIDIA A100 80GB PCIe,random,128,3,direct_clamped,segmented,8,10,98.57456140350878,0.0,1.425438596491228,912.0,6.70948288372817,4.033939887944322,13.717128583698488,22.770358876408473,17.43483932715178,84.53947368421053,93.53070175438597,57.78508771929825,0.0,0.10472093001979448
NVIDIA A100 80GB PCIe,random,128,3,direct_clamped,selective,8,10,18.859649122807017,19.407894736842106,61.73245614035088,912.0,7.1322311127203095,3.969502780991519,14.305262321537185,25.158668895294234,18.94685425181448,82.67543859649122,93.53070175438597,51.425438596491226,0.0,0.11233146333982519
NVIDIA A100 80GB PCIe,random,128,3,gray_residual,global,8,10,0.0,0.0,100.0,912.0,4.670975873636652,2.976356892923042,11.4958591590885,13.854216207385365,6.121570334383122,85.96491228070175,99.89035087719299,66.00877192982456,0.0,0.06661341574411139
NVIDIA A100 80GB PCIe,random,128,3,gray_residual,segmented,8,10,98.57456140350878,0.0,1.425438596491228,912.0,3.707925373897231,2.4963698662622313,8.36106587522325,10.424131641934286,5.813686617485713,93.96929824561403,100.0,57.78508771929825,0.0,0.05119078501623561
NVIDIA A100 80GB PCIe,random,128,3,gray_residual,selective,8,10,18.859649122807017,19.407894736842106,61.73245614035088,912.0,3.7995351411013822,2.5504937543387936,9.080168159081715,11.050095141565587,6.092732399384623,92.43421052631578,99.89035087719299,57.23684210526315,0.0,0.05284449312260821
NVIDIA A100 80GB PCIe,random,128,4,direct_clamped,global,9,10,0.0,0.0,100.0,912.0,7.577825626564649,4.379427481489616,15.437345054617158,24.32297519563436,18.22003998944093,79.93421052631578,93.31140350877193,53.39912280701754,0.0,0.11613174290496614
NVIDIA A100 80GB PCIe,random,128,4,direct_clamped,segmented,9,10,94.4078947368421,4.276315789473684,1.3157894736842104,912.0,6.642443363753556,3.785109977991773,14.326308437251567,22.273406699605516,16.667528255407277,84.10087719298247,93.96929824561403,53.39912280701754,0.0,0.10499127817483335
NVIDIA A100 80GB PCIe,random,128,4,direct_clamped,selective,9,10,5.921052631578947,3.399122807017544,90.6798245614035,912.0,7.33924843470639,4.215081564549251,14.778936566331234,24.32297519563436,18.217405556937816,81.9078947368421,93.42105263157895,52.083333333333336,0.0,0.11379555954438586
NVIDIA A100 80GB PCIe,random,128,4,gray_residual,global,9,10,0.0,0.0,100.0,912.0,4.528512827417349,2.8695649472168836,11.177981887760165,13.086455072855172,7.0944469553134955,86.18421052631578,99.56140350877193,44.07894736842105,0.0,0.06297241106041294
NVIDIA A100 80GB PCIe,random,128,4,gray_residual,segmented,9,10,94.4078947368421,4.276315789473684,1.3157894736842104,912.0,3.5963354087359125,2.4691686916043842,7.786557765446043,9.769541956857648,6.017391318247532,95.39473684210526,99.89035087719299,55.372807017543856,0.0,0.048964141548687085
NVIDIA A100 80GB PCIe,random,128,4,gray_residual,selective,9,10,5.921052631578947,3.399122807017544,90.6798245614035,912.0,4.301087984530854,2.8153348832078526,10.290937644318284,12.22926616838777,7.090788127642282,88.48684210526315,99.56140350877193,42.65350877192983,0.0,0.058997407045972255
NVIDIA A100 80GB PCIe,random,128,5,direct_clamped,global,9,10,0.0,0.0,100.0,912.0,7.617192285809578,4.516186893203885,15.44825060186082,24.576505075435005,19.275714716172093,80.92105263157895,93.2017543859649,45.614035087719294,0.0,0.11621724267849998
NVIDIA A100 80GB PCIe,random,128,5,direct_clamped,segmented,9,10,99.78070175438597,0.21929824561403508,0.0,912.0,6.627876724625459,4.054376282149132,13.41425336770427,20.770340443979038,16.97993089534748,84.64912280701753,94.07894736842105,57.89473684210527,0.0,0.10257638471477985
NVIDIA A100 80GB PCIe,random,128,5,direct_clamped,selective,9,10,5.263157894736842,0.0,94.73684210526315,912.0,7.427522313487143,4.4577050971857215,15.44825060186082,22.5088193959805,18.438138227402593,80.5921052631579,93.31140350877193,46.05263157894737,0.0,0.11277525996485643
NVIDIA A100 80GB PCIe,random,128,5,gray_residual,global,9,10,0.0,0.0,100.0,912.0,4.460009939412343,2.7919073522664064,11.33809280498277,13.354245862098047,6.416219045123361,86.29385964912281,99.89035087719299,52.083333333333336,0.0,0.063770288939592
NVIDIA A100 80GB PCIe,random,128,5,gray_residual,segmented,9,10,99.78070175438597,0.21929824561403508,0.0,912.0,3.643268886902245,2.542909916243143,8.187832889010945,9.978694065009604,5.686515972296831,94.95614035087719,100.0,55.48245614035088,0.0,0.049189783583151216
NVIDIA A100 80GB PCIe,random,128,5,gray_residual,selective,9,10,39.14473684210527,3.179824561403509,57.675438596491226,912.0,3.905686063426876,2.626186330631107,9.423912614036029,11.265385774364,6.366333503707675,92.10526315789474,99.89035087719299,45.50438596491228,0.0,0.05442442134684012
NVIDIA A100 80GB PCIe,random,128,6,direct_clamped,global,9,10,0.0,0.0,100.0,912.0,7.912421907790198,4.48564114631089,16.42099332191406,27.69284168556112,19.633382247159187,79.82456140350878,92.54385964912281,48.90350877192983,0.0,0.12053698139344783
NVIDIA A100 80GB PCIe,random,128,6,direct_clamped,segmented,9,10,99.78070175438597,0.21929824561403508,0.0,912.0,7.29234210889264,3.916885195602397,14.683582599866144,26.08920638760172,18.982971204631884,82.45614035087719,92.76315789473685,51.09649122807017,0.0,0.11402576688623191
NVIDIA A100 80GB PCIe,random,128,6,direct_clamped,selective,9,10,0.0,10.74561403508772,89.25438596491229,912.0,7.744081873597972,4.380727856705839,15.807323149773595,27.69284168556112,19.631669378537815,81.35964912280701,92.65350877192982,48.135964912280706,0.0,0.1189454515169142
NVIDIA A100 80GB PCIe,random,128,6,gray_residual,global,9,10,0.0,0.0,100.0,912.0,4.605884617966776,2.9424051189115428,11.27952771280876,13.562759998173338,6.554039274662883,86.07456140350878,99.89035087719299,51.09649122807017,0.0,0.0649230823973079
NVIDIA A100 80GB PCIe,random,128,6,gray_residual,segmented,9,10,99.78070175438597,0.21929824561403508,0.0,912.0,3.7409571929733745,2.5720522258663974,9.036438168118407,11.019017786696118,5.862973490413164,93.2017543859649,100.0,55.70175438596491,0.0,0.05165758644444208
NVIDIA A100 80GB PCIe,random,128,6,gray_residual,selective,9,10,0.0,10.74561403508772,89.25438596491229,912.0,4.36891020635935,2.804156612019672,10.756457489901704,12.4663526251306,6.548279638586561,87.82894736842105,99.89035087719299,50.0,0.0,0.06093588355418501
NVIDIA A100 80GB PCIe,random,128,7,direct_clamped,global,8,10,0.0,0.0,100.0,912.0,7.582507552609771,4.240230629827362,15.329023175014175,24.542467586784568,18.42882601276559,79.60526315789474,92.98245614035088,54.276315789473685,0.0,0.11605963381475015
NVIDIA A100 80GB PCIe,random,128,7,direct_clamped,segmented,8,10,98.57456140350878,0.0,1.425438596491228,912.0,6.886385285659955,3.8528897400030084,13.543670054659362,24.334003396824947,17.56779619049351,83.55263157894737,93.96929824561403,55.48245614035088,0.0,0.10772883117225192
NVIDIA A100 80GB PCIe,random,128,7,direct_clamped,selective,8,10,6.798245614035088,3.289473684210526,89.91228070175438,912.0,7.382514062581294,4.177459841737894,14.448941351099373,24.542467586784568,18.428692171479234,81.57894736842105,93.0921052631579,52.74122807017544,0.0,0.1140873233112905
NVIDIA A100 80GB PCIe,random,128,7,gray_residual,global,8,10,0.0,0.0,100.0,912.0,4.582996413558343,2.970378417159442,11.317694085631649,13.412159660512017,7.329751869656835,86.29385964912281,99.67105263157895,46.92982456140351,0.0,0.06396383810870555
NVIDIA A100 80GB PCIe,random,128,7,gray_residual,segmented,8,10,98.57456140350878,0.0,1.425438596491228,912.0,3.6717479541572855,2.4540766638064806,8.922591564778953,11.085075828837677,6.286475684807787,92.98245614035088,99.89035087719299,53.94736842105263,0.0,0.05104831276313919
NVIDIA A100 80GB PCIe,random,128,7,gray_residual,selective,8,10,6.798245614035088,3.289473684210526,89.91228070175438,912.0,4.398029807296669,2.860792701483238,10.815010376060421,12.568109086881407,7.32686954498379,87.82894736842105,99.67105263157895,45.723684210526315,0.0,0.06071851585872261
NVIDIA A100 80GB PCIe,random,128,8,direct_clamped,global,8,10,0.0,0.0,100.0,912.0,7.640349314466378,4.2474746764110884,15.953462476631465,25.214308176045147,18.646488376686523,79.60526315789474,93.0921052631579,56.14035087719298,0.0,0.11734447417363486
NVIDIA A100 80GB PCIe,random,128,8,direct_clamped,segmented,8,10,98.57456140350878,0.0,1.425438596491228,912.0,6.979677374903595,4.056460384424073,13.106982391714286,24.236988829023268,17.996023858764566,84.21052631578947,93.64035087719299,55.5921052631579,0.0,0.10895066958682802
NVIDIA A100 80GB PCIe,random,128,8,direct_clamped,selective,8,10,18.859649122807017,10.526315789473683,70.6140350877193,912.0,7.207333227625714,3.912388241599609,14.936043455402842,25.214308176045147,18.652834164833884,82.67543859649122,93.2017543859649,51.09649122807017,0.0,0.11335879945756826
NVIDIA A100 80GB PCIe,random,128,8,gray_residual,global,8,10,0.0,0.0,100.0,912.0,4.599876250931913,2.9274123407136994,11.265908874813848,13.517789440178197,6.870918551508394,85.96491228070175,99.78070175438597,53.07017543859649,0.0,0.06510995249358181
NVIDIA A100 80GB PCIe,random,128,8,gray_residual,segmented,8,10,98.57456140350878,0.0,1.425438596491228,912.0,3.6893298068752496,2.372230049230139,9.11851809430537,11.418100699766663,6.378436971657825,92.54385964912281,100.0,51.64473684210527,0.0,0.051540545445031956
NVIDIA A100 80GB PCIe,random,128,8,gray_residual,selective,8,10,18.859649122807017,19.298245614035086,61.8421052631579,912.0,3.9764284496471536,2.517052870997289,9.58560905026957,11.628642232143246,6.859216135743608,90.78947368421053,99.78070175438597,46.381578947368425,0.0,0.05526987235949972
NVIDIA A100 80GB PCIe,random,128,9,direct_clamped,global,10,10,0.0,0.0,100.0,912.0,7.880362997013787,4.313255715838036,15.7889142860325,27.69284168556112,19.850219824218243,79.93421052631578,92.65350877192982,48.57456140350877,0.0,0.12170456578591413
NVIDIA A100 80GB PCIe,random,128,9,direct_clamped,segmented,10,10,94.51754385964912,5.482456140350877,0.0,912.0,7.247268750851606,3.8189260183652225,14.331301122929268,27.639469269291034,19.491493636309315,83.66228070175438,92.76315789473685,44.84649122807017,0.0,0.11585265923469769
NVIDIA A100 80GB PCIe,random,128,9,direct_clamped,selective,10,10,18.530701754385966,10.307017543859649,71.16228070175438,912.0,7.4932277020498494,4.010715800262986,14.787740965928656,27.69284168556112,19.862697006358733,83.66228070175438,92.65350877192982,41.55701754385965,0.0,0.11842068840774349
NVIDIA A100 80GB PCIe,random,128,9,gray_residual,global,10,10,0.0,0.0,100.0,912.0,4.535172828708393,2.9698236042146084,11.173768463144008,13.046087569897926,6.7948062638944595,86.51315789473685,99.78070175438597,49.23245614035088,0.0,0.06331799087119125
NVIDIA A100 80GB PCIe,random,128,9,gray_residual,segmented,10,10,94.51754385964912,5.482456140350877,0.0,912.0,3.5738249453813653,2.4023314651868315,8.194248259768212,10.659185688869062,6.239465403532223,93.96929824561403,99.89035087719299,46.05263157894737,0.0,0.04902847344008141
NVIDIA A100 80GB PCIe,random,128,9,gray_residual,selective,10,10,18.530701754385966,18.421052631578945,63.04824561403509,912.0,3.8565647218564805,2.6087989103377804,9.272396318016696,11.06449888128555,6.796598378375942,93.31140350877193,99.78070175438597,39.25438596491228,0.0,0.05217650480050314
NVIDIA A100 80GB PCIe,coverage,8,0,direct_clamped,global,8,10,0.0,0.0,100.0,1032.0,7.644438142053713,4.380733662491676,15.581471680608638,24.88610347508983,18.84335668957715,80.32945736434108,93.21705426356588,50.0,0.0,0.11751225543378023
NVIDIA A100 80GB PCIe,coverage,8,0,direct_clamped,segmented,8,10,0.0,0.0,100.0,1032.0,7.644438142053713,4.380733662491676,15.581471680608638,24.88610347508983,18.84335668957715,80.32945736434108,93.21705426356588,50.0,0.0,0.11751225543378023
NVIDIA A100 80GB PCIe,coverage,8,0,direct_clamped,selective,8,10,0.0,0.0,100.0,1032.0,7.644438142053713,4.380733662491676,15.581471680608638,24.88610347508983,18.84335668957715,80.32945736434108,93.21705426356588,50.0,0.0,0.11751225543378023
NVIDIA A100 80GB PCIe,coverage,8,0,gray_residual,global,8,10,0.0,0.0,100.0,1032.0,4.617606758273407,3.102360752248101,10.93321308956958,13.146627323853442,7.251823536529764,85.94961240310077,99.51550387596899,42.44186046511628,0.0,0.06280126871593575
NVIDIA A100 80GB PCIe,coverage,8,0,gray_residual,segmented,8,10,0.0,0.0,100.0,1032.0,4.617606758273407,3.102360752248101,10.93321308956958,13.146627323853442,7.251823536529764,85.94961240310077,99.51550387596899,42.44186046511628,0.0,0.06280126871593575
NVIDIA A100 80GB PCIe,coverage,8,0,gray_residual,selective,8,10,0.0,0.0,100.0,1032.0,4.617606758273407,3.102360752248101,10.93321308956958,13.146627323853442,7.251823536529764,85.94961240310077,99.51550387596899,42.44186046511628,0.0,0.06280126871593575
NVIDIA A100 80GB PCIe,coverage,8,1,direct_clamped,global,8,10,0.0,0.0,100.0,1032.0,7.767457440672837,4.4466811853882175,15.536610296817358,26.536619378768023,19.37503104081125,80.81395348837209,92.92635658914729,46.31782945736434,0.0,0.11896768590684036
NVIDIA A100 80GB PCIe,coverage,8,1,direct_clamped,segmented,8,10,0.0,0.0,100.0,1032.0,7.767457440672837,4.4466811853882175,15.536610296817358,26.536619378768023,19.37503104081125,80.81395348837209,92.92635658914729,46.31782945736434,0.0,0.11896768590684036
NVIDIA A100 80GB PCIe,coverage,8,1,direct_clamped,selective,8,10,0.0,0.0,100.0,1032.0,7.767457440672837,4.4466811853882175,15.536610296817358,26.536619378768023,19.37503104081125,80.81395348837209,92.92635658914729,46.31782945736434,0.0,0.11896768590684036
NVIDIA A100 80GB PCIe,coverage,8,1,gray_residual,global,8,10,0.0,0.0,100.0,1032.0,4.6316949968199115,3.1206600471333177,10.94171265576518,13.249275257640951,7.28556484257503,85.94961240310077,99.4186046511628,42.151162790697676,0.0,0.06310115327837425
NVIDIA A100 80GB PCIe,coverage,8,1,gray_residual,segmented,8,10,0.0,0.0,100.0,1032.0,4.6316949968199115,3.1206600471333177,10.94171265576518,13.249275257640951,7.28556484257503,85.94961240310077,99.4186046511628,42.151162790697676,0.0,0.06310115327837425
NVIDIA A100 80GB PCIe,coverage,8,1,gray_residual,selective,8,10,0.0,0.0,100.0,1032.0,4.6316949968199115,3.1206600471333177,10.94171265576518,13.249275257640951,7.28556484257503,85.94961240310077,99.4186046511628,42.151162790697676,0.0,0.06310115327837425
NVIDIA A100 80GB PCIe,coverage,8,2,direct_clamped,global,8,10,0.0,0.0,100.0,1032.0,7.811011947971869,4.551468100167753,15.78637325447197,25.342493770806723,18.34699708244046,77.42248062015504,93.4108527131783,64.24418604651163,0.0,0.11785014854058576
NVIDIA A100 80GB PCIe,coverage,8,2,direct_clamped,segmented,8,10,0.0,0.0,100.0,1032.0,7.811011947971869,4.551468100167753,15.78637325447197,25.342493770806723,18.34699708244046,77.42248062015504,93.4108527131783,64.24418604651163,0.0,0.11785014854058576
NVIDIA A100 80GB PCIe,coverage,8,2,direct_clamped,selective,8,10,0.0,0.0,100.0,1032.0,7.811011947971869,4.551468100167753,15.78637325447197,25.342493770806723,18.34699708244046,77.42248062015504,93.4108527131783,64.24418604651163,0.0,0.11785014854058576
NVIDIA A100 80GB PCIe,coverage,8,2,gray_residual,global,8,10,0.0,0.0,100.0,1032.0,4.506725377384902,2.9347728460814815,11.183496243488442,13.187060198326119,6.730439851346071,86.62790697674419,99.70930232558139,49.9031007751938,0.0,0.0635177353519053
NVIDIA A100 80GB PCIe,coverage,8,2,gray_residual,segmented,8,10,0.0,0.0,100.0,1032.0,4.506725377384902,2.9347728460814815,11.183496243488442,13.187060198326119,6.730439851346071,86.62790697674419,99.70930232558139,49.9031007751938,0.0,0.0635177353519053
NVIDIA A100 80GB PCIe,coverage,8,2,gray_residual,selective,8,10,0.0,0.0,100.0,1032.0,4.506725377384902,2.9347728460814815,11.183496243488442,13.187060198326119,6.730439851346071,86.62790697674419,99.70930232558139,49.9031007751938,0.0,0.0635177353519053
NVIDIA A100 80GB PCIe,coverage,8,3,direct_clamped,global,8,10,0.0,0.0,100.0,1032.0,7.9536411821866295,4.695911057089859,15.722219604248881,26.429604478448407,19.811071131517902,81.1046511627907,92.44186046511628,40.50387596899225,0.0,0.12027434150814711
NVIDIA A100 80GB PCIe,coverage,8,3,direct_clamped,segmented,8,10,0.0,0.0,100.0,1032.0,7.9536411821866295,4.695911057089859,15.722219604248881,26.429604478448407,19.811071131517902,81.1046511627907,92.44186046511628,40.50387596899225,0.0,0.12027434150814711
NVIDIA A100 80GB PCIe,coverage,8,3,direct_clamped,selective,8,10,0.0,0.0,100.0,1032.0,7.9536411821866295,4.695911057089859,15.722219604248881,26.429604478448407,19.811071131517902,81.1046511627907,92.44186046511628,40.50387596899225,0.0,0.12027434150814711
NVIDIA A100 80GB PCIe,coverage,8,3,gray_residual,global,8,10,0.0,0.0,100.0,1032.0,4.614877429733076,3.0692730716263474,10.992759383906076,13.165965596932404,7.2364863990987445,85.65891472868216,99.51550387596899,42.73255813953488,0.0,0.06313884382640104
NVIDIA A100 80GB PCIe,coverage,8,3,gray_residual,segmented,8,10,0.0,0.0,100.0,1032.0,4.614877429733076,3.0692730716263474,10.992759383906076,13.165965596932404,7.2364863990987445,85.65891472868216,99.51550387596899,42.73255813953488,0.0,0.06313884382640104
NVIDIA A100 80GB PCIe,coverage,8,3,gray_residual,selective,8,10,0.0,0.0,100.0,1032.0,4.614877429733076,3.0692730716263474,10.992759383906076,13.165965596932404,7.2364863990987445,85.65891472868216,99.51550387596899,42.73255813953488,0.0,0.06313884382640104
NVIDIA A100 80GB PCIe,coverage,8,4,direct_clamped,global,8,10,0.0,0.0,100.0,1032.0,7.733297594604025,4.376025377923405,15.697245181190771,26.27474473080805,19.170714907128637,80.52325581395348,93.02325581395348,47.96511627906977,0.0,0.11868182851478208
NVIDIA A100 80GB PCIe,coverage,8,4,direct_clamped,segmented,8,10,0.0,0.0,100.0,1032.0,7.733297594604025,4.376025377923405,15.697245181190771,26.27474473080805,19.170714907128637,80.52325581395348,93.02325581395348,47.96511627906977,0.0,0.11868182851478208
NVIDIA A100 80GB PCIe,coverage,8,4,direct_clamped,selective,8,10,0.0,0.0,100.0,1032.0,7.733297594604025,4.376025377923405,15.697245181190771,26.27474473080805,19.170714907128637,80.52325581395348,93.02325581395348,47.96511627906977,0.0,0.11868182851478208
NVIDIA A100 80GB PCIe,coverage,8,4,gray_residual,global,8,10,0.0,0.0,100.0,1032.0,4.530982733797831,2.8884491664819043,11.239115392141096,13.576708263025463,6.535621902413144,86.33720930232558,99.8062015503876,56.007751937984494,0.0,0.06463943305078607
NVIDIA A100 80GB PCIe,coverage,8,4,gray_residual,segmented,8,10,0.0,0.0,100.0,1032.0,4.530982733797831,2.8884491664819043,11.239115392141096,13.576708263025463,6.535621902413144,86.33720930232558,99.8062015503876,56.007751937984494,0.0,0.06463943305078607
NVIDIA A100 80GB PCIe,coverage,8,4,gray_residual,selective,8,10,0.0,0.0,100.0,1032.0,4.530982733797831,2.8884491664819043,11.239115392141096,13.576708263025463,6.535621902413144,86.33720930232558,99.8062015503876,56.007751937984494,0.0,0.06463943305078607
NVIDIA A100 80GB PCIe,coverage,8,5,direct_clamped,global,8,10,0.0,0.0,100.0,1032.0,7.769979720799188,4.456567663644624,15.537500204968792,26.534872558292722,19.34176578650737,80.71705426356588,92.92635658914729,46.31782945736434,0.0,0.11900097008714168
NVIDIA A100 80GB PCIe,coverage,8,5,direct_clamped,segmented,8,10,0.0,0.0,100.0,1032.0,7.769979720799188,4.456567663644624,15.537500204968792,26.534872558292722,19.34176578650737,80.71705426356588,92.92635658914729,46.31782945736434,0.0,0.11900097008714168
NVIDIA A100 80GB PCIe,coverage,8,5,direct_clamped,selective,8,10,0.0,0.0,100.0,1032.0,7.769979720799188,4.456567663644624,15.537500204968792,26.534872558292722,19.34176578650737,80.71705426356588,92.92635658914729,46.31782945736434,0.0,0.11900097008714168
NVIDIA A100 80GB PCIe,coverage,8,5,gray_residual,global,8,10,0.0,0.0,100.0,1032.0,5.329476526147429,4.155772075122698,11.295541837447487,13.647405285943803,9.004992509868368,85.46511627906976,99.03100775193798,30.426356589147286,0.0,0.0661238063800993
NVIDIA A100 80GB PCIe,coverage,8,5,gray_residual,segmented,8,10,0.0,0.0,100.0,1032.0,5.329476526147429,4.155772075122698,11.295541837447487,13.647405285943803,9.004992509868368,85.46511627906976,99.03100775193798,30.426356589147286,0.0,0.0661238063800993
NVIDIA A100 80GB PCIe,coverage,8,5,gray_residual,selective,8,10,0.0,0.0,100.0,1032.0,5.329476526147429,4.155772075122698,11.295541837447487,13.647405285943803,9.004992509868368,85.46511627906976,99.03100775193798,30.426356589147286,0.0,0.0661238063800993
NVIDIA A100 80GB PCIe,coverage,8,6,direct_clamped,global,8,10,0.0,0.0,100.0,1032.0,7.80269671877836,4.465991636180795,15.33566848088381,26.74636810179582,19.412935916550836,81.2015503875969,92.53875968992247,45.251937984496124,0.0,0.11926359821907472
NVIDIA A100 80GB PCIe,coverage,8,6,direct_clamped,segmented,8,10,0.0,0.0,100.0,1032.0,7.80269671877836,4.465991636180795,15.33566848088381,26.74636810179582,19.412935916550836,81.2015503875969,92.53875968992247,45.251937984496124,0.0,0.11926359821907472
NVIDIA A100 80GB PCIe,coverage,8,6,direct_clamped,selective,8,10,0.0,0.0,100.0,1032.0,7.80269671877836,4.465991636180795,15.33566848088381,26.74636810179582,19.412935916550836,81.2015503875969,92.53875968992247,45.251937984496124,0.0,0.11926359821907472
NVIDIA A100 80GB PCIe,coverage,8,6,gray_residual,global,8,10,0.0,0.0,100.0,1032.0,4.682234664281388,3.190491304077396,10.919443956894579,13.110124664133437,7.44967511672618,86.43410852713178,99.4186046511628,40.50387596899225,0.0,0.06311477839175116
NVIDIA A100 80GB PCIe,coverage,8,6,gray_residual,segmented,8,10,0.0,0.0,100.0,1032.0,4.682234664281388,3.190491304077396,10.919443956894579,13.110124664133437,7.44967511672618,86.43410852713178,99.4186046511628,40.50387596899225,0.0,0.06311477839175116
NVIDIA A100 80GB PCIe,coverage,8,6,gray_residual,selective,8,10,0.0,0.0,100.0,1032.0,4.682234664281388,3.190491304077396,10.919443956894579,13.110124664133437,7.44967511672618,86.43410852713178,99.4186046511628,40.50387596899225,0.0,0.06311477839175116
NVIDIA A100 80GB PCIe,coverage,8,7,direct_clamped,global,8,10,0.0,0.0,100.0,1032.0,9.238876630395966,5.964134290367282,17.488692372993185,29.668086075628413,21.764165431024036,76.74418604651163,91.27906976744185,26.16279069767442,0.0,0.13049423508003272
NVIDIA A100 80GB PCIe,coverage,8,7,direct_clamped,segmented,8,10,0.0,0.0,100.0,1032.0,9.238876630395966,5.964134290367282,17.488692372993185,29.668086075628413,21.764165431024036,76.74418604651163,91.27906976744185,26.16279069767442,0.0,0.13049423508003272
NVIDIA A100 80GB PCIe,coverage,8,7,direct_clamped,selective,8,10,0.0,0.0,100.0,1032.0,9.238876630395966,5.964134290367282,17.488692372993185,29.668086075628413,21.764165431024036,76.74418604651163,91.27906976744185,26.16279069767442,0.0,0.13049423508003272
NVIDIA A100 80GB PCIe,coverage,8,7,gray_residual,global,8,10,0.0,0.0,100.0,1032.0,4.5854105987504425,2.9806988876826583,11.133992698248157,13.06812563725333,7.094445164895586,85.94961240310077,99.51550387596899,44.28294573643411,0.0,0.06316366326858473
NVIDIA A100 80GB PCIe,coverage,8,7,gray_residual,segmented,8,10,0.0,0.0,100.0,1032.0,4.5854105987504425,2.9806988876826583,11.133992698248157,13.06812563725333,7.094445164895586,85.94961240310077,99.51550387596899,44.28294573643411,0.0,0.06316366326858473
NVIDIA A100 80GB PCIe,coverage,8,7,gray_residual,selective,8,10,0.0,0.0,100.0,1032.0,4.5854105987504425,2.9806988876826583,11.133992698248157,13.06812563725333,7.094445164895586,85.94961240310077,99.51550387596899,44.28294573643411,0.0,0.06316366326858473
NVIDIA A100 80GB PCIe,coverage,8,8,direct_clamped,global,8,10,0.0,0.0,100.0,1032.0,7.60907653036434,4.349491318533314,15.57274023595161,24.172735585500472,18.423254928112755,78.77906976744185,93.4108527131783,56.201550387596896,0.0,0.11665544659843786
NVIDIA A100 80GB PCIe,coverage,8,8,direct_clamped,segmented,8,10,0.0,0.0,100.0,1032.0,7.60907653036434,4.349491318533314,15.57274023595161,24.172735585500472,18.423254928112755,78.77906976744185,93.4108527131783,56.201550387596896,0.0,0.11665544659843786
NVIDIA A100 80GB PCIe,coverage,8,8,direct_clamped,selective,8,10,0.0,0.0,100.0,1032.0,7.60907653036434,4.349491318533314,15.57274023595161,24.172735585500472,18.423254928112755,78.77906976744185,93.4108527131783,56.201550387596896,0.0,0.11665544659843786
NVIDIA A100 80GB PCIe,coverage,8,8,gray_residual,global,8,10,0.0,0.0,100.0,1032.0,5.337009866995913,3.8772120375956085,12.717154722096234,15.005529807955698,5.642301198957508,84.30232558139535,99.70930232558139,80.23255813953489,0.0,0.07357204216413153
NVIDIA A100 80GB PCIe,coverage,8,8,gray_residual,segmented,8,10,0.0,0.0,100.0,1032.0,5.337009866995913,3.8772120375956085,12.717154722096234,15.005529807955698,5.642301198957508,84.30232558139535,99.70930232558139,80.23255813953489,0.0,0.07357204216413153
NVIDIA A100 80GB PCIe,coverage,8,8,gray_residual,selective,8,10,0.0,0.0,100.0,1032.0,5.337009866995913,3.8772120375956085,12.717154722096234,15.005529807955698,5.642301198957508,84.30232558139535,99.70930232558139,80.23255813953489,0.0,0.07357204216413153
NVIDIA A100 80GB PCIe,coverage,8,9,direct_clamped,global,8,10,0.0,0.0,100.0,1032.0,7.6130026200380065,4.2870245718568665,15.62247031065977,24.497184602142298,18.51092866806195,79.36046511627907,93.21705426356588,55.42635658914728,0.0,0.11668226087666889
NVIDIA A100 80GB PCIe,coverage,8,9,direct_clamped,segmented,8,10,0.0,0.0,100.0,1032.0,7.6130026200380065,4.2870245718568665,15.62247031065977,24.497184602142298,18.51092866806195,79.36046511627907,93.21705426356588,55.42635658914728,0.0,0.11668226087666889
NVIDIA A100 80GB PCIe,coverage,8,9,direct_clamped,selective,8,10,0.0,0.0,100.0,1032.0,7.6130026200380065,4.2870245718568665,15.62247031065977,24.497184602142298,18.51092866806195,79.36046511627907,93.21705426356588,55.42635658914728,0.0,0.11668226087666889
NVIDIA A100 80GB PCIe,coverage,8,9,gray_residual,global,8,10,0.0,0.0,100.0,1032.0,5.21332412992302,3.9880209356270933,11.233269301196874,13.635834133078847,8.73963366444093,85.85271317829456,99.03100775193798,31.782945736434108,0.0,0.06531938290815621
NVIDIA A100 80GB PCIe,coverage,8,9,gray_residual,segmented,8,10,0.0,0.0,100.0,1032.0,5.21332412992302,3.9880209356270933,11.233269301196874,13.635834133078847,8.73963366444093,85.85271317829456,99.03100775193798,31.782945736434108,0.0,0.06531938290815621
NVIDIA A100 80GB PCIe,coverage,8,9,gray_residual,selective,8,10,0.0,0.0,100.0,1032.0,5.21332412992302,3.9880209356270933,11.233269301196874,13.635834133078847,8.73963366444093,85.85271317829456,99.03100775193798,31.782945736434108,0.0,0.06531938290815621
NVIDIA A100 80GB PCIe,coverage,16,0,direct_clamped,global,10,10,0.0,0.0,100.0,1024.0,7.649330010459431,4.392164760949453,15.516205888341956,25.08803331016398,18.874288209756994,80.37109375,93.26171875,50.0,0.0,0.11770403818393275
NVIDIA A100 80GB PCIe,coverage,16,0,direct_clamped,segmented,10,10,0.0,100.0,0.0,1024.0,7.36274892393963,5.588342829683027,13.586748934850002,21.898948550062176,16.405092620883643,83.30078125,94.53125,60.44921875,0.0,0.10552146560160235
NVIDIA A100 80GB PCIe,coverage,16,0,direct_clamped,selective,10,10,0.0,0.0,100.0,1024.0,7.649330010459431,4.392164760949453,15.516205888341956,25.08803331016398,18.874288209756994,80.37109375,93.26171875,50.0,0.0,0.11770403818393275
NVIDIA A100 80GB PCIe,coverage,16,0,gray_residual,global,10,10,0.0,0.0,100.0,1024.0,4.558150586504215,2.9900675790241915,11.160363022578661,13.065007572914594,6.996621942630514,86.328125,99.609375,45.01953125,0.0,0.06290700400863306
NVIDIA A100 80GB PCIe,coverage,16,0,gray_residual,segmented,10,10,0.0,100.0,0.0,1024.0,3.935350705540027,3.2472619988273577,8.443226360735807,10.492889259064986,5.228694029461776,93.9453125,100.0,58.59375,0.0,0.05099590818333002
NVIDIA A100 80GB PCIe,coverage,16,0,gray_residual,selective,10,10,0.0,0.0,100.0,1024.0,4.558150586504215,2.9900675790241915,11.160363022578661,13.065007572914594,6.996621942630514,86.328125,99.609375,45.01953125,0.0,0.06290700400863306
NVIDIA A100 80GB PCIe,coverage,16,1,direct_clamped,global,10,10,0.0,0.0,100.0,1024.0,7.789851297309934,4.430996530332826,15.507285039438298,27.284447168624844,19.445795025034222,81.15234375,92.578125,45.8984375,0.0,0.119286978325161
NVIDIA A100 80GB PCIe,coverage,16,1,direct_clamped,segmented,10,10,0.0,100.0,0.0,1024.0,7.609013790514858,4.58124619261949,14.76406850039155,26.6212739679621,18.82822114538591,82.91015625,92.96875,46.58203125,0.0,0.11517915165495224
NVIDIA A100 80GB PCIe,coverage,16,1,direct_clamped,selective,10,10,0.0,0.0,100.0,1024.0,7.789851297309934,4.430996530332826,15.507285039438298,27.284447168624844,19.445795025034222,81.15234375,92.578125,45.8984375,0.0,0.119286978325161
NVIDIA A100 80GB PCIe,coverage,16,1,gray_residual,global,10,10,0.0,0.0,100.0,1024.0,5.400096273206809,4.333099745729124,11.328578014930535,13.508954437968011,9.132981389748107,85.05859375,99.0234375,29.78515625,0.0,0.06643431358748517
NVIDIA A100 80GB PCIe,coverage,16,1,gray_residual,segmented,10,10,0.0,100.0,0.0,1024.0,4.419054793669995,3.2436073040914994,9.75892640932416,11.786779557360639,7.138292545239213,91.11328125,99.70703125,33.3984375,0.0,0.05702600488975494
NVIDIA A100 80GB PCIe,coverage,16,1,gray_residual,selective,10,10,0.0,0.0,100.0,1024.0,5.400096273206809,4.333099745729124,11.328578014930535,13.508954437968011,9.132981389748107,85.05859375,99.0234375,29.78515625,0.0,0.06643431358748517
NVIDIA A100 80GB PCIe,coverage,16,2,direct_clamped,global,10,10,0.0,0.0,100.0,1024.0,7.683183974317816,4.337836589634129,15.685645190368984,26.38952871716106,19.206004333288508,79.98046875,93.06640625,51.46484375,0.0,0.11830055976009451
NVIDIA A100 80GB PCIe,coverage,16,2,direct_clamped,segmented,10,10,0.0,98.92578125,1.07421875,1024.0,7.2558943117243775,4.147390398102527,14.21217853200395,26.051021842819342,18.620692090236552,83.203125,93.5546875,54.39453125,0.0,0.11311181883180606
NVIDIA A100 80GB PCIe,coverage,16,2,direct_clamped,selective,10,10,0.0,0.0,100.0,1024.0,7.683183974317816,4.337836589634129,15.685645190368984,26.38952871716106,19.206004333288508,79.98046875,93.06640625,51.46484375,0.0,0.11830055976009451
NVIDIA A100 80GB PCIe,coverage,16,2,gray_residual,global,10,10,0.0,0.0,100.0,1024.0,4.835687343605802,3.524920368073599,11.156029479293897,13.255134031546648,7.908088371770037,86.81640625,99.4140625,35.7421875,0.0,0.06319175321994333
NVIDIA A100 80GB PCIe,coverage,16,2,gray_residual,segmented,10,10,0.0,98.92578125,1.07421875,1024.0,3.8984449418540654,2.7354253327238687,9.329302548908975,11.01057793930519,6.744008044528538,92.3828125,99.8046875,39.74609375,0.0,0.052908487214278606
NVIDIA A100 80GB PCIe,coverage,16,2,gray_residual,selective,10,10,0.0,0.0,100.0,1024.0,4.835687343605802,3.524920368073599,11.156029479293897,13.255134031546648,7.908088371770037,86.81640625,99.4140625,35.7421875,0.0,0.06319175321994333
NVIDIA A100 80GB PCIe,coverage,16,3,direct_clamped,global,10,10,0.0,0.0,100.0,1024.0,7.986809458421904,4.708663725625512,15.761001849161252,26.66304065172666,20.02251020528927,80.95703125,92.3828125,40.4296875,0.0,0.12069012023078994
NVIDIA A100 80GB PCIe,coverage,16,3,direct_clamped,segmented,10,10,0.0,100.0,0.0,1024.0,7.919433594668943,4.614777706043579,15.280691164395341,26.67866982490861,19.916793312492757,80.37109375,92.96875,45.8984375,0.0,0.12056981450988535
NVIDIA A100 80GB PCIe,coverage,16,3,direct_clamped,selective,10,10,0.0,0.0,100.0,1024.0,7.986809458421904,4.708663725625512,15.761001849161252,26.66304065172666,20.02251020528927,80.95703125,92.3828125,40.4296875,0.0,0.12069012023078994
NVIDIA A100 80GB PCIe,coverage,16,3,gray_residual,global,10,10,0.0,0.0,100.0,1024.0,4.654856688159034,3.1270777941941197,10.925225820249246,13.143551690480843,7.354984204128204,86.328125,99.4140625,41.11328125,0.0,0.06311835522583548
NVIDIA A100 80GB PCIe,coverage,16,3,gray_residual,segmented,10,10,0.0,100.0,0.0,1024.0,4.1448216047861886,3.1609384953021853,9.465609606455375,11.767418808008777,5.33641791711249,90.72265625,100.0,67.7734375,0.0,0.05614954179047837
NVIDIA A100 80GB PCIe,coverage,16,3,gray_residual,selective,10,10,0.0,0.0,100.0,1024.0,4.654856688159034,3.1270777941941197,10.925225820249246,13.143551690480843,7.354984204128204,86.328125,99.4140625,41.11328125,0.0,0.06311835522583548
NVIDIA A100 80GB PCIe,coverage,16,4,direct_clamped,global,10,10,0.0,0.0,100.0,1024.0,7.790596304097646,4.500252611460293,15.287354291662227,26.1663265760143,19.334589728575878,81.54296875,92.578125,44.82421875,0.0,0.11902324417539298
NVIDIA A100 80GB PCIe,coverage,16,4,direct_clamped,segmented,10,10,0.0,100.0,0.0,1024.0,7.3998476140554335,5.215589750321957,13.641938785395606,23.30309671304313,17.087131188842942,83.7890625,93.359375,54.6875,0.0,0.10783702960596758
NVIDIA A100 80GB PCIe,coverage,16,4,direct_clamped,selective,10,10,0.0,0.0,100.0,1024.0,7.790596304097646,4.500252611460293,15.287354291662227,26.1663265760143,19.334589728575878,81.54296875,92.578125,44.82421875,0.0,0.11902324417539298
NVIDIA A100 80GB PCIe,coverage,16,4,gray_residual,global,10,10,0.0,0.0,100.0,1024.0,5.0796980076057645,3.7703217713393116,11.211218304340546,13.478773443100913,8.409243194787628,86.71875,99.21875,32.6171875,0.0,0.06449957085317827
NVIDIA A100 80GB PCIe,coverage,16,4,gray_residual,segmented,10,10,0.0,100.0,0.0,1024.0,3.8730135022991448,2.9344448972310553,8.835755138865698,10.613734807355788,6.064870676964741,93.359375,100.0,46.6796875,0.0,0.05117075309842878
NVIDIA A100 80GB PCIe,coverage,16,4,gray_residual,selective,10,10,0.0,0.0,100.0,1024.0,5.0796980076057645,3.7703217713393116,11.211218304340546,13.478773443100913,8.409243194787628,86.71875,99.21875,32.6171875,0.0,0.06449957085317827
NVIDIA A100 80GB PCIe,coverage,16,5,direct_clamped,global,10,10,0.0,0.0,100.0,1024.0,7.690718910628337,4.340197051881672,15.565376102354897,24.832931814789827,18.965147538214374,79.6875,93.06640625,52.44140625,0.0,0.11816034290995504
NVIDIA A100 80GB PCIe,coverage,16,5,direct_clamped,segmented,10,10,0.0,100.0,0.0,1024.0,7.1888401510359845,4.091476393772593,14.234661729211545,25.392634535505643,18.123276139349734,82.421875,93.45703125,56.73828125,0.0,0.11169835647222702
NVIDIA A100 80GB PCIe,coverage,16,5,direct_clamped,selective,10,10,0.0,0.0,100.0,1024.0,7.690718910628337,4.340197051881672,15.565376102354897,24.832931814789827,18.965147538214374,79.6875,93.06640625,52.44140625,0.0,0.11816034290995504
NVIDIA A100 80GB PCIe,coverage,16,5,gray_residual,global,10,10,0.0,0.0,100.0,1024.0,4.986475348763479,3.645367095244259,11.227557140738684,13.28771538225854,8.203672502403817,86.5234375,99.21875,33.3984375,0.0,0.06413441382206427
NVIDIA A100 80GB PCIe,coverage,16,5,gray_residual,segmented,10,10,0.0,100.0,0.0,1024.0,4.008142334450715,2.779802566170834,9.896794983628173,11.725573153655255,6.57701074020742,90.33203125,99.8046875,42.7734375,0.0,0.05540402810777734
NVIDIA A100 80GB PCIe,coverage,16,5,gray_residual,selective,10,10,0.0,0.0,100.0,1024.0,4.986475348763479,3.645367095244259,11.227557140738684,13.28771538225854,8.203672502403817,86.5234375,99.21875,33.3984375,0.0,0.06413441382206427
NVIDIA A100 80GB PCIe,coverage,16,6,direct_clamped,global,10,10,0.0,0.0,100.0,1024.0,7.663422291979453,4.413629537110308,15.149643983489947,25.019597939196704,19.165455816327526,80.76171875,93.1640625,47.265625,0.0,0.11745929227528093
NVIDIA A100 80GB PCIe,coverage,16,6,direct_clamped,segmented,10,10,0.0,89.74609375,10.25390625,1024.0,7.493118864097366,6.006593870480282,13.850191515808756,20.577444374779418,15.966085863002904,81.8359375,94.7265625,62.01171875,0.0,0.10528832726157995
NVIDIA A100 80GB PCIe,coverage,16,6,direct_clamped,selective,10,10,0.0,0.0,100.0,1024.0,7.663422291979453,4.413629537110308,15.149643983489947,25.019597939196704,19.165455816327526,80.76171875,93.1640625,47.265625,0.0,0.11745929227528093
NVIDIA A100 80GB PCIe,coverage,16,6,gray_residual,global,10,10,0.0,0.0,100.0,1024.0,4.661325374560052,3.1886375543371823,10.897245334461813,13.095615715576965,7.437592456980077,86.62109375,99.4140625,40.4296875,0.0,0.0628246446673999
NVIDIA A100 80GB PCIe,coverage,16,6,gray_residual,segmented,10,10,0.0,89.74609375,10.25390625,1024.0,3.947363959195032,2.8917943940470106,8.909157893177383,11.417899354761476,5.488568545018865,92.08984375,100.0,64.6484375,0.0,0.05370154343641734
NVIDIA A100 80GB PCIe,coverage,16,6,gray_residual,selective,10,10,0.0,0.0,100.0,1024.0,4.661325374560052,3.1886375543371823,10.897245334461813,13.095615715576965,7.437592456980077,86.62109375,99.4140625,40.4296875,0.0,0.0628246446673999
NVIDIA A100 80GB PCIe,coverage,16,7,direct_clamped,global,10,10,0.0,0.0,100.0,1024.0,8.113075945989426,4.824867447477053,16.055159527924708,27.61166524977837,20.60002394682275,80.6640625,92.1875,38.4765625,0.0,0.12195504968843379
NVIDIA A100 80GB PCIe,coverage,16,7,direct_clamped,segmented,10,10,0.0,100.0,0.0,1024.0,8.789315359580835,5.3013012058191205,17.004288678627447,30.1799209603738,22.30289387743157,78.80859375,91.69921875,31.0546875,0.0,0.1289181609680754
NVIDIA A100 80GB PCIe,coverage,16,7,direct_clamped,selective,10,10,0.0,0.0,100.0,1024.0,8.113075945989426,4.824867447477053,16.055159527924708,27.61166524977837,20.60002394682275,80.6640625,92.1875,38.4765625,0.0,0.12195504968843379
NVIDIA A100 80GB PCIe,coverage,16,7,gray_residual,global,10,10,0.0,0.0,100.0,1024.0,4.8648423452619625,3.5481516263048922,11.188301908550358,13.272085783696967,7.846607664126193,86.9140625,99.31640625,35.3515625,0.0,0.06339112235048663
NVIDIA A100 80GB PCIe,coverage,16,7,gray_residual,segmented,10,10,0.0,100.0,0.0,1024.0,3.927543387437426,3.062669899910389,8.80972348553587,10.762515139899351,5.494826549105765,92.7734375,100.0,57.32421875,0.0,0.05185122708969337
NVIDIA A100 80GB PCIe,coverage,16,7,gray_residual,selective,10,10,0.0,0.0,100.0,1024.0,4.8648423452619625,3.5481516263048922,11.188301908550358,13.272085783696967,7.846607664126193,86.9140625,99.31640625,35.3515625,0.0,0.06339112235048663
NVIDIA A100 80GB PCIe,coverage,16,8,direct_clamped,global,10,10,0.0,0.0,100.0,1024.0,7.639907810632829,4.3422833836075325,15.515903149929363,24.267348800445266,18.493429620803738,79.1015625,93.26171875,55.76171875,0.0,0.11700463291512216
NVIDIA A100 80GB PCIe,coverage,16,8,direct_clamped,segmented,10,10,0.0,89.74609375,10.25390625,1024.0,7.571025611064641,5.7081152313777075,14.39304184354799,20.388399942190446,16.006745128637277,80.078125,94.7265625,67.28515625,0.0,0.10734826204252802
NVIDIA A100 80GB PCIe,coverage,16,8,direct_clamped,selective,10,10,0.0,0.0,100.0,1024.0,7.639907810632829,4.3422833836075325,15.515903149929363,24.267348800445266,18.493429620803738,79.1015625,93.26171875,55.76171875,0.0,0.11700463291512216
NVIDIA A100 80GB PCIe,coverage,16,8,gray_residual,global,10,10,0.0,0.0,100.0,1024.0,4.572316755032434,2.869040386016824,11.518715826997346,13.758443005261997,6.335692067016145,85.9375,99.90234375,60.25390625,0.0,0.0656585373881137
NVIDIA A100 80GB PCIe,coverage,16,8,gray_residual,segmented,10,10,0.0,89.74609375,10.25390625,1024.0,4.447666499722599,3.0824065529404967,10.79652255384253,13.192210159037804,5.626408463949633,88.28125,100.0,71.484375,0.0,0.06239950789708676
NVIDIA A100 80GB PCIe,coverage,16,8,gray_residual,selective,10,10,0.0,0.0,100.0,1024.0,4.572316755032434,2.869040386016824,11.518715826997346,13.758443005261997,6.335692067016145,85.9375,99.90234375,60.25390625,0.0,0.0656585373881137
NVIDIA A100 80GB PCIe,coverage,16,9,direct_clamped,global,10,10,0.0,0.0,100.0,1024.0,7.586662449047656,4.26277955676902,15.581092339634456,24.388399062271738,18.572382208171167,79.4921875,93.26171875,55.46875,0.0,0.11654267973941569
NVIDIA A100 80GB PCIe,coverage,16,9,direct_clamped,segmented,10,10,0.0,71.2890625,28.7109375,1024.0,7.651499764350339,6.000566452558525,14.643576862118344,20.805997728705695,16.19031507613971,80.46875,94.62890625,68.1640625,0.0,0.10782051083173008
NVIDIA A100 80GB PCIe,coverage,16,9,direct_clamped,selective,10,10,0.0,0.0,100.0,1024.0,7.586662449047656,4.26277955676902,15.581092339634456,24.388399062271738,18.572382208171167,79.4921875,93.26171875,55.46875,0.0,0.11654267973941569
NVIDIA A100 80GB PCIe,coverage,16,9,gray_residual,global,10,10,0.0,0.0,100.0,1024.0,4.6532777955922775,3.183042063988808,10.909592921240364,13.070875117040762,7.2631703985319085,86.5234375,99.51171875,40.13671875,0.0,0.06273286807171247
NVIDIA A100 80GB PCIe,coverage,16,9,gray_residual,segmented,10,10,0.0,71.2890625,28.7109375,1024.0,4.178675519653814,3.2690923311646074,9.331818693839848,11.405446554461605,5.309856634732803,91.40625,100.0,59.27734375,0.0,0.0550768331591024
NVIDIA A100 80GB PCIe,coverage,16,9,gray_residual,selective,10,10,0.0,0.0,100.0,1024.0,4.6532777955922775,3.183042063988808,10.909592921240364,13.070875117040762,7.2631703985319085,86.5234375,99.51171875,40.13671875,0.0,0.06273286807171247
NVIDIA A100 80GB PCIe,coverage,32,0,direct_clamped,global,10,10,0.0,0.0,100.0,1008.0,7.656418560801759,4.357416687984001,15.29815351628339,25.13040978172941,19.039318187477363,80.65476190476191,93.25396825396825,49.30555555555556,0.0,0.11786076026652552
NVIDIA A100 80GB PCIe,coverage,32,0,direct_clamped,segmented,10,10,100.0,0.0,0.0,1008.0,7.460150583405906,4.312832132447374,16.054462546247596,23.0475807097693,18.13932537493826,80.65476190476191,93.05555555555556,46.32936507936508,0.0,0.11391998070310531
NVIDIA A100 80GB PCIe,coverage,32,0,direct_clamped,selective,10,10,0.0,0.0,100.0,1008.0,7.656418560801759,4.357416687984001,15.29815351628339,25.13040978172941,19.039318187477363,80.65476190476191,93.25396825396825,49.30555555555556,0.0,0.11786076026652552
NVIDIA A100 80GB PCIe,coverage,32,0,gray_residual,global,10,10,0.0,0.0,100.0,1008.0,4.588542642119552,3.1002254934163975,10.89688511139916,12.852391036157497,7.042051510361409,86.11111111111111,99.60317460317461,42.26190476190476,0.0,0.062356236339995486
NVIDIA A100 80GB PCIe,coverage,32,0,gray_residual,segmented,10,10,100.0,0.0,0.0,1008.0,3.887298378599133,2.7917159665319025,9.010268604119451,11.44508797947924,5.537263323419466,92.46031746031747,100.0,55.85317460317461,0.0,0.05316932133714593
NVIDIA A100 80GB PCIe,coverage,32,0,gray_residual,selective,10,10,0.0,0.0,100.0,1008.0,4.588542642119552,3.1002254934163975,10.89688511139916,12.852391036157497,7.042051510361409,86.11111111111111,99.60317460317461,42.26190476190476,0.0,0.062356236339995486
NVIDIA A100 80GB PCIe,coverage,32,1,direct_clamped,global,10,10,0.0,0.0,100.0,1008.0,7.87554782897749,4.574120727935753,15.274080719539194,26.021597101917255,19.551108982185752,81.54761904761905,92.55952380952381,42.55952380952381,0.0,0.11983555815648672
NVIDIA A100 80GB PCIe,coverage,32,1,direct_clamped,segmented,10,10,100.0,0.0,0.0,1008.0,7.274893052407793,4.335266159740517,14.622169412092031,23.79346297416715,17.83055924855351,82.8373015873016,92.95634920634922,44.94047619047619,0.0,0.11113215693531608
NVIDIA A100 80GB PCIe,coverage,32,1,direct_clamped,selective,10,10,0.0,0.0,100.0,1008.0,7.87554782897749,4.574120727935753,15.274080719539194,26.021597101917255,19.551108982185752,81.54761904761905,92.55952380952381,42.55952380952381,0.0,0.11983555815648672
NVIDIA A100 80GB PCIe,coverage,32,1,gray_residual,global,10,10,0.0,0.0,100.0,1008.0,4.905972576657221,3.5588142679516706,11.167811303003273,13.318701809357503,8.040265765085309,86.90476190476191,99.20634920634922,34.42460317460318,0.0,0.06350551835337051
NVIDIA A100 80GB PCIe,coverage,32,1,gray_residual,segmented,10,10,100.0,0.0,0.0,1008.0,4.1520092430618,2.979697440380144,9.618713553118988,11.208621110898445,6.967320545314015,91.46825396825396,99.70238095238095,39.285714285714285,0.0,0.055302861368707885
NVIDIA A100 80GB PCIe,coverage,32,1,gray_residual,selective,10,10,0.0,0.0,100.0,1008.0,4.905972576657221,3.5588142679516706,11.167811303003273,13.318701809357503,8.040265765085309,86.90476190476191,99.20634920634922,34.42460317460318,0.0,0.06350551835337051
NVIDIA A100 80GB PCIe,coverage,32,2,direct_clamped,global,10,10,0.0,0.0,100.0,1008.0,8.044284901555685,4.650627306827257,16.015882363519378,27.59031761931661,20.266931291213155,81.0515873015873,92.1626984126984,40.27777777777778,0.0,0.12181571568242111
NVIDIA A100 80GB PCIe,coverage,32,2,direct_clamped,segmented,10,10,100.0,0.0,0.0,1008.0,7.348365440631271,3.9510209053862666,14.107088368967839,27.34239552513259,19.547463148715035,83.53174603174604,93.35317460317461,52.976190476190474,0.0,0.1163136280306776
NVIDIA A100 80GB PCIe,coverage,32,2,direct_clamped,selective,10,10,0.0,0.0,100.0,1008.0,8.044284901555685,4.650627306827257,16.015882363519378,27.59031761931661,20.266931291213155,81.0515873015873,92.1626984126984,40.27777777777778,0.0,0.12181571568242111
NVIDIA A100 80GB PCIe,coverage,32,2,gray_residual,global,10,10,0.0,0.0,100.0,1008.0,4.951631941711977,3.6292975865536943,11.237222739760433,13.25203479066642,8.128344633965117,86.90476190476191,99.30555555555556,33.53174603174603,0.0,0.0637095825671421
NVIDIA A100 80GB PCIe,coverage,32,2,gray_residual,segmented,10,10,100.0,0.0,0.0,1008.0,3.833780408608965,2.5968394666966907,9.395458096179388,11.793230013594034,6.364170023699815,91.36904761904762,100.0,46.726190476190474,0.0,0.05322200607082834
NVIDIA A100 80GB PCIe,coverage,32,2,gray_residual,selective,10,10,0.0,0.0,100.0,1008.0,4.951631941711977,3.6292975865536943,11.237222739760433,13.25203479066642,8.128344633965117,86.90476190476191,99.30555555555556,33.53174603174603,0.0,0.0637095825671421
NVIDIA A100 80GB PCIe,coverage,32,3,direct_clamped,global,10,10,0.0,0.0,100.0,1008.0,8.036368555278214,4.837987270643268,15.725068114826383,26.976215952057874,20.022473338710654,80.55555555555556,92.46031746031747,38.095238095238095,0.0,0.12042429646023858
NVIDIA A100 80GB PCIe,coverage,32,3,direct_clamped,segmented,10,10,100.0,0.0,0.0,1008.0,7.589672796726089,4.713864869338337,14.184367978010215,24.333399713657094,18.73870011187887,82.73809523809523,93.45238095238095,52.67857142857143,0.0,0.11470218290208152
NVIDIA A100 80GB PCIe,coverage,32,3,direct_clamped,selective,10,10,0.0,0.0,100.0,1008.0,8.036368555278214,4.837987270643268,15.725068114826383,26.976215952057874,20.022473338710654,80.55555555555556,92.46031746031747,38.095238095238095,0.0,0.12042429646023858
NVIDIA A100 80GB PCIe,coverage,32,3,gray_residual,global,10,10,0.0,0.0,100.0,1008.0,4.545771214725502,2.9128721223666068,11.160283470019719,13.095407447464734,7.067941155873135,86.01190476190477,99.60317460317461,44.642857142857146,0.0,0.06313774630355497
NVIDIA A100 80GB PCIe,coverage,32,3,gray_residual,segmented,10,10,100.0,0.0,0.0,1008.0,3.934560104312201,2.5068517992911445,9.086939472851334,11.744148982637306,6.455620171050745,91.96428571428571,99.8015873015873,51.78571428571429,0.0,0.05563191689547482
NVIDIA A100 80GB PCIe,coverage,32,3,gray_residual,selective,10,10,0.0,0.0,100.0,1008.0,4.545771214725502,2.9128721223666068,11.160283470019719,13.095407447464734,7.067941155873135,86.01190476190477,99.60317460317461,44.642857142857146,0.0,0.06313774630355497
NVIDIA A100 80GB PCIe,coverage,32,4,direct_clamped,global,10,10,0.0,0.0,100.0,1008.0,8.051834768256146,4.747861255376954,16.120768626563276,27.506585675989886,20.104855583485946,80.65476190476191,92.1626984126984,39.18650793650794,0.0,0.12155632406599698
NVIDIA A100 80GB PCIe,coverage,32,4,direct_clamped,segmented,10,10,100.0,0.0,0.0,1008.0,7.290747468699568,4.188382714653445,14.051712394671048,25.831521082149074,18.6632726205405,83.33333333333334,92.85714285714286,43.551587301587304,0.0,0.11245847507291
NVIDIA A100 80GB PCIe,coverage,32,4,direct_clamped,selective,10,10,0.0,0.0,100.0,1008.0,8.051834768256146,4.747861255376954,16.120768626563276,27.506585675989886,20.104855583485946,80.65476190476191,92.1626984126984,39.18650793650794,0.0,0.12155632406599698
NVIDIA A100 80GB PCIe,coverage,32,4,gray_residual,global,10,10,0.0,0.0,100.0,1008.0,5.072358877029833,3.7896283449834045,11.15914236549398,13.509943178887154,8.343262212724552,86.70634920634922,99.20634920634922,32.142857142857146,0.0,0.06435273389405048
NVIDIA A100 80GB PCIe,coverage,32,4,gray_residual,segmented,10,10,100.0,0.0,0.0,1008.0,3.839836285821087,2.932593153056846,8.485123713535623,10.677471902146927,5.916477012531008,94.44444444444444,100.0,48.41269841269841,0.0,0.05056034999970241
NVIDIA A100 80GB PCIe,coverage,32,4,gray_residual,selective,10,10,0.0,0.0,100.0,1008.0,5.072358877029833,3.7896283449834045,11.15914236549398,13.509943178887154,8.343262212724552,86.70634920634922,99.20634920634922,32.142857142857146,0.0,0.06435273389405048
NVIDIA A100 80GB PCIe,coverage,32,5,direct_clamped,global,10,10,0.0,0.0,100.0,1008.0,7.5587913874195545,4.280615730204174,15.671886869835372,24.31115357347296,18.05731698361729,79.56349206349206,93.15476190476191,55.25793650793651,0.0,0.11516786059483458
NVIDIA A100 80GB PCIe,coverage,32,5,direct_clamped,segmented,10,10,100.0,0.0,0.0,1008.0,6.926601504786099,3.9865090363765088,14.559906882053818,22.92383895655303,16.810869660121277,81.74603174603175,93.5515873015873,55.45634920634921,0.0,0.10764924597863404
NVIDIA A100 80GB PCIe,coverage,32,5,direct_clamped,selective,10,10,0.0,0.0,100.0,1008.0,7.5587913874195545,4.280615730204174,15.671886869835372,24.31115357347296,18.05731698361729,79.56349206349206,93.15476190476191,55.25793650793651,0.0,0.11516786059483458
NVIDIA A100 80GB PCIe,coverage,32,5,gray_residual,global,10,10,0.0,0.0,100.0,1008.0,4.90238777684366,3.5391492767705213,11.193690578926038,13.248652438390778,7.980059800101665,86.80555555555556,99.20634920634922,34.523809523809526,0.0,0.06372192612568466
NVIDIA A100 80GB PCIe,coverage,32,5,gray_residual,segmented,10,10,100.0,0.0,0.0,1008.0,4.218573598526482,3.192529447098978,9.355827400809655,11.30577632584787,6.983740056975265,92.06349206349206,99.70238095238095,36.11111111111111,0.0,0.05546881400133672
NVIDIA A100 80GB PCIe,coverage,32,5,gray_residual,selective,10,10,0.0,0.0,100.0,1008.0,4.90238777684366,3.5391492767705213,11.193690578926038,13.248652438390778,7.980059800101665,86.80555555555556,99.20634920634922,34.523809523809526,0.0,0.06372192612568466
NVIDIA A100 80GB PCIe,coverage,32,6,direct_clamped,global,10,10,0.0,0.0,100.0,1008.0,7.753260367065914,4.551344815521926,15.083019931039185,25.365040358827912,19.351013384527516,81.64682539682539,92.7579365079365,43.25396825396825,0.0,0.11767526799890335
NVIDIA A100 80GB PCIe,coverage,32,6,direct_clamped,segmented,10,10,100.0,0.0,0.0,1008.0,7.677613402910583,6.459043143784303,13.935152931174606,21.627220926560074,15.705941208568,81.54761904761905,94.64285714285714,59.42460317460318,0.0,0.10458113364257478
NVIDIA A100 80GB PCIe,coverage,32,6,direct_clamped,selective,10,10,0.0,0.0,100.0,1008.0,7.753260367065914,4.551344815521926,15.083019931039185,25.365040358827912,19.351013384527516,81.64682539682539,92.7579365079365,43.25396825396825,0.0,0.11767526799890335
NVIDIA A100 80GB PCIe,coverage,32,6,gray_residual,global,10,10,0.0,0.0,100.0,1008.0,4.927752874704645,3.616846236592986,11.102856007309946,13.27539525287454,8.040954790556034,87.00396825396825,99.30555555555556,33.92857142857143,0.0,0.06357471812930028
NVIDIA A100 80GB PCIe,coverage,32,6,gray_residual,segmented,10,10,100.0,0.0,0.0,1008.0,3.8687520843126753,2.726427435293865,9.359212913831334,10.975752637817033,6.168462097340006,91.96428571428571,99.90079365079364,50.09920634920635,0.0,0.05349529987386339
NVIDIA A100 80GB PCIe,coverage,32,6,gray_residual,selective,10,10,0.0,0.0,100.0,1008.0,4.927752874704645,3.616846236592986,11.102856007309946,13.27539525287454,8.040954790556034,87.00396825396825,99.30555555555556,33.92857142857143,0.0,0.06357471812930028
NVIDIA A100 80GB PCIe,coverage,32,7,direct_clamped,global,10,10,0.0,0.0,100.0,1008.0,8.30558158817983,4.903030223356469,15.807023949297868,27.73536134113476,20.997908786146148,80.35714285714286,92.06349206349206,36.01190476190476,0.0,0.1237725463822162
NVIDIA A100 80GB PCIe,coverage,32,7,direct_clamped,segmented,10,10,100.0,0.0,0.0,1008.0,7.895409558516607,4.417144598379791,15.792470337543074,27.667492941356066,20.782381507237048,81.74603174603175,92.06349206349206,39.285714285714285,0.0,0.12132591290639269
NVIDIA A100 80GB PCIe,coverage,32,7,direct_clamped,selective,10,10,0.0,0.0,100.0,1008.0,8.30558158817983,4.903030223356469,15.807023949297868,27.73536134113476,20.997908786146148,80.35714285714286,92.06349206349206,36.01190476190476,0.0,0.1237725463822162
NVIDIA A100 80GB PCIe,coverage,32,7,gray_residual,global,10,10,0.0,0.0,100.0,1008.0,5.191667003700359,3.9583193211107774,11.085544474216631,13.653070615171735,8.644037519971903,86.01190476190477,99.0079365079365,31.547619047619047,0.0,0.06512722238167502
NVIDIA A100 80GB PCIe,coverage,32,7,gray_residual,segmented,10,10,100.0,0.0,0.0,1008.0,3.7784113125526093,2.351844119505855,9.354026362258695,11.921554804084925,6.57939282949021,91.17063492063492,99.90079365079364,45.33730158730159,0.0,0.05338196435202248
NVIDIA A100 80GB PCIe,coverage,32,7,gray_residual,selective,10,10,0.0,0.0,100.0,1008.0,5.191667003700359,3.9583193211107774,11.085544474216631,13.653070615171735,8.644037519971903,86.01190476190477,99.0079365079365,31.547619047619047,0.0,0.06512722238167502
NVIDIA A100 80GB PCIe,coverage,32,8,direct_clamped,global,10,10,0.0,0.0,100.0,1008.0,7.970645532381166,4.7041719682972705,15.731260619970465,26.996952311439102,19.725493380261355,81.25,92.26190476190477,40.57539682539682,0.0,0.12057699752311551
NVIDIA A100 80GB PCIe,coverage,32,8,direct_clamped,segmented,10,10,100.0,0.0,0.0,1008.0,7.531545599415959,4.352457818589501,14.369148243723558,25.558064552837177,19.11143114068225,82.93650793650794,92.95634920634922,43.452380952380956,0.0,0.11655681347011725
NVIDIA A100 80GB PCIe,coverage,32,8,direct_clamped,selective,10,10,0.0,0.0,100.0,1008.0,7.970645532381166,4.7041719682972705,15.731260619970465,26.996952311439102,19.725493380261355,81.25,92.26190476190477,40.57539682539682,0.0,0.12057699752311551
NVIDIA A100 80GB PCIe,coverage,32,8,gray_residual,global,10,10,0.0,0.0,100.0,1008.0,4.63401796054994,3.087510954525147,10.877352698625877,13.170596473684975,7.326357614823825,86.30952380952381,99.40476190476191,40.97222222222222,0.0,0.06300057235582822
NVIDIA A100 80GB PCIe,coverage,32,8,gray_residual,segmented,10,10,100.0,0.0,0.0,1008.0,3.86563234473206,2.662172506517111,8.830270092995645,11.174852638498914,6.479406006293857,92.95634920634922,99.8015873015873,46.32936507936508,0.0,0.05333442862876797
NVIDIA A100 80GB PCIe,coverage,32,8,gray_residual,selective,10,10,0.0,33.13492063492063,66.86507936507937,1008.0,4.196431495278827,2.804265501161156,10.479316290394442,12.641938874793887,6.368964516374527,88.29365079365078,99.90079365079364,48.71031746031746,0.0,0.05922056487126428
NVIDIA A100 80GB PCIe,coverage,32,9,direct_clamped,global,10,10,0.0,0.0,100.0,1008.0,7.662614126436467,4.3534932129957244,15.415530593990336,25.35606294587021,19.020542041521885,80.75396825396825,93.15476190476191,48.11507936507937,0.0,0.11772222213897489
NVIDIA A100 80GB PCIe,coverage,32,9,direct_clamped,segmented,10,10,100.0,0.0,0.0,1008.0,7.163303576700801,4.315704426305006,14.909359101331917,23.262376167753082,17.31342750916985,82.14285714285714,93.75,53.47222222222222,0.0,0.10960134618824934
NVIDIA A100 80GB PCIe,coverage,32,9,direct_clamped,selective,10,10,0.0,0.0,100.0,1008.0,7.662614126436467,4.3534932129957244,15.415530593990336,25.35606294587021,19.020542041521885,80.75396825396825,93.15476190476191,48.11507936507937,0.0,0.11772222213897489
NVIDIA A100 80GB PCIe,coverage,32,9,gray_residual,global,10,10,0.0,0.0,100.0,1008.0,4.725084330953676,3.3321751094663954,10.921879532358972,13.038362033618052,7.4074860786867855,86.40873015873017,99.50396825396825,37.202380952380956,0.0,0.0628133678033395
NVIDIA A100 80GB PCIe,coverage,32,9,gray_residual,segmented,10,10,100.0,0.0,0.0,1008.0,4.17496361065973,3.3293036573749384,9.147751105301868,11.23963717161225,5.341861382375853,91.46825396825396,100.0,56.845238095238095,0.0,0.05433544448815065
NVIDIA A100 80GB PCIe,coverage,32,9,gray_residual,selective,10,10,0.0,0.0,100.0,1008.0,4.725084330953676,3.3321751094663954,10.921879532358972,13.038362033618052,7.4074860786867855,86.40873015873017,99.50396825396825,37.202380952380956,0.0,0.0628133678033395
NVIDIA A100 80GB PCIe,coverage,64,0,direct_clamped,global,10,10,0.0,0.0,100.0,976.0,7.860986956848682,4.636524861581317,15.677560228316754,26.70043067513977,19.114561967235257,81.86475409836066,92.41803278688525,40.77868852459016,0.0,0.11839462366824768
NVIDIA A100 80GB PCIe,coverage,64,0,direct_clamped,segmented,10,10,100.0,0.0,0.0,976.0,7.516852927265703,4.601104825411223,15.041541905220122,25.593917672067047,18.43874881562867,82.99180327868852,92.21311475409836,36.0655737704918,0.0,0.11370214738130137
NVIDIA A100 80GB PCIe,coverage,64,0,direct_clamped,selective,10,10,0.0,9.528688524590164,90.47131147540983,976.0,7.700420361273182,4.510824523483221,14.72664116960437,26.70043067513977,19.116666753999606,83.29918032786885,92.41803278688525,38.52459016393443,0.0,0.11695322036230454
NVIDIA A100 80GB PCIe,coverage,64,0,gray_residual,global,10,10,0.0,0.0,100.0,976.0,4.780283618606874,3.448042744035023,11.061368923749345,13.088165171418424,7.635085517485875,87.19262295081968,99.38524590163934,35.24590163934426,0.0,0.0626061490335412
NVIDIA A100 80GB PCIe,coverage,64,0,gray_residual,segmented,10,10,100.0,0.0,0.0,976.0,3.796338137860054,2.7711314283208597,8.380944334711966,10.81130412746446,6.525497047052442,93.85245901639344,99.89754098360656,35.65573770491803,0.0,0.0512096056477316
NVIDIA A100 80GB PCIe,coverage,64,0,gray_residual,selective,10,10,0.0,43.23770491803279,56.76229508196722,976.0,3.8869758586372356,2.8073405739089883,9.190189924985264,11.148672602049169,6.001221846013688,92.62295081967213,99.89754098360656,47.33606557377049,0.0,0.05255037732531225
NVIDIA A100 80GB PCIe,coverage,64,1,direct_clamped,global,10,10,0.0,0.0,100.0,976.0,7.835813588799521,4.530855437137011,15.038357672773106,25.789128873828247,19.446272176838185,81.86475409836066,92.62295081967213,42.3155737704918,0.0,0.11970959753343793
NVIDIA A100 80GB PCIe,coverage,64,1,direct_clamped,segmented,10,10,100.0,0.0,0.0,976.0,6.834771246506018,3.9079881606124003,14.403021289083648,23.074832060503304,17.586521630883723,84.93852459016394,93.34016393442623,43.135245901639344,0.0,0.10781285555081034
NVIDIA A100 80GB PCIe,coverage,64,1,direct_clamped,selective,10,10,0.0,9.528688524590164,90.47131147540983,976.0,7.682564218135575,4.422599127741233,14.411861842003571,25.789128873828247,19.446679611222333,83.29918032786885,92.72540983606558,41.08606557377049,0.0,0.11838962963629457
NVIDIA A100 80GB PCIe,coverage,64,1,gray_residual,global,10,10,0.0,0.0,100.0,976.0,4.931266715125343,3.6217298930451136,11.053525026049824,13.198623260039776,8.209782410930258,87.5,99.18032786885246,32.99180327868852,0.0,0.06323668005288773
NVIDIA A100 80GB PCIe,coverage,64,1,gray_residual,segmented,10,10,100.0,0.0,0.0,976.0,3.9319274963871216,2.9578045811753757,8.726545799413277,10.637334636754922,6.720542316532664,93.95491803278688,99.79508196721312,36.37295081967213,0.0,0.05209258057970566
NVIDIA A100 80GB PCIe,coverage,64,1,gray_residual,selective,10,10,0.0,9.528688524590164,90.47131147540983,976.0,4.7597444228099315,3.519435591956019,10.185598802504076,12.762441908082153,8.208569743233946,89.24180327868852,99.18032786885246,31.25,0.0,0.06067112970130782
NVIDIA A100 80GB PCIe,coverage,64,2,direct_clamped,global,10,10,0.0,0.0,100.0,976.0,8.077195734452701,4.6569802171728405,16.246318268375575,27.663879146478273,20.230641717722737,81.14754098360656,92.00819672131148,40.26639344262295,0.0,0.12218948361809606
NVIDIA A100 80GB PCIe,coverage,64,2,direct_clamped,segmented,10,10,100.0,0.0,0.0,976.0,7.231902031835031,3.9328813626623558,14.641942987174849,26.912292437364805,18.86348334494803,82.6844262295082,92.82786885245902,39.85655737704918,0.0,0.11333355348333705
NVIDIA A100 80GB PCIe,coverage,64,2,direct_clamped,selective,10,10,0.0,0.0,100.0,976.0,8.077195734452701,4.6569802171728405,16.246318268375575,27.663879146478273,20.230641717722737,81.14754098360656,92.00819672131148,40.26639344262295,0.0,0.12218948361809606
NVIDIA A100 80GB PCIe,coverage,64,2,gray_residual,global,10,10,0.0,0.0,100.0,976.0,4.959250216250989,3.6223193745379882,11.265077483819745,13.268844471564181,8.18718697055193,86.88524590163934,99.2827868852459,32.99180327868852,0.0,0.06385026227903044
NVIDIA A100 80GB PCIe,coverage,64,2,gray_residual,segmented,10,10,100.0,0.0,0.0,976.0,3.6676656660430824,2.574665442395228,8.397236626922961,10.89134473077855,5.866809998564503,93.44262295081968,100.0,53.278688524590166,0.0,0.04949597718025078
NVIDIA A100 80GB PCIe,coverage,64,2,gray_residual,selective,10,10,0.0,0.0,100.0,976.0,4.959250216250989,3.6223193745379882,11.265077483819745,13.268844471564181,8.18718697055193,86.88524590163934,99.2827868852459,32.99180327868852,0.0,0.06385026227903044
NVIDIA A100 80GB PCIe,coverage,64,3,direct_clamped,global,10,10,0.0,0.0,100.0,976.0,8.065758978437277,4.857737869529142,15.953915030347382,27.490070373669692,20.139640023081114,80.32786885245902,92.3155737704918,38.83196721311475,0.0,0.12122123392907466
NVIDIA A100 80GB PCIe,coverage,64,3,direct_clamped,segmented,10,10,100.0,0.0,0.0,976.0,7.467470897299112,4.168033610417563,14.351275691748658,26.23747221251192,19.38068443076656,82.99180327868852,92.72540983606558,41.700819672131146,0.0,0.1157533578509272
NVIDIA A100 80GB PCIe,coverage,64,3,direct_clamped,selective,10,10,0.0,0.0,100.0,976.0,8.065758978437277,4.857737869529142,15.953915030347382,27.490070373669692,20.139640023081114,80.32786885245902,92.3155737704918,38.83196721311475,0.0,0.12122123392907466
NVIDIA A100 80GB PCIe,coverage,64,3,gray_residual,global,10,10,0.0,0.0,100.0,976.0,4.683719302515869,3.1819015460064097,10.889465160814053,13.014712902234102,7.554180330950144,85.96311475409836,99.38524590163934,38.2172131147541,0.0,0.06325699414421312
NVIDIA A100 80GB PCIe,coverage,64,3,gray_residual,segmented,10,10,100.0,0.0,0.0,976.0,3.9774683077418906,2.649099286250523,9.130376804911087,11.499954471876759,6.674306544359086,92.3155737704918,99.79508196721312,50.81967213114754,0.0,0.0551662284365534
NVIDIA A100 80GB PCIe,coverage,64,3,gray_residual,selective,10,10,0.0,0.5122950819672131,99.48770491803278,976.0,4.689277788632917,3.197349206832726,10.889465160814053,13.014712902234102,7.554595106527589,85.96311475409836,99.38524590163934,38.2172131147541,0.0,0.06326960732103322
NVIDIA A100 80GB PCIe,coverage,64,4,direct_clamped,global,10,10,0.0,0.0,100.0,976.0,8.292628375652246,4.924525107588064,15.864519783597249,27.657414506992275,20.481958353103366,80.5327868852459,91.90573770491804,35.040983606557376,0.0,0.12341374883566131
NVIDIA A100 80GB PCIe,coverage,64,4,direct_clamped,segmented,10,10,100.0,0.0,0.0,976.0,7.168119689361033,4.210724154220637,15.342491173035024,24.364785184753256,18.057443820012832,83.40163934426229,92.82786885245902,40.06147540983606,0.0,0.11012754903944766
NVIDIA A100 80GB PCIe,coverage,64,4,direct_clamped,selective,10,10,0.0,9.528688524590164,90.47131147540983,976.0,8.190504819496107,4.882174447470965,15.710782443477243,27.657414506992275,20.484873389656318,81.65983606557377,91.90573770491804,33.19672131147541,0.0,0.12247160154943056
NVIDIA A100 80GB PCIe,coverage,64,4,gray_residual,global,10,10,0.0,0.0,100.0,976.0,4.657449219967114,3.2057783873957306,10.828052407924298,13.0170998263071,7.452855788189708,86.47540983606558,99.38524590163934,38.2172131147541,0.0,0.06276304167351275
NVIDIA A100 80GB PCIe,coverage,64,4,gray_residual,segmented,10,10,100.0,0.0,0.0,976.0,3.6906260534952655,2.777634585931808,7.981557490081968,10.15982534363922,5.670078565806012,94.15983606557377,100.0,52.971311475409834,0.0,0.04947420400493627
NVIDIA A100 80GB PCIe,coverage,64,4,gray_residual,selective,10,10,0.0,43.23770491803279,56.76229508196722,976.0,3.8892336230195172,2.7940889770727506,9.175223049045403,11.08682439215784,5.914197845177938,92.00819672131148,100.0,53.278688524590166,0.0,0.053053541398503976
NVIDIA A100 80GB PCIe,coverage,64,5,direct_clamped,global,10,10,0.0,0.0,100.0,976.0,7.650310700360512,4.408338826191426,15.670639707161634,25.54609806639359,18.47921905862327,79.8155737704918,93.0327868852459,50.307377049180324,0.0,0.11666583200016475
NVIDIA A100 80GB PCIe,coverage,64,5,direct_clamped,segmented,10,10,100.0,0.0,0.0,976.0,6.889265961342177,4.087811914384638,14.164679595780907,22.289477623878653,16.715446994475556,83.29918032786885,93.54508196721312,55.942622950819676,0.0,0.10614299832785434
NVIDIA A100 80GB PCIe,coverage,64,5,direct_clamped,selective,10,10,0.0,43.135245901639344,56.864754098360656,976.0,7.2606380716022,4.366632853535933,14.201296437685375,25.412824963497748,17.60346870573798,82.78688524590164,93.54508196721312,55.73770491803278,0.0,0.1106981952288358
NVIDIA A100 80GB PCIe,coverage,64,5,gray_residual,global,10,10,0.0,0.0,100.0,976.0,4.885330013791494,3.547646546773379,11.189330547895786,13.242030610950824,8.013289340783063,86.57786885245902,99.2827868852459,34.73360655737705,0.0,0.06380188359642194
NVIDIA A100 80GB PCIe,coverage,64,5,gray_residual,segmented,10,10,100.0,0.0,0.0,976.0,3.8419339418304737,2.7690889211372713,8.917024349788573,11.051650734704006,6.6565781909128905,93.0327868852459,99.79508196721312,42.21311475409836,0.0,0.05250129185066025
NVIDIA A100 80GB PCIe,coverage,64,5,gray_residual,selective,10,10,0.0,9.528688524590164,90.47131147540983,976.0,4.761388434336237,3.486998256368993,10.64053382212178,12.771868893650574,8.011397865158857,87.90983606557377,99.2827868852459,33.91393442622951,0.0,0.06177371975237139
NVIDIA A100 80GB PCIe,coverage,64,6,direct_clamped,global,10,10,0.0,0.0,100.0,976.0,8.187631678320198,4.942053411631189,15.868042413209604,27.535035199229483,20.47715455656391,80.43032786885246,92.21311475409836,35.96311475409836,0.0,0.12176151548474991
NVIDIA A100 80GB PCIe,coverage,64,6,direct_clamped,segmented,10,10,100.0,0.0,0.0,976.0,7.358889163836574,3.9026728613739046,14.806532025519108,27.547622358393085,20.037005253693074,83.60655737704919,92.72540983606558,42.82786885245902,0.0,0.1169774686905095
NVIDIA A100 80GB PCIe,coverage,64,6,direct_clamped,selective,10,10,0.0,0.0,100.0,976.0,8.187631678320198,4.942053411631189,15.868042413209604,27.535035199229483,20.47715455656391,80.43032786885246,92.21311475409836,35.96311475409836,0.0,0.12176151548474991
NVIDIA A100 80GB PCIe,coverage,64,6,gray_residual,global,10,10,0.0,0.0,100.0,976.0,5.437296341369235,4.383327333960736,11.348018047219462,13.479271493091977,9.309483732886958,84.93852459016394,99.07786885245902,28.790983606557376,0.0,0.06660291986798855
NVIDIA A100 80GB PCIe,coverage,64,6,gray_residual,segmented,10,10,100.0,0.0,0.0,976.0,3.8382020211880583,2.5206364566372974,9.043958448554989,11.26242244403727,6.956675669782101,93.0327868852459,99.69262295081968,38.42213114754098,0.0,0.05214658242194437
NVIDIA A100 80GB PCIe,coverage,64,6,gray_residual,selective,10,10,0.0,0.0,100.0,976.0,5.437296341369235,4.383327333960736,11.348018047219462,13.479271493091977,9.309483732886958,84.93852459016394,99.07786885245902,28.790983606557376,0.0,0.06660291986798855
NVIDIA A100 80GB PCIe,coverage,64,7,direct_clamped,global,10,10,0.0,0.0,100.0,976.0,8.133361645556022,4.835908462925972,16.124266785875655,27.663879146478273,20.847822561050044,80.32786885245902,92.00819672131148,38.9344262295082,0.0,0.12259855050889462
NVIDIA A100 80GB PCIe,coverage,64,7,direct_clamped,segmented,10,10,100.0,0.0,0.0,976.0,7.500952334839022,3.9789011151298346,15.527414674073235,28.659329925290727,20.7924699243692,83.60655737704919,92.52049180327869,41.700819672131146,0.0,0.11924765533376679
NVIDIA A100 80GB PCIe,coverage,64,7,direct_clamped,selective,10,10,0.0,9.631147540983607,90.3688524590164,976.0,7.997973784648374,4.696827815328197,15.107240423542624,27.663879146478273,20.850115994320685,81.76229508196722,92.00819672131148,37.5,0.0,0.12144770696408963
NVIDIA A100 80GB PCIe,coverage,64,7,gray_residual,global,10,10,0.0,0.0,100.0,976.0,4.7811172256437215,3.3950190762149557,11.045793374596629,13.193352827206748,7.712435272523354,86.37295081967213,99.38524590163934,36.27049180327869,0.0,0.06321555582347123
NVIDIA A100 80GB PCIe,coverage,64,7,gray_residual,segmented,10,10,100.0,0.0,0.0,976.0,3.60899791527878,2.3637945130994744,8.257212489591673,10.35034040367352,6.249555646925856,94.05737704918032,99.89754098360656,48.15573770491803,0.0,0.04934418877686698
NVIDIA A100 80GB PCIe,coverage,64,7,gray_residual,selective,10,10,0.0,9.631147540983607,90.3688524590164,976.0,4.615019653593461,3.3468513323824025,10.45147866167894,12.580825505518836,7.711275470447286,88.31967213114754,99.38524590163934,35.14344262295082,0.0,0.060487558264331207
NVIDIA A100 80GB PCIe,coverage,64,8,direct_clamped,global,10,10,0.0,0.0,100.0,976.0,7.961725332026232,4.6830204045645285,15.038016374648976,26.819917601820386,19.525636395081694,81.25,92.52049180327869,40.06147540983606,0.0,0.12060900370999578
NVIDIA A100 80GB PCIe,coverage,64,8,direct_clamped,segmented,10,10,100.0,0.0,0.0,976.0,7.120012926646816,4.019143583619485,14.253122755682833,24.65974998164019,18.12579538386947,84.1188524590164,93.44262295081968,40.06147540983606,0.0,0.11117362436156102
NVIDIA A100 80GB PCIe,coverage,64,8,direct_clamped,selective,10,10,0.0,9.528688524590164,90.47131147540983,976.0,7.847395050364719,4.6353932308599815,14.877401345080507,26.819917601820386,19.526016014927045,82.27459016393442,92.52049180327869,38.9344262295082,0.0,0.1195925247304861
NVIDIA A100 80GB PCIe,coverage,64,8,gray_residual,global,10,10,0.0,0.0,100.0,976.0,4.755877093828863,3.339221828451856,11.036705037206577,13.235503268348317,7.87756772694836,86.57786885245902,99.38524590163934,36.16803278688525,0.0,0.06301231342822425
NVIDIA A100 80GB PCIe,coverage,64,8,gray_residual,segmented,10,10,100.0,0.0,0.0,976.0,3.6646050460163053,2.543035987648792,8.321511449114722,10.44939201584806,6.473448716021801,94.26229508196722,99.89754098360656,40.57377049180328,0.0,0.05016086348704116
NVIDIA A100 80GB PCIe,coverage,64,8,gray_residual,selective,10,10,0.0,9.528688524590164,90.47131147540983,976.0,4.616330964807082,3.28496363743163,10.679535040655779,12.659398900613024,7.875315017762778,87.80737704918032,99.38524590163934,35.14344262295082,0.0,0.060672066944154564
NVIDIA A100 80GB PCIe,coverage,64,9,direct_clamped,global,10,10,0.0,0.0,100.0,976.0,7.755938063467479,4.452586572315645,15.285786172109317,26.271324619039895,19.164909318382335,81.45491803278688,92.62295081967213,42.62295081967213,0.0,0.11759399185191843
NVIDIA A100 80GB PCIe,coverage,64,9,direct_clamped,segmented,10,10,100.0,0.0,0.0,976.0,7.2847404079956855,4.238302404860969,14.445611793208421,24.29393676510898,18.240299683460655,82.6844262295082,93.0327868852459,43.135245901639344,0.0,0.11195364721480139
NVIDIA A100 80GB PCIe,coverage,64,9,direct_clamped,selective,10,10,0.0,0.0,100.0,976.0,7.755938063467479,4.452586572315645,15.285786172109317,26.271324619039895,19.164909318382335,81.45491803278688,92.62295081967213,42.62295081967213,0.0,0.11759399185191843
NVIDIA A100 80GB PCIe,coverage,64,9,gray_residual,global,10,10,0.0,0.0,100.0,976.0,4.902665720661922,3.5950523808562362,11.105778703948443,13.263039999377307,7.9194270969142835,86.98770491803278,99.2827868852459,33.50409836065574,0.0,0.06338995494720416
NVIDIA A100 80GB PCIe,coverage,64,9,gray_residual,segmented,10,10,100.0,0.0,0.0,976.0,4.2467981243867925,4.020869362885636,8.48434486086297,10.135784210963383,4.975907033766676,94.26229508196722,100.0,55.635245901639344,0.0,0.05286176086745131
NVIDIA A100 80GB PCIe,coverage,64,9,gray_residual,selective,10,10,0.0,33.60655737704918,66.39344262295081,976.0,4.121073860089048,3.047633456726477,9.54066867229843,11.600522764164698,5.741422111025522,91.18852459016394,100.0,52.66393442622951,0.0,0.05534790912763745
NVIDIA A100 80GB PCIe,coverage,128,0,direct_clamped,global,10,10,0.0,0.0,100.0,912.0,7.790898845599066,4.564323462517213,15.00230026581498,26.113983271188207,18.647055199713318,81.7982456140351,92.65350877192982,39.25438596491228,0.0,0.11785684175393604
NVIDIA A100 80GB PCIe,coverage,128,0,direct_clamped,segmented,10,10,100.0,0.0,0.0,912.0,7.041591732404546,3.922135318937328,13.912083052254397,22.897966941546475,17.806969992844074,83.22368421052632,93.2017543859649,40.24122807017544,0.0,0.11004498541344382
NVIDIA A100 80GB PCIe,coverage,128,0,direct_clamped,selective,10,10,10.855263157894738,2.1929824561403506,86.9517543859649,912.0,7.498526635847199,4.456948101381956,14.357646796977528,25.648543566693018,18.197490708154515,82.34649122807018,92.87280701754386,37.280701754385966,0.0,0.11367187978408219
NVIDIA A100 80GB PCIe,coverage,128,0,gray_residual,global,10,10,0.0,0.0,100.0,912.0,4.722750520343997,3.3864328747167836,11.000721350073082,13.043886300218453,7.753891960328694,87.28070175438597,99.3421052631579,33.99122807017544,0.0,0.06193490696683439
NVIDIA A100 80GB PCIe,coverage,128,0,gray_residual,segmented,10,10,100.0,0.0,0.0,912.0,3.5000029319927712,2.385173824116678,7.859048404080333,9.867441556240049,6.2460159500841055,95.6140350877193,99.89035087719299,40.021929824561404,0.0,0.047363142468675
NVIDIA A100 80GB PCIe,coverage,128,0,gray_residual,selective,10,10,30.153508771929825,2.1929824561403506,67.65350877192982,912.0,4.386194166906675,3.3337584576528223,9.485977701145954,11.333177861853606,7.684226135008321,91.55701754385966,99.3421052631579,29.385964912280706,0.0,0.05608845732214927
NVIDIA A100 80GB PCIe,coverage,128,1,direct_clamped,global,10,10,0.0,0.0,100.0,912.0,7.390782429440549,4.314175826551795,14.086657702448028,23.645962373003947,17.575852889118835,82.56578947368422,93.42105263157895,45.17543859649123,0.0,0.113347902722663
NVIDIA A100 80GB PCIe,coverage,128,1,direct_clamped,segmented,10,10,100.0,0.0,0.0,912.0,6.531109003888273,3.7251293414198674,13.496797044999655,22.549139822028888,16.434899563781467,85.30701754385966,93.75,48.24561403508772,0.0,0.10337685418269967
NVIDIA A100 80GB PCIe,coverage,128,1,direct_clamped,selective,10,10,10.855263157894738,2.302631578947368,86.8421052631579,912.0,7.021028258490903,3.9693778823814894,14.064916694445401,22.423682288385596,17.05155107739692,83.88157894736842,93.42105263157895,43.75,0.0,0.10830728415533855
NVIDIA A100 80GB PCIe,coverage,128,1,gray_residual,global,10,10,0.0,0.0,100.0,912.0,4.740772939652797,3.4047224019292113,10.84937147752883,13.040859110098115,8.340696764072408,86.9517543859649,99.3421052631579,35.30701754385965,0.0,0.06224341524893055
NVIDIA A100 80GB PCIe,coverage,128,1,gray_residual,segmented,10,10,100.0,0.0,0.0,912.0,3.5442387444422017,2.183341919283417,8.412455827634295,10.747279706255132,6.902357837342706,92.98245614035088,99.89035087719299,44.95614035087719,0.0,0.0493367531916619
NVIDIA A100 80GB PCIe,coverage,128,1,gray_residual,selective,10,10,6.25,2.302631578947368,91.44736842105263,912.0,4.5363358559692415,3.298181566348739,10.326138357688459,12.60217245101647,8.338989441299864,89.25438596491229,99.3421052631579,32.67543859649123,0.0,0.05907978820944409
NVIDIA A100 80GB PCIe,coverage,128,2,direct_clamped,global,10,10,0.0,0.0,100.0,912.0,7.826378943440091,4.688064220612379,14.935208818136974,27.05850582368526,19.748345588979454,81.7982456140351,92.32456140350878,39.03508771929825,0.0,0.11800860846635883
NVIDIA A100 80GB PCIe,coverage,128,2,direct_clamped,segmented,10,10,100.0,0.0,0.0,912.0,6.74082054051968,3.712925615350054,12.73004771271726,23.862641723048664,18.271775471336124,85.41666666666666,93.75,49.01315789473684,0.0,0.10754991294252692
NVIDIA A100 80GB PCIe,coverage,128,2,direct_clamped,selective,10,10,6.359649122807018,2.302631578947368,91.33771929824562,912.0,7.6882086932179385,4.548019091608798,14.260595362262606,27.05850582368526,19.7510577135425,82.89473684210526,92.32456140350878,37.5,0.0,0.11672487688839284
NVIDIA A100 80GB PCIe,coverage,128,2,gray_residual,global,10,10,0.0,0.0,100.0,912.0,4.819938749514931,3.530573711103578,11.028219041854399,13.13104862745002,7.867535093128647,87.5,99.23245614035088,32.78508771929825,0.0,0.06255294212651549
NVIDIA A100 80GB PCIe,coverage,128,2,gray_residual,segmented,10,10,100.0,0.0,0.0,912.0,3.5994624108129107,3.0360609557327907,7.351099128961171,9.014593231541062,5.088738289404701,96.8201754385965,100.0,56.46929824561403,0.0,0.04547034504799225
NVIDIA A100 80GB PCIe,coverage,128,2,gray_residual,selective,10,10,40.67982456140351,2.302631578947368,57.01754385964912,912.0,3.8455043967783107,2.7592375855478513,9.01283978475915,11.03646836713288,5.905939350571751,92.76315789473685,100.0,47.03947368421053,0.0,0.05196261548634257
NVIDIA A100 80GB PCIe,coverage,128,3,direct_clamped,global,10,10,0.0,0.0,100.0,912.0,8.151240769655695,4.821523534336787,15.568097401524213,27.329869023778148,20.559887083125563,80.5921052631579,92.43421052631578,36.84210526315789,0.0,0.12240418258149426
NVIDIA A100 80GB PCIe,coverage,128,3,direct_clamped,segmented,10,10,100.0,0.0,0.0,912.0,7.414689698287757,4.095741062371177,14.068349450729048,26.228900388646895,19.523710299170084,83.33333333333334,92.98245614035088,39.91228070175439,0.0,0.11569454950156817
NVIDIA A100 80GB PCIe,coverage,128,3,direct_clamped,selective,10,10,6.25,0.0,93.75,912.0,8.041625013249863,4.7324669222275,15.248907762647395,27.329869023778148,20.56101633717532,81.57894736842105,92.43421052631578,35.74561403508772,0.0,0.12152766266979644
NVIDIA A100 80GB PCIe,coverage,128,3,gray_residual,global,10,10,0.0,0.0,100.0,912.0,4.538770403899784,2.9239855575160165,11.022686957708302,13.114818559676575,7.519146242996685,85.96491228070175,99.4517543859649,42.98245614035088,0.0,0.06278626712279788
NVIDIA A100 80GB PCIe,coverage,128,3,gray_residual,segmented,10,10,100.0,0.0,0.0,912.0,3.591483558903926,2.3969755843381515,8.243782870776185,10.05291027331109,6.432921174608428,94.73684210526315,99.89035087719299,50.76754385964912,0.0,0.049601492418775636
NVIDIA A100 80GB PCIe,coverage,128,3,gray_residual,selective,10,10,10.74561403508772,2.302631578947368,86.9517543859649,912.0,4.327142779102858,2.958349926472427,10.147416434901107,12.135317767889997,7.402093034069754,89.25438596491229,99.4517543859649,41.776315789473685,0.0,0.058705127322472704
NVIDIA A100 80GB PCIe,coverage,128,4,direct_clamped,global,10,10,0.0,0.0,100.0,912.0,7.877823058500312,4.5236068530507225,15.834804668890516,26.584948693595347,19.99692133710441,82.01754385964912,92.32456140350878,41.33771929824561,0.0,0.12019777628751771
NVIDIA A100 80GB PCIe,coverage,128,4,direct_clamped,segmented,10,10,100.0,0.0,0.0,912.0,6.825497386325917,3.8127565911562384,14.641548739424078,23.488750113807686,18.207573075586613,84.86842105263158,93.42105263157895,46.16228070175439,0.0,0.10805828613278219
NVIDIA A100 80GB PCIe,coverage,128,4,direct_clamped,selective,10,10,10.855263157894738,32.01754385964912,57.127192982456144,912.0,7.210673796601187,4.216140560694792,14.11532620010551,25.544245900399158,18.5468756896417,83.44298245614034,93.2017543859649,46.271929824561404,0.0,0.11126639752012853
NVIDIA A100 80GB PCIe,coverage,128,4,gray_residual,global,10,10,0.0,0.0,100.0,912.0,4.6972616453413965,3.331321734574483,10.913186946162817,13.020235567692428,7.708424628106221,86.8421052631579,99.4517543859649,35.85526315789473,0.0,0.06247104609024421
NVIDIA A100 80GB PCIe,coverage,128,4,gray_residual,segmented,10,10,100.0,0.0,0.0,912.0,3.643434952054116,3.032356524386473,7.581478253265592,10.019445738391317,5.37678109285066,94.84649122807018,100.0,53.83771929824561,0.0,0.04719623807597836
NVIDIA A100 80GB PCIe,coverage,128,4,gray_residual,selective,10,10,40.57017543859649,2.302631578947368,57.127192982456144,912.0,3.847671872618233,2.671492109607201,9.401375826011604,11.17411911221302,6.055034853181859,91.55701754385966,100.0,49.01315789473684,0.0,0.052707787119919886
NVIDIA A100 80GB PCIe,coverage,128,5,direct_clamped,global,10,10,0.0,0.0,100.0,912.0,7.624794246200222,4.372366530706856,15.381484959735044,25.236168690023018,18.613729928166933,81.03070175438597,93.0921052631579,47.91666666666667,0.0,0.1165090006049139
NVIDIA A100 80GB PCIe,coverage,128,5,direct_clamped,segmented,10,10,100.0,0.0,0.0,912.0,6.739620457494016,3.7610268836634475,13.66315035612681,22.769361010747005,17.24044013203644,84.4298245614035,93.85964912280701,53.07017543859649,0.0,0.10620440622627789
NVIDIA A100 80GB PCIe,coverage,128,5,direct_clamped,selective,10,10,8.552631578947368,34.32017543859649,57.127192982456144,912.0,7.153389662851727,4.337545277559462,13.459060416782982,24.770647903283596,17.343720768862543,83.77192982456141,93.75,55.81140350877193,0.0,0.10874790339148538
NVIDIA A100 80GB PCIe,coverage,128,5,gray_residual,global,10,10,0.0,0.0,100.0,912.0,4.902260316408898,3.5563842532848726,11.142423819825364,13.267626328284956,8.469646153065396,87.17105263157895,99.23245614035088,33.44298245614035,0.0,0.06369349564688098
NVIDIA A100 80GB PCIe,coverage,128,5,gray_residual,segmented,10,10,100.0,0.0,0.0,912.0,3.68496498085266,2.508345288009134,8.972362920541864,11.208080680506306,6.738728112125576,92.21491228070175,99.89035087719299,44.84649122807017,0.0,0.05125503212541875
NVIDIA A100 80GB PCIe,coverage,128,5,gray_residual,selective,10,10,6.359649122807018,2.1929824561403506,91.44736842105263,912.0,4.730528645666129,3.4801067476205474,10.414328627998138,12.812893686594995,8.468200918857576,88.70614035087719,99.23245614035088,31.798245614035086,0.0,0.061026954988885704
NVIDIA A100 80GB PCIe,coverage,128,6,direct_clamped,global,10,10,0.0,0.0,100.0,912.0,7.947796271127478,4.835908462925972,15.331929211721024,27.176467049675683,19.87895027277866,81.14035087719299,92.65350877192982,38.15789473684211,0.0,0.12001545113707521
NVIDIA A100 80GB PCIe,coverage,128,6,direct_clamped,segmented,10,10,100.0,0.0,0.0,912.0,6.765546463633328,3.804554141033367,13.143094552790982,24.067226952888024,18.145112959458306,85.74561403508771,93.53070175438597,44.07894736842105,0.0,0.10816474273437307
NVIDIA A100 80GB PCIe,coverage,128,6,direct_clamped,selective,10,10,6.359649122807018,0.0,93.64035087719299,912.0,7.80957521980709,4.544361995905691,15.041914764769675,27.176467049675683,19.880125674822484,81.9078947368421,92.65350877192982,36.84210526315789,0.0,0.11888983951979695
NVIDIA A100 80GB PCIe,coverage,128,6,gray_residual,global,10,10,0.0,0.0,100.0,912.0,5.139275191773534,3.9384259189682473,10.96313721292637,13.317877818872411,8.648312996191569,86.40350877192982,99.01315789473685,29.714912280701753,0.0,0.06426005245761882
NVIDIA A100 80GB PCIe,coverage,128,6,gray_residual,segmented,10,10,100.0,0.0,0.0,912.0,3.617955814280473,2.5526551107792397,8.18132593894778,9.810277520657626,6.64112902793097,95.28508771929825,99.78070175438597,38.26754385964912,0.0,0.048921127490300115
NVIDIA A100 80GB PCIe,coverage,128,6,gray_residual,selective,10,10,10.964912280701753,0.0,89.03508771929825,912.0,4.938335480960094,3.9021263934742754,10.216974066699855,12.159052375745418,8.314912108670095,88.81578947368422,99.01315789473685,30.153508771929825,0.0,0.06091167855319752
NVIDIA A100 80GB PCIe,coverage,128,7,direct_clamped,global,10,10,0.0,0.0,100.0,912.0,8.079875894355697,4.564647476337564,16.47191439124586,29.311033997120703,21.082553115371454,82.01754385964912,91.99561403508771,40.57017543859649,0.0,0.12324987448769129
NVIDIA A100 80GB PCIe,coverage,128,7,direct_clamped,segmented,10,10,100.0,0.0,0.0,912.0,7.054418188610295,3.7137115341247675,14.100437000342863,27.300404933470887,19.65773113142133,84.75877192982456,92.87280701754386,47.58771929824561,0.0,0.11357617186012532
NVIDIA A100 80GB PCIe,coverage,128,7,direct_clamped,selective,10,10,6.359649122807018,2.1929824561403506,91.44736842105263,912.0,7.932493546051151,4.466926741324121,15.545778691628028,29.311033997120703,21.086212089326406,82.89473684210526,91.99561403508771,38.26754385964912,0.0,0.12202352175293195
NVIDIA A100 80GB PCIe,coverage,128,7,gray_residual,global,10,10,0.0,0.0,100.0,912.0,4.684144319452747,3.2506775819969818,10.841890920721042,12.947585111850955,7.9853318562028095,86.40350877192982,99.3421052631579,36.51315789473684,0.0,0.06242442358610644
NVIDIA A100 80GB PCIe,coverage,128,7,gray_residual,segmented,10,10,100.0,0.0,0.0,912.0,3.4974605709776045,2.3696950673815964,8.219002015532277,10.00425998550867,6.216322925427596,94.95614035087719,100.0,53.39912280701754,0.0,0.04773191265660834
NVIDIA A100 80GB PCIe,coverage,128,7,gray_residual,selective,10,10,6.359649122807018,2.1929824561403506,91.44736842105263,912.0,4.498193408988852,3.120880857339741,10.298246993273175,12.43453031687321,7.984145025892392,88.37719298245614,99.3421052631579,34.53947368421053,0.0,0.05945321212279511
NVIDIA A100 80GB PCIe,coverage,128,8,direct_clamped,global,10,10,0.0,0.0,100.0,912.0,7.869178364336626,4.6483024298264475,15.631718598888567,26.342785336613648,19.67911796565295,81.68859649122807,92.43421052631578,39.58333333333333,0.0,0.11885709270660783
NVIDIA A100 80GB PCIe,coverage,128,8,direct_clamped,segmented,10,10,100.0,0.0,0.0,912.0,6.8391070555136695,3.751932413420276,13.50565466463347,23.76643197338192,18.13572008349573,85.19736842105263,93.2017543859649,43.530701754385966,0.0,0.10804222118715537
NVIDIA A100 80GB PCIe,coverage,128,8,direct_clamped,selective,10,10,6.359649122807018,2.302631578947368,91.33771929824562,912.0,7.722945627125616,4.45124215865941,14.786728421596145,26.342785336613648,19.680920884217855,83.00438596491229,92.43421052631578,37.609649122807014,0.0,0.1175943417648696
NVIDIA A100 80GB PCIe,coverage,128,8,gray_residual,global,10,10,0.0,0.0,100.0,912.0,4.83714765088846,3.4872714211202926,11.253680705631883,13.34985369011814,8.504702917749727,86.9517543859649,99.23245614035088,33.55263157894737,0.0,0.06329050597239408
NVIDIA A100 80GB PCIe,coverage,128,8,gray_residual,segmented,10,10,100.0,0.0,0.0,912.0,3.6319784501701773,2.2996996224080437,8.880087882527194,10.691469761553629,6.784610688945731,93.53070175438597,99.89035087719299,39.473684210526315,0.0,0.04989072668010236
NVIDIA A100 80GB PCIe,coverage,128,8,gray_residual,selective,10,10,25.657894736842106,10.855263157894738,63.48684210526315,912.0,4.541657668036906,3.3888887078589907,9.85953228684399,12.117324340058127,8.537592749550607,90.13157894736842,99.23245614035088,25.438596491228072,0.0,0.05810415752192072
NVIDIA A100 80GB PCIe,coverage,128,9,direct_clamped,global,10,10,0.0,0.0,100.0,912.0,7.680553278498447,4.407431593056176,15.334155449850194,25.468658380961497,19.17987556548838,81.9078947368421,92.76315789473685,43.75,0.0,0.11711674382889306
NVIDIA A100 80GB PCIe,coverage,128,9,direct_clamped,segmented,10,10,100.0,0.0,0.0,912.0,6.7414605642050525,3.731089915366051,13.405892434266805,22.404284298768303,17.521306670890624,83.88157894736842,94.07894736842105,54.93421052631579,0.0,0.10677762054412614
NVIDIA A100 80GB PCIe,coverage,128,9,direct_clamped,selective,10,10,6.359649122807018,2.1929824561403506,91.44736842105263,912.0,7.508077342918472,4.296032141342211,14.51405747967674,25.468658380961497,19.18056647028879,83.1140350877193,92.87280701754386,42.54385964912281,0.0,0.11553341887769525
NVIDIA A100 80GB PCIe,coverage,128,9,gray_residual,global,10,10,0.0,0.0,100.0,912.0,4.810301736982832,3.4666013030001066,11.017175692055302,13.098174759497924,8.031127966776337,87.06140350877193,99.3421052631579,34.10087719298245,0.0,0.06297100532101446
NVIDIA A100 80GB PCIe,coverage,128,9,gray_residual,segmented,10,10,100.0,0.0,0.0,912.0,3.493071990567781,2.36449132362835,8.073234001464927,9.9920272251235,6.107343317949829,94.95614035087719,99.89035087719299,46.71052631578947,0.0,0.04813363635597227
NVIDIA A100 80GB PCIe,coverage,128,9,gray_residual,selective,10,10,10.964912280701753,0.0,89.03508771929825,912.0,4.63126586513647,3.3908921061207744,10.258363833912064,11.82178979783261,7.797568065107259,88.81578947368422,99.3421052631579,33.881578947368425,0.0,0.05979424902712246
NVIDIA H100 80GB HBM3,random,8,0,direct_clamped,global,4,7,0.0,0.0,100.0,1032.0,13.11835949049727,9.689067826448131,25.719815233696977,36.617578398603534,33.77182981969868,51.065891472868216,82.65503875968993,29.651162790697676,0.0,0.1624500811896888
NVIDIA H100 80GB HBM3,random,8,0,direct_clamped,segmented,4,7,36.04651162790697,2.2286821705426356,61.724806201550386,1032.0,13.244908889476783,9.987066785706084,26.03665223247099,36.96790747424845,33.94125512649868,50.0,82.75193798449612,27.61627906976744,0.0,0.16269510385106564
NVIDIA H100 80GB HBM3,random,8,0,direct_clamped,selective,4,7,0.0,0.0,100.0,1032.0,13.11835949049727,9.689067826448131,25.719815233696977,36.617578398603534,33.77182981969868,51.065891472868216,82.65503875968993,29.651162790697676,0.0,0.1624500811896888
NVIDIA H100 80GB HBM3,random,8,0,gray_residual,global,4,7,0.0,0.0,100.0,1032.0,11.304407188850833,9.527041429707701,22.455318076249483,26.729215244987657,18.35603780199931,53.97286821705426,87.3062015503876,37.3062015503876,0.09689922480620156,0.14351782569517307
NVIDIA H100 80GB HBM3,random,8,0,gray_residual,segmented,4,7,36.04651162790697,2.2286821705426356,61.724806201550386,1032.0,11.337771802070652,9.799942406211198,21.909196042348768,26.515236755895984,18.607629592840453,51.356589147286826,87.3062015503876,34.883720930232556,0.09689922480620156,0.14164818887024963
NVIDIA H100 80GB HBM3,random,8,0,gray_residual,selective,4,7,0.0,0.0,100.0,1032.0,11.304407188850833,9.527041429707701,22.455318076249483,26.729215244987657,18.35603780199931,53.97286821705426,87.3062015503876,37.3062015503876,0.09689922480620156,0.14351782569517307
NVIDIA H100 80GB HBM3,random,8,1,direct_clamped,global,4,7,0.0,0.0,100.0,1032.0,10.979211285025686,7.20479550011707,25.315894305274355,30.41760443180843,24.71355808454351,60.65891472868217,83.04263565891473,61.724806201550386,0.0,0.15499502184852657
NVIDIA H100 80GB HBM3,random,8,1,direct_clamped,segmented,4,7,25.581395348837212,38.468992248062015,35.94961240310077,1032.0,10.480935324312345,6.815549662419222,23.784962613474782,29.14661284956717,24.49511619022915,62.98449612403101,84.39922480620154,57.94573643410853,0.0,0.14543844421022753
NVIDIA H100 80GB HBM3,random,8,1,direct_clamped,selective,4,7,0.0,0.0,100.0,1032.0,10.979211285025686,7.20479550011707,25.315894305274355,30.41760443180843,24.71355808454351,60.65891472868217,83.04263565891473,61.724806201550386,0.0,0.15499502184852657
NVIDIA H100 80GB HBM3,random,8,1,gray_residual,global,4,7,0.0,0.0,100.0,1032.0,9.997047516288639,6.4494573870897405,22.899490719916464,27.834969548955357,12.88603491724523,61.724806201550386,84.10852713178295,50.0968992248062,0.09689922480620156,0.1513830335204375
NVIDIA H100 80GB HBM3,random,8,1,gray_residual,segmented,4,7,25.581395348837212,38.468992248062015,35.94961240310077,1032.0,9.582023615560145,7.032032540015346,21.523824568549767,26.48855670077806,12.713095794252855,63.565891472868216,88.0813953488372,48.837209302325576,0.09689922480620156,0.14292597438518198
NVIDIA H100 80GB HBM3,random,8,1,gray_residual,selective,4,7,0.0,0.0,100.0,1032.0,9.997047516288639,6.4494573870897405,22.899490719916464,27.834969548955357,12.88603491724523,61.724806201550386,84.10852713178295,50.0968992248062,0.09689922480620156,0.1513830335204375
NVIDIA H100 80GB HBM3,random,8,2,direct_clamped,global,3,7,0.0,0.0,100.0,1032.0,11.03515292651504,7.222123389027775,25.20757476227794,30.053917072899708,24.432088595008082,60.56201550387597,82.36434108527132,64.34108527131784,0.0,0.15595670717746335
NVIDIA H100 80GB HBM3,random,8,2,direct_clamped,segmented,3,7,35.94961240310077,2.2286821705426356,61.82170542635659,1032.0,10.597388747671333,6.710895896255815,24.23985435410646,29.2726969837139,24.716358155585937,63.17829457364341,83.62403100775194,59.30232558139535,0.0,0.14813417327234385
NVIDIA H100 80GB HBM3,random,8,2,direct_clamped,selective,3,7,0.0,0.0,100.0,1032.0,11.03515292651504,7.222123389027775,25.20757476227794,30.053917072899708,24.432088595008082,60.56201550387597,82.36434108527132,64.34108527131784,0.0,0.15595670717746335
NVIDIA H100 80GB HBM3,random,8,2,gray_residual,global,3,7,0.0,0.0,100.0,1032.0,11.570396767717739,10.05686978874918,22.17158069652586,27.039372473342794,19.194647266447955,49.7093023255814,87.01550387596899,35.75581395348838,0.09689922480620156,0.14366258863336484
NVIDIA H100 80GB HBM3,random,8,2,gray_residual,segmented,3,7,35.94961240310077,2.2286821705426356,61.82170542635659,1032.0,11.754283906296964,10.411461563233027,21.965153544958053,26.637156526451,19.632198506591276,46.80232558139535,86.7248062015504,31.589147286821706,0.09689922480620156,0.142487882953302
NVIDIA H100 80GB HBM3,random,8,2,gray_residual,selective,3,7,0.0,0.0,100.0,1032.0,11.570396767717739,10.05686978874918,22.17158069652586,27.039372473342794,19.194647266447955,49.7093023255814,87.01550387596899,35.75581395348838,0.09689922480620156,0.14366258863336484
NVIDIA H100 80GB HBM3,random,8,3,direct_clamped,global,3,7,0.0,0.0,100.0,1032.0,11.740219148600618,8.423623425251344,26.60624386851078,30.608625364511294,22.751312479000237,56.201550387596896,80.32945736434108,73.64341085271317,0.0,0.1640322314447537
NVIDIA H100 80GB HBM3,random,8,3,direct_clamped,segmented,3,7,61.82170542635659,2.131782945736434,36.04651162790697,1032.0,11.42280983562847,7.925134756935841,25.845846604936924,30.160405441212244,22.780724204864526,57.94573643410853,81.2984496124031,72.57751937984496,0.0,0.15936697804440095
NVIDIA H100 80GB HBM3,random,8,3,direct_clamped,selective,3,7,0.0,0.0,100.0,1032.0,11.740219148600618,8.423623425251344,26.60624386851078,30.608625364511294,22.751312479000237,56.201550387596896,80.32945736434108,73.64341085271317,0.0,0.1640322314447537
NVIDIA H100 80GB HBM3,random,8,3,gray_residual,global,3,7,0.0,0.0,100.0,1032.0,10.001155963032074,6.4677439321501815,22.890106592439334,27.885573315057055,12.954349430485504,61.627906976744185,84.01162790697676,49.7093023255814,0.09689922480620156,0.15140961671454345
NVIDIA H100 80GB HBM3,random,8,3,gray_residual,segmented,3,7,61.82170542635659,2.131782945736434,36.04651162790697,1032.0,9.528492399717662,6.419578003254783,21.99178838797218,27.287750473535066,11.930715319735866,63.372093023255815,86.14341085271317,53.97286821705426,0.09689922480620156,0.14501319772388177
NVIDIA H100 80GB HBM3,random,8,3,gray_residual,selective,3,7,0.0,0.0,100.0,1032.0,10.001155963032074,6.4677439321501815,22.890106592439334,27.885573315057055,12.954349430485504,61.627906976744185,84.01162790697676,49.7093023255814,0.09689922480620156,0.15140961671454345
NVIDIA H100 80GB HBM3,random,8,4,direct_clamped,global,4,7,0.0,0.0,100.0,1032.0,11.28271591849721,7.395390945131123,24.585523251405334,30.984433653852868,28.51920687142233,61.04651162790697,83.33333333333334,42.44186046511628,0.0,0.1527869741163923
NVIDIA H100 80GB HBM3,random,8,4,direct_clamped,segmented,4,7,36.143410852713174,2.2286821705426356,61.627906976744185,1032.0,11.266653214860428,7.486857222580377,24.463082302578332,31.79756366848233,28.903663363611205,60.17441860465116,84.01162790697676,37.3062015503876,0.0,0.15006870565749483
NVIDIA H100 80GB HBM3,random,8,4,direct_clamped,selective,4,7,0.0,0.0,100.0,1032.0,11.28271591849721,7.395390945131123,24.585523251405334,30.984433653852868,28.51920687142233,61.04651162790697,83.33333333333334,42.44186046511628,0.0,0.1527869741163923
NVIDIA H100 80GB HBM3,random,8,4,gray_residual,global,4,7,0.0,0.0,100.0,1032.0,10.836997804907577,8.575365743668632,22.698713917971308,26.3428179220461,16.936116437088298,59.496124031007746,87.01550387596899,39.43798449612403,0.09689922480620156,0.14351164854673948
NVIDIA H100 80GB HBM3,random,8,4,gray_residual,segmented,4,7,36.143410852713174,2.2286821705426356,61.627906976744185,1032.0,10.955788223051163,9.018790254533885,21.86794891497244,26.016998404901376,17.50518348351555,55.32945736434108,87.6937984496124,34.10852713178294,0.09689922480620156,0.13999710125647608
NVIDIA H100 80GB HBM3,random,8,4,gray_residual,selective,4,7,0.0,0.0,100.0,1032.0,10.836997804907577,8.575365743668632,22.698713917971308,26.3428179220461,16.936116437088298,59.496124031007746,87.01550387596899,39.43798449612403,0.09689922480620156,0.14351164854673948
NVIDIA H100 80GB HBM3,random,8,5,direct_clamped,global,4,7,0.0,0.0,100.0,1032.0,11.018761422301509,7.255097517210384,25.018468576937288,29.977989103332344,26.793939111184624,61.627906976744185,83.72093023255815,45.73643410852713,0.0,0.15088556029822855
NVIDIA H100 80GB HBM3,random,8,5,direct_clamped,segmented,4,7,25.581395348837212,0.0,74.4186046511628,1032.0,10.817236175394902,7.036619271364517,24.853235091191564,29.670116368702047,26.15481820455742,62.3062015503876,84.10852713178295,48.44961240310077,0.0,0.14915824163794544
NVIDIA H100 80GB HBM3,random,8,5,direct_clamped,selective,4,7,0.0,0.0,100.0,1032.0,11.018761422301509,7.255097517210384,25.018468576937288,29.977989103332344,26.793939111184624,61.627906976744185,83.72093023255815,45.73643410852713,0.0,0.15088556029822855
NVIDIA H100 80GB HBM3,random,8,5,gray_residual,global,4,7,0.0,0.0,100.0,1032.0,9.928267092075274,6.200368420086615,23.78550617725496,28.8493048459559,11.301574745552772,60.56201550387597,83.33333333333334,56.68604651162791,0.09689922480620156,0.15679949759651668
NVIDIA H100 80GB HBM3,random,8,5,gray_residual,segmented,4,7,25.581395348837212,0.0,74.4186046511628,1032.0,9.91035327794487,6.260751044116253,23.78550617725496,28.8493048459559,11.221579454685404,60.56201550387597,83.33333333333334,57.07364341085272,0.09689922480620156,0.15670114180532815
NVIDIA H100 80GB HBM3,random,8,5,gray_residual,selective,4,7,0.0,0.0,100.0,1032.0,9.928267092075274,6.200368420086615,23.78550617725496,28.8493048459559,11.301574745552772,60.56201550387597,83.33333333333334,56.68604651162791,0.09689922480620156,0.15679949759651668
NVIDIA H100 80GB HBM3,random,8,6,direct_clamped,global,3,7,0.0,0.0,100.0,1032.0,11.937888463849006,8.344040006274977,24.259754996002982,33.19664020584196,30.709886608348175,57.84883720930233,83.43023255813954,35.75581395348838,0.0,0.15529676996059472
NVIDIA H100 80GB HBM3,random,8,6,direct_clamped,segmented,3,7,61.82170542635659,2.2286821705426356,35.94961240310077,1032.0,11.689625312756583,8.125241723575778,24.035028055282588,33.302893583063394,30.190267991525708,58.236434108527135,84.30232558139535,33.042635658914726,0.0,0.15192941303273882
NVIDIA H100 80GB HBM3,random,8,6,direct_clamped,selective,3,7,0.0,0.0,100.0,1032.0,11.937888463849006,8.344040006274977,24.259754996002982,33.19664020584196,30.709886608348175,57.84883720930233,83.43023255813954,35.75581395348838,0.0,0.15529676996059472
NVIDIA H100 80GB HBM3,random,8,6,gray_residual,global,3,7,0.0,0.0,100.0,1032.0,10.54983330336702,7.843534975071699,22.439114076040706,27.005272602226988,15.744672971864535,60.85271317829457,85.27131782945736,41.08527131782946,0.09689922480620156,0.14506111327055626
NVIDIA H100 80GB HBM3,random,8,6,gray_residual,segmented,3,7,61.82170542635659,2.2286821705426356,35.94961240310077,1032.0,10.095819681935069,7.687788849944608,21.38946029213117,26.7387553512557,14.870938134309714,61.531007751937985,87.59689922480621,42.34496124031008,0.09689922480620156,0.14139242555472034
NVIDIA H100 80GB HBM3,random,8,6,gray_residual,selective,3,7,0.0,0.0,100.0,1032.0,10.54983330336702,7.843534975071699,22.439114076040706,27.005272602226988,15.744672971864535,60.85271317829457,85.27131782945736,41.08527131782946,0.09689922480620156,0.14506111327055626
NVIDIA H100 80GB HBM3,random,8,7,direct_clamped,global,4,7,0.0,0.0,100.0,1032.0,11.020131508419055,7.225558093932916,25.429997268753255,30.103803638677217,24.409288448061375,60.56201550387597,82.46124031007753,64.24418604651163,0.0,0.15594188861645303
NVIDIA H100 80GB HBM3,random,8,7,direct_clamped,segmented,4,7,36.04651162790697,2.2286821705426356,61.724806201550386,1032.0,11.639288459418596,7.916912072819244,26.386062800337257,31.10337393720473,24.314127431763442,57.751937984496124,80.42635658914729,67.15116279069767,0.0,0.1646364787015254
NVIDIA H100 80GB HBM3,random,8,7,direct_clamped,selective,4,7,0.0,0.0,100.0,1032.0,11.020131508419055,7.225558093932916,25.429997268753255,30.103803638677217,24.409288448061375,60.56201550387597,82.46124031007753,64.24418604651163,0.0,0.15594188861645303
NVIDIA H100 80GB HBM3,random,8,7,gray_residual,global,4,7,0.0,0.0,100.0,1032.0,9.91345490630291,6.1834243702872085,23.746883774646815,28.75836719631515,11.539767439757135,60.56201550387597,83.52713178294574,56.58914728682171,0.09689922480620156,0.15607494586109816
NVIDIA H100 80GB HBM3,random,8,7,gray_residual,segmented,4,7,36.04651162790697,2.2286821705426356,61.724806201550386,1032.0,9.94743337417545,6.226476494421275,23.903499828282346,28.837017204336536,11.528440731548768,60.46511627906976,83.33333333333334,56.68604651162791,0.09689922480620156,0.15669428314262068
NVIDIA H100 80GB HBM3,random,8,7,gray_residual,selective,4,7,0.0,0.0,100.0,1032.0,9.91345490630291,6.1834243702872085,23.746883774646815,28.75836719631515,11.539767439757135,60.56201550387597,83.52713178294574,56.58914728682171,0.09689922480620156,0.15607494586109816
NVIDIA H100 80GB HBM3,random,8,8,direct_clamped,global,5,7,0.0,0.0,100.0,1032.0,10.925107305442342,6.983551701336042,25.225188899141894,29.999190400974147,25.73571537256546,62.3062015503876,83.33333333333334,56.007751937984494,0.0,0.15344249764631332
NVIDIA H100 80GB HBM3,random,8,8,direct_clamped,segmented,5,7,36.240310077519375,2.2286821705426356,61.531007751937985,1032.0,10.839674337113939,6.915384397078213,24.999620412834147,29.41607751513767,25.796038659894183,62.1124031007752,83.62403100775194,54.84496124031008,0.0,0.151825035988409
NVIDIA H100 80GB HBM3,random,8,8,direct_clamped,selective,5,7,0.0,0.0,100.0,1032.0,10.925107305442342,6.983551701336042,25.225188899141894,29.999190400974147,25.73571537256546,62.3062015503876,83.33333333333334,56.007751937984494,0.0,0.15344249764631332
NVIDIA H100 80GB HBM3,random,8,8,gray_residual,global,5,7,0.0,0.0,100.0,1032.0,9.97043393326474,6.105299461461186,23.49458454171467,28.41794611945278,12.124785036405983,60.65891472868217,84.01162790697676,53.48837209302325,0.09689922480620156,0.15444914077326233
NVIDIA H100 80GB HBM3,random,8,8,gray_residual,segmented,5,7,36.240310077519375,2.2286821705426356,61.531007751937985,1032.0,9.959200250253032,6.105385206025294,23.425940180837618,28.34810945286457,12.13058342019386,60.94961240310077,84.01162790697676,53.29457364341085,0.09689922480620156,0.15420945732682792
NVIDIA H100 80GB HBM3,random,8,8,gray_residual,selective,5,7,0.0,0.0,100.0,1032.0,9.97043393326474,6.105299461461186,23.49458454171467,28.41794611945278,12.124785036405983,60.65891472868217,84.01162790697676,53.48837209302325,0.09689922480620156,0.15444914077326233
NVIDIA H100 80GB HBM3,random,8,9,direct_clamped,global,3,7,0.0,0.0,100.0,1032.0,10.921568216937015,7.091064556954117,25.19306413286997,30.347825185248848,25.031029586530995,61.337209302325576,83.13953488372093,59.68992248062015,0.0,0.1542094204225901
NVIDIA H100 80GB HBM3,random,8,9,direct_clamped,segmented,3,7,40.213178294573645,1.4534883720930232,58.333333333333336,1032.0,10.876379394881502,7.201108683859383,25.027114535433206,29.857792620951493,24.42795563039337,61.627906976744185,83.33333333333334,62.1124031007752,0.0,0.1536956912893591
NVIDIA H100 80GB HBM3,random,8,9,direct_clamped,selective,3,7,0.0,0.0,100.0,1032.0,10.921568216937015,7.091064556954117,25.19306413286997,30.347825185248848,25.031029586530995,61.337209302325576,83.13953488372093,59.68992248062015,0.0,0.1542094204225901
NVIDIA H100 80GB HBM3,random,8,9,gray_residual,global,3,7,0.0,0.0,100.0,1032.0,10.808077867966174,8.52196516170837,22.65274356262393,26.3537062104571,16.86610732526537,59.68992248062015,87.1124031007752,39.53488372093023,0.09689922480620156,0.14327539640697856
NVIDIA H100 80GB HBM3,random,8,9,gray_residual,segmented,3,7,40.213178294573645,1.4534883720930232,58.333333333333336,1032.0,10.039159995232666,8.19231238899002,20.167752755376707,25.066653833691696,15.063869194431753,60.85271317829457,89.43798449612403,41.18217054263566,0.09689922480620156,0.13485984062464748
NVIDIA H100 80GB HBM3,random,8,9,gray_residual,selective,3,7,0.0,0.0,100.0,1032.0,10.808077867966174,8.52196516170837,22.65274356262393,26.3537062104571,16.86610732526537,59.68992248062015,87.1124031007752,39.53488372093023,0.09689922480620156,0.14327539640697856
NVIDIA H100 80GB HBM3,random,16,0,direct_clamped,global,5,7,0.0,0.0,100.0,1024.0,11.430301756754673,7.784146351997053,24.304611783485086,31.54087826635764,29.095773054025166,60.05859375,84.1796875,39.74609375,0.0,0.1522477667877492
NVIDIA H100 80GB HBM3,random,16,0,direct_clamped,segmented,5,7,61.71875,2.24609375,36.03515625,1024.0,11.826207257177622,10.223737156854439,22.97105837806896,27.04846980311161,21.5909504951686,49.12109375,85.546875,58.49609375,0.0,0.1519248317231507
NVIDIA H100 80GB HBM3,random,16,0,direct_clamped,selective,5,7,0.0,0.0,100.0,1024.0,11.430301756754673,7.784146351997053,24.304611783485086,31.54087826635764,29.095773054025166,60.05859375,84.1796875,39.74609375,0.0,0.1522477667877492
NVIDIA H100 80GB HBM3,random,16,0,gray_residual,global,5,7,0.0,0.0,100.0,1024.0,9.889062809806276,6.110609748557773,23.13447588137576,28.12489733160511,12.35894156807537,61.62109375,84.1796875,51.85546875,0.09765625,0.15266140102917894
NVIDIA H100 80GB HBM3,random,16,0,gray_residual,segmented,5,7,61.71875,2.24609375,36.03515625,1024.0,9.731304333520626,6.893530406795788,21.862114672904532,27.115780874912158,9.837207662298217,64.453125,86.23046875,62.3046875,0.09765625,0.14605864193352888
NVIDIA H100 80GB HBM3,random,16,0,gray_residual,selective,5,7,0.0,0.0,100.0,1024.0,9.889062809806276,6.110609748557773,23.13447588137576,28.12489733160511,12.35894156807537,61.62109375,84.1796875,51.85546875,0.09765625,0.15266140102917894
NVIDIA H100 80GB HBM3,random,16,1,direct_clamped,global,6,7,0.0,0.0,100.0,1024.0,12.386141575886224,8.789585897073144,24.62084406807866,34.606894466353445,31.75353818626511,54.58984375,82.91015625,33.30078125,0.0,0.1574232839433896
NVIDIA H100 80GB HBM3,random,16,1,direct_clamped,segmented,6,7,69.23828125,2.24609375,28.515625,1024.0,12.24178983595984,8.908029868814495,24.661652585373258,35.28815267394366,31.144389008585165,55.56640625,84.08203125,29.98046875,0.0,0.15509755699387018
NVIDIA H100 80GB HBM3,random,16,1,direct_clamped,selective,6,7,0.0,0.0,100.0,1024.0,12.386141575886224,8.789585897073144,24.62084406807866,34.606894466353445,31.75353818626511,54.58984375,82.91015625,33.30078125,0.0,0.1574232839433896
NVIDIA H100 80GB HBM3,random,16,1,gray_residual,global,6,7,0.0,0.0,100.0,1024.0,11.400124634780227,9.772026645443919,22.116839656222155,26.830492836275035,18.62563227163414,52.24609375,87.3046875,36.5234375,0.09765625,0.14309739625141232
NVIDIA H100 80GB HBM3,random,16,1,gray_residual,segmented,6,7,69.23828125,2.24609375,28.515625,1024.0,10.461809291806249,9.333360953446146,20.38906283727926,24.513228688950537,16.869703770789474,53.80859375,89.2578125,33.88671875,0.0,0.13281903446104476
NVIDIA H100 80GB HBM3,random,16,1,gray_residual,selective,6,7,0.0,0.0,100.0,1024.0,11.400124634780227,9.772026645443919,22.116839656222155,26.830492836275035,18.62563227163414,52.24609375,87.3046875,36.5234375,0.09765625,0.14309739625141232
NVIDIA H100 80GB HBM3,random,16,2,direct_clamped,global,6,7,0.0,0.0,100.0,1024.0,12.081586868848412,8.39961294229009,24.435234292303317,33.5492775973946,31.194472874944445,57.03125,82.8125,35.15625,0.0,0.15640104074894634
NVIDIA H100 80GB HBM3,random,16,2,direct_clamped,segmented,6,7,62.01171875,2.1484375,35.83984375,1024.0,11.287088814470891,7.592217076543612,23.712066156958677,31.646901707526908,29.1721552051268,59.375,84.27734375,36.9140625,0.0,0.14900337600629532
NVIDIA H100 80GB HBM3,random,16,2,direct_clamped,selective,6,7,0.0,0.0,100.0,1024.0,12.081586868848412,8.39961294229009,24.435234292303317,33.5492775973946,31.194472874944445,57.03125,82.8125,35.15625,0.0,0.15640104074894634
NVIDIA H100 80GB HBM3,random,16,2,gray_residual,global,6,7,0.0,0.0,100.0,1024.0,10.282363622044276,7.187336803312414,22.62600305968419,27.6306684780991,14.668600273625417,60.83984375,84.27734375,44.140625,0.09765625,0.14724629335997155
NVIDIA H100 80GB HBM3,random,16,2,gray_residual,segmented,6,7,62.01171875,2.1484375,35.83984375,1024.0,9.765037995508205,7.529357518089798,21.053732742832693,26.461937785115737,13.910645457052953,62.40234375,88.18359375,44.43359375,0.09765625,0.14054921270380588
NVIDIA H100 80GB HBM3,random,16,2,gray_residual,selective,6,7,0.0,0.0,100.0,1024.0,10.282363622044276,7.187336803312414,22.62600305968419,27.6306684780991,14.668600273625417,60.83984375,84.27734375,44.140625,0.09765625,0.14724629335997155
NVIDIA H100 80GB HBM3,random,16,3,direct_clamped,global,6,7,0.0,0.0,100.0,1024.0,11.567271904436403,7.841005410158969,24.36229601823138,31.956840907488793,29.533596761214536,59.9609375,83.984375,39.74609375,0.0,0.15391550924909947
NVIDIA H100 80GB HBM3,random,16,3,direct_clamped,segmented,6,7,76.7578125,3.61328125,19.62890625,1024.0,11.597100471736649,7.7454844858693965,25.099077463179636,31.666356100815328,28.687303635337187,58.59375,82.71484375,42.87109375,0.0,0.15683093235145337
NVIDIA H100 80GB HBM3,random,16,3,direct_clamped,selective,6,7,0.0,0.0,100.0,1024.0,11.567271904436403,7.841005410158969,24.36229601823138,31.956840907488793,29.533596761214536,59.9609375,83.984375,39.74609375,0.0,0.15391550924909947
NVIDIA H100 80GB HBM3,random,16,3,gray_residual,global,6,7,0.0,0.0,100.0,1024.0,9.968392812896925,6.270971321410068,23.18601358331959,28.16896791641696,12.507936843572024,61.328125,84.08203125,51.3671875,0.09765625,0.15298664175448787
NVIDIA H100 80GB HBM3,random,16,3,gray_residual,segmented,6,7,76.7578125,3.61328125,19.62890625,1024.0,9.717179588892389,6.283727158470857,23.28907044668732,28.05827460782964,11.565272739317054,61.328125,84.765625,56.54296875,0.09765625,0.1508961009557204
NVIDIA H100 80GB HBM3,random,16,3,gray_residual,selective,6,7,0.0,0.0,100.0,1024.0,9.968392812896925,6.270971321410068,23.18601358331959,28.16896791641696,12.507936843572024,61.328125,84.08203125,51.3671875,0.09765625,0.15298664175448787
NVIDIA H100 80GB HBM3,random,16,4,direct_clamped,global,5,7,0.0,0.0,100.0,1024.0,10.892362052790801,7.104722703250371,25.310409236875003,30.38828531661017,23.85660760165793,61.03515625,83.0078125,61.81640625,0.0,0.15408492197488527
NVIDIA H100 80GB HBM3,random,16,4,direct_clamped,segmented,5,7,76.5625,3.61328125,19.82421875,1024.0,10.764988001621786,7.127095938809045,24.93424060278055,29.259654196269075,23.40943916256323,61.328125,83.30078125,62.6953125,0.0,0.15188282303559827
NVIDIA H100 80GB HBM3,random,16,4,direct_clamped,selective,5,7,0.0,0.0,100.0,1024.0,10.892362052790801,7.104722703250371,25.310409236875003,30.38828531661017,23.85660760165793,61.03515625,83.0078125,61.81640625,0.0,0.15408492197488527
NVIDIA H100 80GB HBM3,random,16,4,gray_residual,global,5,7,0.0,0.0,100.0,1024.0,10.075349522437657,6.788520287548182,22.143028838785526,27.12367197995864,13.903088360922286,61.328125,84.1796875,45.5078125,0.09765625,0.1465941224696786
NVIDIA H100 80GB HBM3,random,16,4,gray_residual,segmented,5,7,76.5625,3.61328125,19.82421875,1024.0,9.357236459109107,7.412420777364304,19.116519088018087,24.04976655545597,13.077059988144018,59.375,91.11328125,43.5546875,0.09765625,0.129647858457317
NVIDIA H100 80GB HBM3,random,16,4,gray_residual,selective,5,7,0.0,0.0,100.0,1024.0,10.075349522437657,6.788520287548182,22.143028838785526,27.12367197995864,13.903088360922286,61.328125,84.1796875,45.5078125,0.09765625,0.1465941224696786
NVIDIA H100 80GB HBM3,random,16,5,direct_clamped,global,5,7,0.0,0.0,100.0,1024.0,11.074473751942682,7.2029964010720136,25.03593036296631,30.58306472763479,27.811831904298597,61.81640625,83.59375,45.703125,0.0,0.1521948927545057
NVIDIA H100 80GB HBM3,random,16,5,direct_clamped,segmented,5,7,83.984375,3.7109375,12.3046875,1024.0,10.79898647495638,7.048713492191915,23.84164092077966,31.136641108820676,27.170312752758196,62.20703125,84.66796875,44.3359375,0.0,0.1468988716899479
NVIDIA H100 80GB HBM3,random,16,5,direct_clamped,selective,5,7,0.0,0.0,100.0,1024.0,11.074473751942682,7.2029964010720136,25.03593036296631,30.58306472763479,27.811831904298597,61.81640625,83.59375,45.703125,0.0,0.1521948927545057
NVIDIA H100 80GB HBM3,random,16,5,gray_residual,global,5,7,0.0,0.0,100.0,1024.0,9.97640476664962,6.406760950790698,22.87615377329799,27.84515054516719,12.942288017352752,61.9140625,84.08203125,50.0,0.09765625,0.15126165065804215
NVIDIA H100 80GB HBM3,random,16,5,gray_residual,segmented,5,7,83.984375,3.7109375,12.3046875,1024.0,9.280747052571623,7.086219988589862,20.59525283938799,25.12189735375891,12.506440357385188,61.23046875,89.35546875,48.33984375,0.09765625,0.13323944160835816
NVIDIA H100 80GB HBM3,random,16,5,gray_residual,selective,5,7,0.0,0.0,100.0,1024.0,9.97640476664962,6.406760950790698,22.87615377329799,27.84515054516719,12.942288017352752,61.9140625,84.08203125,50.0,0.09765625,0.15126165065804215
NVIDIA H100 80GB HBM3,random,16,6,direct_clamped,global,4,7,0.0,0.0,100.0,1024.0,10.949013783578181,7.124513300528786,25.167265763692857,29.90052220107141,27.199992157962672,62.109375,83.69140625,48.92578125,0.0,0.1519481440949287
NVIDIA H100 80GB HBM3,random,16,6,direct_clamped,segmented,4,7,88.8671875,3.7109375,7.421875,1024.0,10.564953157920787,6.789932511720635,24.021236609202774,28.834797668874007,26.330724250781007,63.671875,84.66796875,49.51171875,0.0,0.14626367351422892
NVIDIA H100 80GB HBM3,random,16,6,direct_clamped,selective,4,7,0.0,0.0,100.0,1024.0,10.949013783578181,7.124513300528786,25.167265763692857,29.90052220107141,27.199992157962672,62.109375,83.69140625,48.92578125,0.0,0.1519481440949287
NVIDIA H100 80GB HBM3,random,16,6,gray_residual,global,4,7,0.0,0.0,100.0,1024.0,9.953892455425375,6.096218101194966,24.232526241332394,29.258931086688474,10.969782464709787,60.64453125,82.6171875,59.9609375,0.09765625,0.15918921144055043
NVIDIA H100 80GB HBM3,random,16,6,gray_residual,segmented,4,7,88.8671875,3.7109375,7.421875,1024.0,9.5681530638625,6.8913627486890965,22.130496702537037,28.139149959693118,11.578481097772245,62.40234375,87.6953125,52.9296875,0.09765625,0.14809677692681536
NVIDIA H100 80GB HBM3,random,16,6,gray_residual,selective,4,7,0.0,0.0,100.0,1024.0,9.953892455425375,6.096218101194966,24.232526241332394,29.258931086688474,10.969782464709787,60.64453125,82.6171875,59.9609375,0.09765625,0.15918921144055043
NVIDIA H100 80GB HBM3,random,16,7,direct_clamped,global,5,7,0.0,0.0,100.0,1024.0,11.02957394965238,7.318547344084782,25.38351126928894,30.113058331917625,24.560091403093452,60.3515625,82.6171875,63.37890625,0.0,0.15580928895714205
NVIDIA H100 80GB HBM3,random,16,7,direct_clamped,segmented,5,7,61.81640625,2.24609375,35.9375,1024.0,10.527205342113753,6.673904282814837,23.8696126062798,29.229994984920403,24.552127954421238,63.8671875,84.27734375,58.984375,0.0,0.14663170214226465
NVIDIA H100 80GB HBM3,random,16,7,direct_clamped,selective,5,7,0.0,0.0,100.0,1024.0,11.02957394965238,7.318547344084782,25.38351126928894,30.113058331917625,24.560091403093452,60.3515625,82.6171875,63.37890625,0.0,0.15580928895714205
NVIDIA H100 80GB HBM3,random,16,7,gray_residual,global,5,7,0.0,0.0,100.0,1024.0,9.989759062456066,6.169107670057045,24.24574754564207,29.23117399672299,10.960767239929675,60.44921875,82.6171875,60.25390625,0.09765625,0.15931815553441256
NVIDIA H100 80GB HBM3,random,16,7,gray_residual,segmented,5,7,61.81640625,2.24609375,35.9375,1024.0,9.813762263023825,6.036466763012017,23.48247792315014,28.852081634370485,11.122516134576697,61.23046875,83.69140625,57.51953125,0.09765625,0.15582372824089555
NVIDIA H100 80GB HBM3,random,16,7,gray_residual,selective,5,7,0.0,0.0,100.0,1024.0,9.989759062456066,6.169107670057045,24.24574754564207,29.23117399672299,10.960767239929675,60.44921875,82.6171875,60.25390625,0.09765625,0.15931815553441256
NVIDIA H100 80GB HBM3,random,16,8,direct_clamped,global,6,7,0.0,0.0,100.0,1024.0,10.935426621253573,6.991809915658628,25.220750822324348,30.092951995268425,25.61292711306487,61.5234375,83.30078125,57.12890625,0.0,0.15391434012092153
NVIDIA H100 80GB HBM3,random,16,8,direct_clamped,segmented,6,7,76.85546875,3.61328125,19.53125,1024.0,10.53919926478094,6.699030741013621,23.846215559249114,28.653840635775772,24.48864603399538,63.4765625,84.1796875,58.69140625,0.0,0.14705627859768106
NVIDIA H100 80GB HBM3,random,16,8,direct_clamped,selective,6,7,0.0,0.0,100.0,1024.0,10.935426621253573,6.991809915658628,25.220750822324348,30.092951995268425,25.61292711306487,61.5234375,83.30078125,57.12890625,0.0,0.15391434012092153
NVIDIA H100 80GB HBM3,random,16,8,gray_residual,global,6,7,0.0,0.0,100.0,1024.0,10.19952293234618,6.93325861107785,22.369256506152585,27.581300997650885,14.362268638202929,60.9375,84.08203125,44.82421875,0.09765625,0.14737596214827017
NVIDIA H100 80GB HBM3,random,16,8,gray_residual,segmented,6,7,76.85546875,3.61328125,19.53125,1024.0,9.419388254327192,6.936871739972918,20.5498233556169,26.245006745610056,12.431270478334643,64.16015625,89.16015625,51.85546875,0.09765625,0.13824287107085048
NVIDIA H100 80GB HBM3,random,16,8,gray_residual,selective,6,7,0.0,0.0,100.0,1024.0,10.19952293234618,6.93325861107785,22.369256506152585,27.581300997650885,14.362268638202929,60.9375,84.08203125,44.82421875,0.09765625,0.14737596214827017
NVIDIA H100 80GB HBM3,random,16,9,direct_clamped,global,5,7,0.0,0.0,100.0,1024.0,10.941567646298335,6.948447261710283,25.157024559880945,30.180143372572054,26.75786676825298,61.9140625,83.69140625,50.29296875,0.0,0.1522971865493074
NVIDIA H100 80GB HBM3,random,16,9,direct_clamped,segmented,5,7,58.0078125,3.7109375,38.28125,1024.0,11.00374086777185,7.001037790684222,24.9625091477452,30.406389343032995,26.73285849259188,60.83984375,83.88671875,49.70703125,0.0,0.1523870673093606
NVIDIA H100 80GB HBM3,random,16,9,direct_clamped,selective,5,7,0.0,0.0,100.0,1024.0,10.941567646298335,6.948447261710283,25.157024559880945,30.180143372572054,26.75786676825298,61.9140625,83.69140625,50.29296875,0.0,0.1522971865493074
NVIDIA H100 80GB HBM3,random,16,9,gray_residual,global,5,7,0.0,0.0,100.0,1024.0,16.701159010117244,17.44171134187235,27.657768883886476,33.12143830210561,30.385452365959036,27.24609375,63.76953125,22.65625,0.0,0.17689671465491102
NVIDIA H100 80GB HBM3,random,16,9,gray_residual,segmented,5,7,58.0078125,3.7109375,38.28125,1024.0,16.97188936459414,17.27544816132854,28.904846689635907,36.71192608649332,30.320172184688527,25.09765625,64.84375,21.38671875,0.0,0.17777300245563768
NVIDIA H100 80GB HBM3,random,16,9,gray_residual,selective,5,7,0.0,0.0,100.0,1024.0,16.701159010117244,17.44171134187235,27.657768883886476,33.12143830210561,30.385452365959036,27.24609375,63.76953125,22.65625,0.0,0.17689671465491102
NVIDIA H100 80GB HBM3,random,32,0,direct_clamped,global,6,7,0.0,0.0,100.0,1008.0,11.399955953809846,7.674455281893536,24.43282563198059,31.38347108735171,28.603638197856142,60.61507936507936,84.02777777777779,40.57539682539682,0.0,0.15253662742811008
NVIDIA H100 80GB HBM3,random,32,0,direct_clamped,segmented,6,7,88.88888888888889,3.670634920634921,7.440476190476191,1008.0,10.547106759461943,6.885766330214917,23.461956234115757,30.334340872849605,25.865242695725343,62.797619047619044,85.11904761904762,47.22222222222222,0.0,0.14381158824582252
NVIDIA H100 80GB HBM3,random,32,0,direct_clamped,selective,6,7,0.0,0.0,100.0,1008.0,11.399955953809846,7.674455281893536,24.43282563198059,31.38347108735171,28.603638197856142,60.61507936507936,84.02777777777779,40.57539682539682,0.0,0.15253662742811008
NVIDIA H100 80GB HBM3,random,32,0,gray_residual,global,6,7,0.0,0.0,100.0,1008.0,10.20065622879922,7.014274865295047,22.227745985652454,27.334463480052246,14.369541678900607,60.61507936507936,84.42460317460318,44.642857142857146,0.0,0.1456228784724425
NVIDIA H100 80GB HBM3,random,32,0,gray_residual,segmented,6,7,88.88888888888889,3.670634920634921,7.440476190476191,1008.0,9.219533999591151,7.464048020880587,19.933424680031266,23.922715633264815,12.591839697730322,60.51587301587301,90.17857142857143,44.44444444444444,0.0,0.13067116896632783
NVIDIA H100 80GB HBM3,random,32,0,gray_residual,selective,6,7,36.21031746031746,2.2817460317460316,61.50793650793651,1008.0,10.05512562728659,7.716791021487104,21.491206250771903,26.379878260049885,14.657420236259894,60.813492063492056,87.5,41.66666666666667,0.0,0.1401501080549621
NVIDIA H100 80GB HBM3,random,32,1,direct_clamped,global,5,7,0.0,0.0,100.0,1008.0,10.983582095385177,6.979199119653103,25.142234995993597,30.15958114022977,26.908597930307742,61.904761904761905,83.33333333333334,50.99206349206349,0.0,0.15293977417915414
NVIDIA H100 80GB HBM3,random,32,1,direct_clamped,segmented,5,7,96.23015873015873,3.7698412698412698,0.0,1008.0,10.754201992490426,6.76869457830056,23.93916451990947,31.434778744601893,26.294861490338732,61.80555555555556,85.11904761904762,48.51190476190476,0.0,0.1451182052820791
NVIDIA H100 80GB HBM3,random,32,1,direct_clamped,selective,5,7,0.0,0.0,100.0,1008.0,10.983582095385177,6.979199119653103,25.142234995993597,30.15958114022977,26.908597930307742,61.904761904761905,83.33333333333334,50.99206349206349,0.0,0.15293977417915414
NVIDIA H100 80GB HBM3,random,32,1,gray_residual,global,5,7,0.0,0.0,100.0,1008.0,10.207220181419324,7.109629683445004,22.27477880912395,27.376945555865447,14.552615286029791,61.111111111111114,84.42460317460318,44.5436507936508,0.0992063492063492,0.14664358146627396
NVIDIA H100 80GB HBM3,random,32,1,gray_residual,segmented,5,7,96.23015873015873,3.7698412698412698,0.0,1008.0,9.135181735570995,7.764655188881008,19.23853017176678,22.629150302761527,12.53884747458116,59.523809523809526,91.36904761904762,40.97222222222222,0.0,0.1232186046972824
NVIDIA H100 80GB HBM3,random,32,1,gray_residual,selective,5,7,0.0,0.0,100.0,1008.0,10.207220181419324,7.109629683445004,22.27477880912395,27.376945555865447,14.552615286029791,61.111111111111114,84.42460317460318,44.5436507936508,0.0992063492063492,0.14664358146627396
NVIDIA H100 80GB HBM3,random,32,2,direct_clamped,global,7,7,0.0,0.0,100.0,1008.0,11.250380270110707,7.340167508012004,24.964266013461646,31.045932429800175,28.574424846402728,61.21031746031746,83.03571428571429,44.345238095238095,0.0,0.15335112015466865
NVIDIA H100 80GB HBM3,random,32,2,direct_clamped,segmented,7,7,74.0079365079365,18.551587301587304,7.440476190476191,1008.0,11.138163037219506,7.592745478787152,24.656283934900802,31.728692632763245,28.522857478555903,60.51587301587301,84.52380952380952,39.285714285714285,0.0,0.14892731655510405
NVIDIA H100 80GB HBM3,random,32,2,direct_clamped,selective,7,7,35.91269841269841,2.1825396825396823,61.904761904761905,1008.0,11.172689106741927,7.451679074203712,24.7661994413223,31.477127809589973,28.88258775193151,61.111111111111114,83.82936507936508,40.476190476190474,0.0,0.1503445060082693
NVIDIA H100 80GB HBM3,random,32,2,gray_residual,global,7,7,0.0,0.0,100.0,1008.0,9.928076764962777,5.97067573879809,23.59108816091431,28.447099383994193,12.168580679334234,60.912698412698404,83.63095238095238,54.067460317460316,0.0992063492063492,0.1546786285946189
NVIDIA H100 80GB HBM3,random,32,2,gray_residual,segmented,7,7,74.0079365079365,18.551587301587304,7.440476190476191,1008.0,9.175605161939789,7.306765597369872,19.73499250239259,23.50338417756855,11.756625897598653,59.42460317460318,90.57539682539682,47.12301587301587,0.0992063492063492,0.13225136489477032
NVIDIA H100 80GB HBM3,random,32,2,gray_residual,selective,7,7,35.91269841269841,2.1825396825396823,61.904761904761905,1008.0,9.585546355646196,6.9015530285356,22.12838045060682,26.908389571696528,12.571378861456708,63.29365079365079,87.89682539682539,49.007936507936506,0.0992063492063492,0.14489222425208967
NVIDIA H100 80GB HBM3,random,32,3,direct_clamped,global,6,7,0.0,0.0,100.0,1008.0,11.25370424194386,7.472495809661113,24.52355303001303,30.977022141209844,28.278903434237485,61.21031746031746,83.82936507936508,41.76587301587302,0.0,0.1519020856155901
NVIDIA H100 80GB HBM3,random,32,3,direct_clamped,segmented,6,7,96.32936507936508,3.670634920634921,0.0,1008.0,10.337285963265517,6.8539272706578895,23.255160109302526,28.047442917224412,24.337392563745908,62.89682539682539,85.31746031746032,53.37301587301587,0.0,0.14130426735017151
NVIDIA H100 80GB HBM3,random,32,3,direct_clamped,selective,6,7,0.0,0.0,100.0,1008.0,11.25370424194386,7.472495809661113,24.52355303001303,30.977022141209844,28.278903434237485,61.21031746031746,83.82936507936508,41.76587301587302,0.0,0.1519020856155901
NVIDIA H100 80GB HBM3,random,32,3,gray_residual,global,6,7,0.0,0.0,100.0,1008.0,10.140999422512806,6.7503468742726,22.856994750519426,28.25369710106432,13.646714875901056,61.21031746031746,83.92857142857143,47.023809523809526,0.0992063492063492,0.1502952713592429
NVIDIA H100 80GB HBM3,random,32,3,gray_residual,segmented,6,7,96.32936507936508,3.670634920634921,0.0,1008.0,9.497095234489851,7.011274178336844,21.023995003387533,26.413511262880824,12.709812021403103,62.5,88.59126984126983,46.13095238095239,0.0992063492063492,0.13974987106854625
NVIDIA H100 80GB HBM3,random,32,3,gray_residual,selective,6,7,0.0,0.0,100.0,1008.0,10.140999422512806,6.7503468742726,22.856994750519426,28.25369710106432,13.646714875901056,61.21031746031746,83.92857142857143,47.023809523809526,0.0992063492063492,0.1502952713592429
NVIDIA H100 80GB HBM3,random,32,4,direct_clamped,global,6,7,0.0,0.0,100.0,1008.0,11.075222244598612,7.236949805717604,25.080595068265175,30.271550001330684,27.724014577349564,61.60714285714286,83.53174603174604,47.519841269841265,0.0,0.1529268591259898
NVIDIA H100 80GB HBM3,random,32,4,direct_clamped,segmented,6,7,88.98809523809523,3.670634920634921,7.341269841269842,1008.0,10.618800026589438,6.983478386830987,24.075788287589635,29.734532235818975,25.967423456184736,62.797619047619044,84.72222222222221,53.57142857142857,0.0,0.14697039111275584
NVIDIA H100 80GB HBM3,random,32,4,direct_clamped,selective,6,7,0.0,0.0,100.0,1008.0,11.075222244598612,7.236949805717604,25.080595068265175,30.271550001330684,27.724014577349564,61.60714285714286,83.53174603174604,47.519841269841265,0.0,0.1529268591259898
NVIDIA H100 80GB HBM3,random,32,4,gray_residual,global,6,7,0.0,0.0,100.0,1008.0,9.956941148080055,6.1231890940435365,23.624931157321054,28.55468956902393,12.021259705172499,60.71428571428571,83.53174603174604,55.158730158730165,0.0992063492063492,0.15540367588149084
NVIDIA H100 80GB HBM3,random,32,4,gray_residual,segmented,6,7,88.98809523809523,3.670634920634921,7.341269841269842,1008.0,9.367621039688201,6.799178349284268,21.425233877012943,25.874270156009743,11.498862144754868,59.92063492063492,88.69047619047619,51.98412698412699,0.0992063492063492,0.13991325473451277
NVIDIA H100 80GB HBM3,random,32,4,gray_residual,selective,6,7,36.01190476190476,2.2817460317460316,61.70634920634921,1008.0,9.562552551578662,7.0679142790123155,21.901817940163344,27.018293430553413,12.485057328154864,62.40079365079365,87.99603174603175,49.107142857142854,0.0992063492063492,0.14435515196243004
NVIDIA H100 80GB HBM3,random,32,5,direct_clamped,global,6,7,0.0,0.0,100.0,1008.0,10.95232242816535,7.0692594421164365,24.938210711475516,29.746829902699822,25.87966223131472,61.80555555555556,83.43253968253968,56.25,0.0,0.15363070580845517
NVIDIA H100 80GB HBM3,random,32,5,direct_clamped,segmented,6,7,89.0873015873016,3.571428571428571,7.341269841269842,1008.0,10.710140400775625,6.869693637351867,24.451434502898287,29.03925406960213,25.073235832801753,60.912698412698404,84.32539682539682,56.94444444444444,0.0,0.14958809566655304
NVIDIA H100 80GB HBM3,random,32,5,direct_clamped,selective,6,7,0.0,0.0,100.0,1008.0,10.95232242816535,7.0692594421164365,24.938210711475516,29.746829902699822,25.87966223131472,61.80555555555556,83.43253968253968,56.25,0.0,0.15363070580845517
NVIDIA H100 80GB HBM3,random,32,5,gray_residual,global,6,7,0.0,0.0,100.0,1008.0,10.171278470100171,6.161562901853199,24.813955545391103,29.852800520361296,10.274956252088915,60.019841269841265,82.14285714285714,66.17063492063492,0.1984126984126984,0.1639952126189597
NVIDIA H100 80GB HBM3,random,32,5,gray_residual,segmented,6,7,89.0873015873016,3.571428571428571,7.341269841269842,1008.0,9.760574083274436,6.17213146886678,24.077874470235056,28.17122847782912,9.349970435836472,61.904761904761905,83.63095238095238,69.7420634920635,0.1984126984126984,0.15569873592872918
NVIDIA H100 80GB HBM3,random,32,5,gray_residual,selective,6,7,0.0,0.0,100.0,1008.0,10.171278470100171,6.161562901853199,24.813955545391103,29.852800520361296,10.274956252088915,60.019841269841265,82.14285714285714,66.17063492063492,0.1984126984126984,0.1639952126189597
NVIDIA H100 80GB HBM3,random,32,6,direct_clamped,global,6,7,0.0,0.0,100.0,1008.0,10.962852924281707,6.894262195218601,25.399516370230415,30.05529626038261,26.339160916647064,62.40079365079365,83.33333333333334,55.952380952380956,0.0,0.1540939054317978
NVIDIA H100 80GB HBM3,random,32,6,direct_clamped,segmented,6,7,88.98809523809523,3.670634920634921,7.341269841269842,1008.0,10.590600577966852,7.057186353305817,23.717370111451512,29.391796685262392,25.385932778543197,62.797619047619044,84.72222222222221,52.87698412698413,0.0,0.14498150122669073
NVIDIA H100 80GB HBM3,random,32,6,direct_clamped,selective,6,7,0.0,38.69047619047619,61.30952380952381,1008.0,10.683531655576097,6.761577162853285,24.35134729573607,30.400193324583466,26.668379749609667,63.39285714285714,84.22619047619048,51.88492063492064,0.0,0.14812435080671107
NVIDIA H100 80GB HBM3,random,32,6,gray_residual,global,6,7,0.0,0.0,100.0,1008.0,9.936111740701516,6.071521625826933,23.567332372393665,28.632272133020024,11.94777265881836,60.71428571428571,83.53174603174604,55.45634920634921,0.0992063492063492,0.1554112146437949
NVIDIA H100 80GB HBM3,random,32,6,gray_residual,segmented,6,7,88.98809523809523,3.670634920634921,7.341269841269842,1008.0,9.209020853801205,6.959169580069264,20.703064929690832,25.964768600221085,11.65222731682622,61.60714285714286,88.69047619047619,50.99206349206349,0.0992063492063492,0.13916803161200444
NVIDIA H100 80GB HBM3,random,32,6,gray_residual,selective,6,7,0.0,38.69047619047619,61.30952380952381,1008.0,9.561473687718168,6.843771460776282,22.281698796149634,27.052296746720916,12.323841654625964,63.19444444444444,87.40079365079364,50.09920634920635,0.0992063492063492,0.14543878255591766
NVIDIA H100 80GB HBM3,random,32,7,direct_clamped,global,5,7,0.0,0.0,100.0,1008.0,11.17148921851845,7.335030429432573,25.298316078675807,30.39056151344169,27.627386052031998,61.50793650793651,83.33333333333334,47.519841269841265,0.0,0.15356637640661847
NVIDIA H100 80GB HBM3,random,32,7,direct_clamped,segmented,5,7,96.23015873015873,3.7698412698412698,0.0,1008.0,10.738265820233766,7.036771370009366,24.051187879696826,30.33136443454099,26.815699011380627,62.202380952380956,84.12698412698413,46.230158730158735,0.0,0.14654169077679502
NVIDIA H100 80GB HBM3,random,32,7,direct_clamped,selective,5,7,0.0,0.0,100.0,1008.0,11.17148921851845,7.335030429432573,25.298316078675807,30.39056151344169,27.627386052031998,61.50793650793651,83.33333333333334,47.519841269841265,0.0,0.15356637640661847
NVIDIA H100 80GB HBM3,random,32,7,gray_residual,global,5,7,0.0,0.0,100.0,1008.0,10.263145661587048,7.074805404785026,22.391038716705165,27.49685249152175,14.535136862563927,60.61507936507936,84.22619047619048,44.642857142857146,0.0992063492063492,0.14709946901712856
NVIDIA H100 80GB HBM3,random,32,7,gray_residual,segmented,5,7,96.23015873015873,3.7698412698412698,0.0,1008.0,9.349586980674667,7.40355277136538,20.241676292113684,24.69058931395197,12.367511205289409,59.82142857142857,89.58333333333334,46.92460317460318,0.0992063492063492,0.13562940098459172
NVIDIA H100 80GB HBM3,random,32,7,gray_residual,selective,5,7,36.40873015873016,2.2817460317460316,61.30952380952381,1008.0,10.128436707607895,7.620489430277038,21.98472066691184,26.530063965700673,14.776008153968379,61.30952380952381,87.3015873015873,42.06349206349206,0.0992063492063492,0.14230273421062328
NVIDIA H100 80GB HBM3,random,32,8,direct_clamped,global,6,7,0.0,0.0,100.0,1008.0,11.274406748786374,7.346873954367394,24.735642887808837,31.2365998382751,28.443017284554557,60.813492063492056,83.03571428571429,43.05555555555556,0.0,0.1533135252770153
NVIDIA H100 80GB HBM3,random,32,8,direct_clamped,segmented,6,7,88.98809523809523,3.670634920634921,7.341269841269842,1008.0,10.947574660718308,7.223276212819409,24.23564236320925,31.059785688546633,27.510233795568574,62.698412698412696,84.12698412698413,46.03174603174603,0.0,0.14965093376333763
NVIDIA H100 80GB HBM3,random,32,8,direct_clamped,selective,6,7,0.0,0.0,100.0,1008.0,11.274406748786374,7.346873954367394,24.735642887808837,31.2365998382751,28.443017284554557,60.813492063492056,83.03571428571429,43.05555555555556,0.0,0.1533135252770153
NVIDIA H100 80GB HBM3,random,32,8,gray_residual,global,6,7,0.0,0.0,100.0,1008.0,10.301957520922397,7.169980690322294,22.56803176587311,27.59188653085698,14.730798220006985,60.51587301587301,84.22619047619048,43.84920634920635,0.0992063492063492,0.14731257425085
NVIDIA H100 80GB HBM3,random,32,8,gray_residual,segmented,6,7,88.98809523809523,3.670634920634921,7.341269841269842,1008.0,9.301907569615297,6.857540297802228,20.625919453074065,26.03708561627076,12.137941034603852,63.591269841269835,87.99603174603175,47.91666666666667,0.0992063492063492,0.13836584552132739
NVIDIA H100 80GB HBM3,random,32,8,gray_residual,selective,6,7,0.0,0.0,100.0,1008.0,10.301957520922397,7.169980690322294,22.56803176587311,27.59188653085698,14.730798220006985,60.51587301587301,84.22619047619048,43.84920634920635,0.0992063492063492,0.14731257425085
NVIDIA H100 80GB HBM3,random,32,9,direct_clamped,global,5,7,0.0,0.0,100.0,1008.0,10.980041494415017,7.024736112537645,25.259575709129667,30.58558895356997,25.451623163492233,61.60714285714286,82.93650793650794,59.12698412698413,0.0,0.15480437495737992
NVIDIA H100 80GB HBM3,random,32,9,direct_clamped,segmented,5,7,96.23015873015873,3.7698412698412698,0.0,1008.0,10.48105313598849,6.862759463922293,23.35561203711707,29.08250044633457,24.227333769120698,63.095238095238095,85.31746031746032,57.44047619047619,0.0,0.14340390647717932
NVIDIA H100 80GB HBM3,random,32,9,direct_clamped,selective,5,7,0.0,0.0,100.0,1008.0,10.980041494415017,7.024736112537645,25.259575709129667,30.58558895356997,25.451623163492233,61.60714285714286,82.93650793650794,59.12698412698413,0.0,0.15480437495737992
NVIDIA H100 80GB HBM3,random,32,9,gray_residual,global,5,7,0.0,0.0,100.0,1008.0,10.04157804936276,6.166577571644758,24.377373633932425,29.397588873092616,10.843333172003698,60.416666666666664,82.53968253968253,61.111111111111114,0.0992063492063492,0.16061306433194567
NVIDIA H100 80GB HBM3,random,32,9,gray_residual,segmented,5,7,96.23015873015873,3.7698412698412698,0.0,1008.0,9.27955699992639,6.25681504817206,22.618213978618833,27.231060366224632,9.826854551633721,64.38492063492063,85.61507936507937,62.698412698412696,0.0992063492063492,0.14437651991998007
NVIDIA H100 80GB HBM3,random,32,9,gray_residual,selective,5,7,0.0,0.0,100.0,1008.0,10.04157804936276,6.166577571644758,24.377373633932425,29.397588873092616,10.843333172003698,60.416666666666664,82.53968253968253,61.111111111111114,0.0992063492063492,0.16061306433194567
NVIDIA H100 80GB HBM3,random,64,0,direct_clamped,global,5,7,0.0,0.0,100.0,976.0,10.941933394467885,7.155318953853568,25.49210441942922,30.363688117171247,24.516349527343763,60.75819672131148,82.88934426229508,63.01229508196722,0.0,0.15492174308183382
NVIDIA H100 80GB HBM3,random,64,0,direct_clamped,segmented,5,7,88.52459016393442,3.8934426229508197,7.581967213114754,976.0,10.748322138826515,7.084790026426159,24.535070551451355,29.205320113120813,23.608108194237328,60.143442622950815,83.40163934426229,62.807377049180324,0.0,0.15026007104842065
NVIDIA H100 80GB HBM3,random,64,0,direct_clamped,selective,5,7,0.0,0.0,100.0,976.0,10.941933394467885,7.155318953853568,25.49210441942922,30.363688117171247,24.516349527343763,60.75819672131148,82.88934426229508,63.01229508196722,0.0,0.15492174308183382
NVIDIA H100 80GB HBM3,random,64,0,gray_residual,global,5,7,0.0,0.0,100.0,976.0,9.994535474083426,6.34814180047751,24.047481831114474,29.128229534401022,11.2127181982949,60.45081967213115,82.78688524590164,58.504098360655746,0.10245901639344263,0.15910734722915404
NVIDIA H100 80GB HBM3,random,64,0,gray_residual,segmented,5,7,88.52459016393442,3.8934426229508197,7.581967213114754,976.0,9.09626263248933,6.6333191094593635,20.026440670178104,25.12234175489993,10.588204736254625,63.729508196721305,89.95901639344262,54.713114754098356,0.10245901639344263,0.13728605905946045
NVIDIA H100 80GB HBM3,random,64,0,gray_residual,selective,5,7,50.81967213114754,3.8934426229508197,45.28688524590164,976.0,9.359735994656264,6.411321078805077,21.685326799973915,26.975061807248835,11.457476760310174,62.704918032786885,85.86065573770492,51.33196721311475,0.10245901639344263,0.14443212820213483
NVIDIA H100 80GB HBM3,random,64,1,direct_clamped,global,7,7,0.0,0.0,100.0,976.0,11.000011154653386,7.031417227100137,25.304766808084658,30.353418299950206,26.480617148200103,61.065573770491795,83.29918032786885,52.66393442622951,0.0,0.1531208956420788
NVIDIA H100 80GB HBM3,random,64,1,direct_clamped,segmented,7,7,98.5655737704918,1.4344262295081966,0.0,976.0,10.635654719430992,7.117493282741794,24.0041268669355,27.68920018511682,24.27910422729139,61.065573770491795,83.9139344262295,59.221311475409834,0.0,0.14638492054459873
NVIDIA H100 80GB HBM3,random,64,1,direct_clamped,selective,7,7,26.024590163934423,0.0,73.97540983606558,976.0,10.737976827930908,7.0374383761509085,24.78952132718422,29.017635566223042,24.881291680622546,61.68032786885246,83.81147540983606,57.479508196721305,0.0,0.14987282157020404
NVIDIA H100 80GB HBM3,random,64,1,gray_residual,global,7,7,0.0,0.0,100.0,976.0,10.009877408964206,6.210833576964838,23.54053195692467,28.407464159596984,12.006554458764462,60.143442622950815,83.50409836065575,54.30327868852459,0.10245901639344263,0.15500031339831624
NVIDIA H100 80GB HBM3,random,64,1,gray_residual,segmented,7,7,98.5655737704918,1.4344262295081966,0.0,976.0,9.372381146042265,6.1305699676635195,22.537898177400393,26.88031870270898,10.341936773528031,62.60245901639344,86.0655737704918,59.83606557377049,0.10245901639344263,0.14545582654508252
NVIDIA H100 80GB HBM3,random,64,1,gray_residual,selective,7,7,0.0,0.0,100.0,976.0,10.009877408964206,6.210833576964838,23.54053195692467,28.407464159596984,12.006554458764462,60.143442622950815,83.50409836065575,54.30327868852459,0.10245901639344263,0.15500031339831624
NVIDIA H100 80GB HBM3,random,64,2,direct_clamped,global,7,7,0.0,0.0,100.0,976.0,11.152839231514047,7.244033660322911,24.79471139643944,29.854393494815255,28.266539425615296,61.47540983606557,83.60655737704919,45.38934426229508,0.0,0.1527196979328311
NVIDIA H100 80GB HBM3,random,64,2,direct_clamped,segmented,7,7,96.4139344262295,3.5860655737704916,0.0,976.0,10.825582905915235,6.925220353106273,23.822350124449695,30.5691291363543,25.565379991173327,61.372950819672134,84.73360655737704,51.74180327868852,0.0,0.14777633741931545
NVIDIA H100 80GB HBM3,random,64,2,direct_clamped,selective,7,7,6.967213114754098,16.08606557377049,76.94672131147541,976.0,11.25122689516749,7.459759776107466,24.312325772834463,31.417376396815396,28.28264565872477,60.143442622950815,83.70901639344262,44.05737704918033,0.0,0.15258181122765568
NVIDIA H100 80GB HBM3,random,64,2,gray_residual,global,7,7,0.0,0.0,100.0,976.0,9.953157091672075,6.466923334092717,22.76689011614819,27.757598327696627,13.236082282531548,61.7827868852459,84.22131147540983,49.07786885245902,0.10245901639344263,0.1487768033495408
NVIDIA H100 80GB HBM3,random,64,2,gray_residual,segmented,7,7,96.4139344262295,3.5860655737704916,0.0,976.0,8.688254210649628,6.098286517488448,20.573070903484698,23.97108333848204,10.704975287681187,64.03688524590164,88.42213114754098,53.893442622950815,0.0,0.1263289422294305
NVIDIA H100 80GB HBM3,random,64,2,gray_residual,selective,7,7,6.967213114754098,16.08606557377049,76.94672131147541,976.0,9.659827166755383,6.7951851752122785,22.176612386308626,25.845215137058982,13.275380558170118,61.16803278688525,86.16803278688525,46.00409836065574,0.0,0.1387296968773944
NVIDIA H100 80GB HBM3,random,64,3,direct_clamped,global,7,7,0.0,0.0,100.0,976.0,11.169803762496244,7.4005434327518,24.6603935457648,30.263570632717776,28.122502162129127,61.57786885245902,83.81147540983606,44.4672131147541,0.0,0.15207490718126374
NVIDIA H100 80GB HBM3,random,64,3,direct_clamped,segmented,7,7,98.5655737704918,1.4344262295081966,0.0,976.0,10.49259281303231,6.912388547384043,23.259162022259623,29.016344542856125,25.86132111226953,63.42213114754098,85.86065573770492,50.7172131147541,0.0,0.1429598323684948
NVIDIA H100 80GB HBM3,random,64,3,direct_clamped,selective,7,7,25.922131147540984,0.0,74.07786885245902,976.0,10.755946608498368,6.956496021960559,24.128160540457785,29.258147757204526,26.507828667499172,62.39754098360656,84.52868852459017,49.2827868852459,0.0,0.14806339830174248
NVIDIA H100 80GB HBM3,random,64,3,gray_residual,global,7,7,0.0,0.0,100.0,976.0,9.995524536130917,6.180668604316134,23.525185288261063,29.039641371572916,12.138364015700684,60.75819672131148,83.60655737704919,54.30327868852459,0.10245901639344263,0.15562356252262843
NVIDIA H100 80GB HBM3,random,64,3,gray_residual,segmented,7,7,98.5655737704918,1.4344262295081966,0.0,976.0,8.986752408900847,6.245926451337736,21.787650031650948,25.36373429196772,10.55122611667109,64.44672131147541,87.29508196721312,57.17213114754098,0.10245901639344263,0.13587734304623145
NVIDIA H100 80GB HBM3,random,64,3,gray_residual,selective,7,7,0.0,0.0,100.0,976.0,9.995524536130917,6.180668604316134,23.525185288261063,29.039641371572916,12.138364015700684,60.75819672131148,83.60655737704919,54.30327868852459,0.10245901639344263,0.15562356252262843
NVIDIA H100 80GB HBM3,random,64,4,direct_clamped,global,7,7,0.0,0.0,100.0,976.0,10.971230416687336,7.196753833914243,25.13860983662171,30.098234499393346,27.24902661665561,61.885245901639344,83.60655737704919,48.66803278688525,0.0,0.1519575645070521
NVIDIA H100 80GB HBM3,random,64,4,direct_clamped,segmented,7,7,96.31147540983606,3.6885245901639343,0.0,976.0,10.459420035488929,6.868539960913928,23.394377304887833,28.614387268825357,26.19549825985098,63.31967213114754,85.45081967213115,48.05327868852459,0.0,0.14356853225869962
NVIDIA H100 80GB HBM3,random,64,4,direct_clamped,selective,7,7,0.0,0.0,100.0,976.0,10.971230416687336,7.196753833914243,25.13860983662171,30.098234499393346,27.24902661665561,61.885245901639344,83.60655737704919,48.66803278688525,0.0,0.1519575645070521
NVIDIA H100 80GB HBM3,random,64,4,gray_residual,global,7,7,0.0,0.0,100.0,976.0,10.297643121915069,7.176128672028776,22.60582415991582,27.57486680333769,14.675420570801426,60.55327868852459,84.22131147540983,44.05737704918033,0.10245901639344263,0.14725284817590112
NVIDIA H100 80GB HBM3,random,64,4,gray_residual,segmented,7,7,96.31147540983606,3.6885245901639343,0.0,976.0,9.089788468926708,6.697551940971924,20.402425643189293,24.279291495534217,12.860862974094085,64.24180327868852,89.24180327868852,42.93032786885246,0.0,0.1295051368554514
NVIDIA H100 80GB HBM3,random,64,4,gray_residual,selective,7,7,0.0,38.2172131147541,61.7827868852459,976.0,10.132530649625824,7.772546726220488,21.37310278358432,26.5289836997137,15.026316833196955,60.245901639344254,87.5,40.06147540983606,0.10245901639344263,0.14117734209497598
NVIDIA H100 80GB HBM3,random,64,5,direct_clamped,global,7,7,0.0,0.0,100.0,976.0,11.086107753427523,7.068290568437938,24.593674851104584,31.098909675213402,28.354808035314562,61.68032786885246,83.81147540983606,44.4672131147541,0.0,0.15159495762546188
NVIDIA H100 80GB HBM3,random,64,5,direct_clamped,segmented,7,7,98.5655737704918,1.4344262295081966,0.0,976.0,10.790691936847832,7.116933411208347,23.47007590021757,30.781950552907293,26.4463959407163,62.295081967213115,85.65573770491804,47.43852459016394,0.0,0.14673925779724084
NVIDIA H100 80GB HBM3,random,64,5,direct_clamped,selective,7,7,40.47131147540984,38.01229508196721,21.51639344262295,976.0,10.717907482216205,7.152067573844645,23.967149687716336,29.922509747938104,27.519812439095414,62.909836065573764,84.93852459016394,44.15983606557377,0.0,0.1457858363846173
NVIDIA H100 80GB HBM3,random,64,5,gray_residual,global,7,7,0.0,0.0,100.0,976.0,10.269535906743979,7.166976767529398,22.470612145713226,27.550728246420075,14.810741241333659,60.86065573770492,84.32377049180327,43.75,0.10245901639344263,0.14702188607309039
NVIDIA H100 80GB HBM3,random,64,5,gray_residual,segmented,7,7,98.5655737704918,1.4344262295081966,0.0,976.0,8.881938200506179,7.026737922524703,19.557291578121024,24.304429954625224,12.291815781434972,64.24180327868852,90.77868852459017,44.97950819672131,0.0,0.1282244023690425
NVIDIA H100 80GB HBM3,random,64,5,gray_residual,selective,7,7,0.0,0.0,100.0,976.0,10.269535906743979,7.166976767529398,22.470612145713226,27.550728246420075,14.810741241333659,60.86065573770492,84.32377049180327,43.75,0.10245901639344263,0.14702188607309039
NVIDIA H100 80GB HBM3,random,64,6,direct_clamped,global,7,7,0.0,0.0,100.0,976.0,11.548824396149321,7.753236935280989,24.35978442398205,32.301810850721814,29.90417658929317,60.34836065573771,84.01639344262296,39.03688524590164,0.0,0.15409762318511502
NVIDIA H100 80GB HBM3,random,64,6,direct_clamped,segmented,7,7,96.51639344262296,3.483606557377049,0.0,976.0,10.879893959000347,7.370934993988926,23.705343278714626,32.03979306441947,26.671877273945498,59.83606557377049,85.55327868852459,41.80327868852459,0.0,0.14457195490284197
NVIDIA H100 80GB HBM3,random,64,6,direct_clamped,selective,7,7,62.192622950819676,2.151639344262295,35.65573770491803,976.0,10.985648577122728,7.142697416018491,24.162309230573243,31.856603097933846,28.31125931187688,61.16803278688525,84.93852459016394,39.959016393442624,0.0,0.14686499361031097
NVIDIA H100 80GB HBM3,random,64,6,gray_residual,global,7,7,0.0,0.0,100.0,976.0,9.968039071579494,6.488172852264174,22.403402605812087,27.953696149317423,13.46174812832067,62.090163934426236,84.52868852459017,47.540983606557376,0.10245901639344263,0.14855373958111912
NVIDIA H100 80GB HBM3,random,64,6,gray_residual,segmented,7,7,96.51639344262296,3.483606557377049,0.0,976.0,9.066995321177366,6.994440743048904,19.89514011251611,23.880347281138423,11.97897459082113,61.065573770491795,90.3688524590164,45.28688524590164,0.0,0.12632197840223325
NVIDIA H100 80GB HBM3,random,64,6,gray_residual,selective,7,7,36.37295081967213,17.827868852459016,45.799180327868854,976.0,9.717519897833643,7.904259223610614,20.001356309544043,23.88048137477227,14.203717369180897,58.29918032786885,89.95901639344262,37.5,0.10245901639344263,0.1330100799393646
NVIDIA H100 80GB HBM3,random,64,7,direct_clamped,global,6,7,0.0,0.0,100.0,976.0,10.92508329783801,6.890353030862006,25.148680116198182,30.30542672229587,26.995730959119392,62.39754098360656,83.60655737704919,51.229508196721305,0.0,0.15258046856421095
NVIDIA H100 80GB HBM3,random,64,7,direct_clamped,segmented,6,7,96.20901639344262,3.790983606557377,0.0,976.0,10.588728023715571,6.819049971940382,23.424911818051743,30.48245978435886,25.72888120565231,62.295081967213115,85.75819672131148,48.36065573770492,0.0,0.14324692587546023
NVIDIA H100 80GB HBM3,random,64,7,direct_clamped,selective,6,7,0.0,0.0,100.0,976.0,10.92508329783801,6.890353030862006,25.148680116198182,30.30542672229587,26.995730959119392,62.39754098360656,83.60655737704919,51.229508196721305,0.0,0.15258046856421095
NVIDIA H100 80GB HBM3,random,64,7,gray_residual,global,6,7,0.0,0.0,100.0,976.0,9.81689659130599,5.965795180117965,23.37686218985181,28.416670133119922,12.06526186241309,61.065573770491795,84.01639344262296,54.20081967213115,0.0,0.15058763422350271
NVIDIA H100 80GB HBM3,random,64,7,gray_residual,segmented,6,7,96.20901639344262,3.790983606557377,0.0,976.0,8.743319548752401,6.871749968277619,19.100925210831143,24.053905479280427,11.067641218858217,61.885245901639344,90.8811475409836,48.66803278688525,0.0,0.12048785314407233
NVIDIA H100 80GB HBM3,random,64,7,gray_residual,selective,6,7,36.0655737704918,2.2540983606557377,61.68032786885246,976.0,9.446301169349626,6.747088576042765,21.858648965048367,26.703045685430453,12.46628757247853,63.114754098360656,88.31967213114754,49.385245901639344,0.0,0.14013748285475133
NVIDIA H100 80GB HBM3,random,64,8,direct_clamped,global,6,7,0.0,0.0,100.0,976.0,11.031094049938782,7.280461707886558,24.92668563565435,29.886576189371944,26.9060474550421,61.885245901639344,83.60655737704919,46.31147540983606,0.0,0.15112381009984746
NVIDIA H100 80GB HBM3,random,64,8,direct_clamped,segmented,6,7,96.20901639344262,3.790983606557377,0.0,976.0,10.56034869142069,7.20508993440963,22.894683805316504,29.41907889966597,24.77249006999095,61.68032786885246,85.34836065573771,48.15573770491803,0.0,0.14164490901890664
NVIDIA H100 80GB HBM3,random,64,8,direct_clamped,selective,6,7,25.40983606557377,0.0,74.59016393442623,976.0,10.60643641080336,7.008821050854003,24.486715104492855,28.478618084419015,25.127030808494293,62.60245901639344,84.52868852459017,52.254098360655746,0.0,0.14689551848530424
NVIDIA H100 80GB HBM3,random,64,8,gray_residual,global,6,7,0.0,0.0,100.0,976.0,10.033696311072044,6.366338223632506,22.824372986909133,27.948879504424934,12.719536407267022,61.47540983606557,83.9139344262295,49.59016393442623,0.10245901639344263,0.15205932786204482
NVIDIA H100 80GB HBM3,random,64,8,gray_residual,segmented,6,7,96.20901639344262,3.790983606557377,0.0,976.0,8.910311698415894,7.275938003979387,18.681522001938866,24.032601346697103,10.651767253790647,62.909836065573764,91.70081967213115,52.254098360655746,0.10245901639344263,0.12829336288798338
NVIDIA H100 80GB HBM3,random,64,8,gray_residual,selective,6,7,36.27049180327869,2.2540983606557377,61.47540983606557,976.0,9.787763262931234,7.038653308419902,21.598328753636444,26.92800106745848,13.018986919934362,62.60245901639344,87.39754098360656,46.41393442622951,0.10245901639344263,0.14489099114026757
NVIDIA H100 80GB HBM3,random,64,9,direct_clamped,global,6,7,0.0,0.0,100.0,976.0,11.245522473430997,7.351339137998336,24.85610572480708,31.453096959635623,29.080016226483256,61.270491803278695,83.29918032786885,42.82786885245902,0.0,0.15325563918229665
NVIDIA H100 80GB HBM3,random,64,9,direct_clamped,segmented,6,7,98.46311475409836,1.5368852459016393,0.0,976.0,10.725344118574206,6.866382292307947,23.53509859801499,30.322198787787094,26.11838334454314,63.01229508196722,84.93852459016394,48.5655737704918,0.0,0.14581991635054048
NVIDIA H100 80GB HBM3,random,64,9,direct_clamped,selective,6,7,25.717213114754102,0.0,74.2827868852459,976.0,10.786002242960587,6.76025081829941,24.562079594986102,29.445705725626162,27.3751238157989,62.60245901639344,84.01639344262296,48.46311475409836,0.0,0.14899156686626466
NVIDIA H100 80GB HBM3,random,64,9,gray_residual,global,6,7,0.0,0.0,100.0,976.0,10.179888731889113,6.842846553863453,22.52943054682425,28.020158590810162,14.330347012252847,61.372950819672134,83.70901639344262,45.1844262295082,0.10245901639344263,0.1483396747186741
NVIDIA H100 80GB HBM3,random,64,9,gray_residual,segmented,6,7,98.46311475409836,1.5368852459016393,0.0,976.0,8.795598217280455,7.067507509990027,18.96855010961877,23.65186955972686,11.55599270920054,62.704918032786885,91.49590163934425,48.87295081967213,0.0,0.12491096818808473
NVIDIA H100 80GB HBM3,random,64,9,gray_residual,selective,6,7,48.77049180327869,1.9467213114754098,49.2827868852459,976.0,9.729684101098082,7.213890297147921,21.71034532079912,26.569009628223974,13.55548143089175,62.5,86.98770491803278,43.75,0.10245901639344263,0.14170061863339448
NVIDIA H100 80GB HBM3,random,128,0,direct_clamped,global,6,7,0.0,0.0,100.0,912.0,10.939684556332823,7.172041809281307,24.86346851824515,30.011764304011002,27.530674592972016,61.95175438596491,83.77192982456141,47.14912280701755,0.0,0.1507469667088223
NVIDIA H100 80GB HBM3,random,128,0,direct_clamped,segmented,6,7,98.35526315789474,1.644736842105263,0.0,912.0,10.302657528069256,6.682568868265463,22.916026826943288,28.656592262859405,24.737222598725086,62.5,85.52631578947368,53.39912280701754,0.0,0.1398795055758823
NVIDIA H100 80GB HBM3,random,128,0,direct_clamped,selective,6,7,26.42543859649123,0.0,73.57456140350878,912.0,10.537741866501436,6.8982709634433395,24.434452272572763,28.1057609570048,25.751767110274663,62.93859649122807,84.53947368421053,53.07017543859649,0.0,0.14656335743420076
NVIDIA H100 80GB HBM3,random,128,0,gray_residual,global,6,7,0.0,0.0,100.0,912.0,10.609121259735138,7.877469572647433,22.442317789331923,26.838375001244323,16.092302293102385,60.85526315789473,85.52631578947368,39.58333333333333,0.10964912280701754,0.14529988138888195
NVIDIA H100 80GB HBM3,random,128,0,gray_residual,segmented,6,7,98.35526315789474,1.644736842105263,0.0,912.0,8.804550189498803,7.018726496957036,19.42213143862183,23.04765981912671,11.225427541916206,64.91228070175438,91.00877192982456,48.90350877192983,0.0,0.12223174589746207
NVIDIA H100 80GB HBM3,random,128,0,gray_residual,selective,6,7,60.74561403508771,1.644736842105263,37.609649122807014,912.0,9.254674467189474,6.790784408314167,20.299853511572362,24.635921654979253,12.708240727522574,63.1578947368421,89.47368421052632,45.83333333333333,0.0,0.13067696335101747
NVIDIA H100 80GB HBM3,random,128,1,direct_clamped,global,7,7,0.0,0.0,100.0,912.0,11.004965818067387,7.067117006996747,25.351164966008838,30.374234898418404,27.876162759167915,61.95175438596491,83.99122807017544,51.20614035087719,0.0,0.1531611857414229
NVIDIA H100 80GB HBM3,random,128,1,direct_clamped,segmented,7,7,96.16228070175438,3.8377192982456143,0.0,912.0,10.683181553851663,7.1922783186845844,23.732451790079576,30.540403135990534,25.718565469981463,62.17105263157895,85.52631578947368,54.49561403508771,0.0,0.14587367816433514
NVIDIA H100 80GB HBM3,random,128,1,direct_clamped,selective,7,7,7.456140350877193,0.0,92.54385964912281,912.0,11.084075890818129,7.067117006996747,25.095322083759218,31.411598801686534,27.87487845874008,61.18421052631579,84.21052631578947,50.54824561403509,0.0,0.1533311817926573
NVIDIA H100 80GB HBM3,random,128,1,gray_residual,global,7,7,0.0,0.0,100.0,912.0,9.980722424529002,6.190718044582228,23.658182397918267,28.5702301683857,12.12296327663063,60.635964912280706,82.89473684210526,55.15350877192983,0.10964912280701754,0.15526837737722443
NVIDIA H100 80GB HBM3,random,128,1,gray_residual,segmented,7,7,96.16228070175438,3.8377192982456143,0.0,912.0,8.90397311493849,6.752358684099239,20.19355546972297,23.78294848903403,10.98668428184979,62.71929824561403,89.69298245614034,53.61842105263158,0.0,0.12895222961837036
NVIDIA H100 80GB HBM3,random,128,1,gray_residual,selective,7,7,43.530701754385966,2.4122807017543857,54.05701754385965,912.0,9.39935141178571,7.263560493965379,21.386320169508316,25.61973766044325,12.621169226255427,61.8421052631579,88.70614035087719,48.68421052631579,0.10964912280701754,0.13793435880225535
NVIDIA H100 80GB HBM3,random,128,2,direct_clamped,global,7,7,0.0,0.0,100.0,912.0,10.744856071999525,6.809444820379989,25.239159571156037,29.88013829102597,25.199530304259003,62.28070175438597,83.66228070175438,49.34210526315789,0.0,0.14978197669761473
NVIDIA H100 80GB HBM3,random,128,2,direct_clamped,segmented,7,7,98.46491228070175,1.5350877192982455,0.0,912.0,10.125208341790755,6.610284512480714,22.51933094054247,27.993559116683965,22.59355578483072,63.377192982456144,86.62280701754386,53.94736842105263,0.0,0.13628776509874785
NVIDIA H100 80GB HBM3,random,128,2,direct_clamped,selective,7,7,61.074561403508774,1.9736842105263157,36.95175438596491,912.0,10.231330519170832,6.738107232417526,23.531747267873364,28.13806364557734,23.78433225192367,64.47368421052632,85.30701754385966,51.09649122807017,0.0,0.14125141882577827
NVIDIA H100 80GB HBM3,random,128,2,gray_residual,global,7,7,0.0,0.0,100.0,912.0,9.87415132180885,6.048863402814929,23.59304729791678,28.248184214801007,11.804663230991025,61.622807017543856,84.21052631578947,52.52192982456141,0.10964912280701754,0.15346074713218805
NVIDIA H100 80GB HBM3,random,128,2,gray_residual,segmented,7,7,98.46491228070175,1.5350877192982455,0.0,912.0,8.579013572492943,6.702886714136519,18.529485854298688,22.554281284034364,10.092752057148047,62.82894736842105,92.10526315789474,52.52192982456141,0.0,0.12029174230959212
NVIDIA H100 80GB HBM3,random,128,2,gray_residual,selective,7,7,42.76315789473684,1.9736842105263157,55.26315789473685,912.0,9.362914903303883,7.254320114796032,21.00081386291669,26.27111038691355,12.412243599620854,61.95175438596491,88.26754385964912,45.17543859649123,0.10964912280701754,0.137008304635352
NVIDIA H100 80GB HBM3,random,128,3,direct_clamped,global,7,7,0.0,0.0,100.0,912.0,11.209954494339092,7.192181737158325,25.67303976410627,32.37848147512236,27.413017751563544,61.29385964912281,82.89473684210526,55.15350877192983,0.0,0.15702358570165556
NVIDIA H100 80GB HBM3,random,128,3,direct_clamped,segmented,7,7,98.46491228070175,1.5350877192982455,0.0,912.0,10.716257209019652,6.990209413992443,23.508788222328832,29.904959681978532,25.769928583368923,61.73245614035088,84.86842105263158,53.83771929824561,0.0,0.14526802320584029
NVIDIA H100 80GB HBM3,random,128,3,direct_clamped,selective,7,7,0.0,38.70614035087719,61.29385964912281,912.0,10.945633273933861,7.037566010882388,24.570580290733755,31.855677936586403,27.778597283398852,63.1578947368421,83.99122807017544,50.54824561403509,0.0,0.15118216487052477
NVIDIA H100 80GB HBM3,random,128,3,gray_residual,global,7,7,0.0,0.0,100.0,912.0,10.059082631084914,6.255742867941997,23.860461628678685,29.323825342369943,11.82866107343473,60.19736842105263,83.1140350877193,56.57894736842105,0.10964912280701754,0.1575859695803401
NVIDIA H100 80GB HBM3,random,128,3,gray_residual,segmented,7,7,98.46491228070175,1.5350877192982455,0.0,912.0,8.967222002663453,7.261954850248742,19.251585773314968,23.88124418029006,10.611556323658062,64.80263157894737,91.44736842105263,55.92105263157895,0.10964912280701754,0.12852286842344568
NVIDIA H100 80GB HBM3,random,128,3,gray_residual,selective,7,7,51.53508771929825,3.618421052631579,44.84649122807017,912.0,9.451468623018087,6.892651009007159,20.99236319666334,26.250489917408835,12.181873235633846,61.95175438596491,87.82894736842105,48.68421052631579,0.10964912280701754,0.14048770743997677
NVIDIA H100 80GB HBM3,random,128,4,direct_clamped,global,7,7,0.0,0.0,100.0,912.0,10.942670446254061,7.010638666874506,25.340131433417064,30.182203384782987,26.13448733140108,61.8421052631579,83.66228070175438,49.34210526315789,0.0,0.15232886435863394
NVIDIA H100 80GB HBM3,random,128,4,direct_clamped,segmented,7,7,98.57456140350878,1.425438596491228,0.0,912.0,10.420564344842647,6.768943006511289,23.278634503278816,29.155800276344632,23.928252322700395,62.17105263157895,85.30701754385966,51.31578947368421,0.0,0.14124249173182662
NVIDIA H100 80GB HBM3,random,128,4,direct_clamped,selective,7,7,36.40350877192983,2.1929824561403506,61.40350877192983,912.0,10.822793975859476,7.0880352420796315,24.133344274717338,30.468661618378963,26.566795613534644,62.28070175438597,84.53947368421053,44.29824561403509,0.0,0.14763982066868261
NVIDIA H100 80GB HBM3,random,128,4,gray_residual,global,7,7,0.0,0.0,100.0,912.0,10.34632341961592,7.334360030190581,22.278082456796163,27.440970609358576,14.96835260556781,61.18421052631579,84.75877192982456,41.776315789473685,0.10964912280701754,0.1464067297945828
NVIDIA H100 80GB HBM3,random,128,4,gray_residual,segmented,7,7,98.57456140350878,1.425438596491228,0.0,912.0,8.93257389932991,6.910499315335981,19.77469496823573,23.36945284714955,11.689342718891863,60.19736842105263,90.5701754385965,44.95614035087719,0.0,0.12483415258719174
NVIDIA H100 80GB HBM3,random,128,4,gray_residual,selective,7,7,55.70175438596491,17.982456140350877,26.31578947368421,912.0,9.785957276949299,8.076369634468731,20.70902496556974,23.705982733426314,14.15292917568403,57.45614035087719,88.92543859649122,35.85526315789473,0.0,0.13083715132498852
NVIDIA H100 80GB HBM3,random,128,5,direct_clamped,global,7,7,0.0,0.0,100.0,912.0,11.107961017762033,7.439654920683436,24.75972796503849,30.44588528365837,28.39864386022523,61.29385964912281,83.88157894736842,43.42105263157895,0.0,0.15150114566772463
NVIDIA H100 80GB HBM3,random,128,5,direct_clamped,segmented,7,7,100.0,0.0,0.0,912.0,10.268926931003577,6.863630773511238,21.733923705334053,28.87428378590555,24.866822497682108,62.17105263157895,86.9517543859649,50.877192982456144,0.0,0.13745483368570074
NVIDIA H100 80GB HBM3,random,128,5,direct_clamped,selective,7,7,26.42543859649123,38.377192982456144,35.19736842105263,912.0,10.536440503585029,7.03433982544446,23.542272929557107,29.95664252330582,26.482251853672008,62.5,85.30701754385966,46.82017543859649,0.0,0.14307953864272946
NVIDIA H100 80GB HBM3,random,128,5,gray_residual,global,7,7,0.0,0.0,100.0,912.0,10.134547349220103,6.7008050772532455,22.624114069119653,28.158175304152582,14.098417334755434,61.73245614035088,84.10087719298247,44.95614035087719,0.10964912280701754,0.1490334134351677
NVIDIA H100 80GB HBM3,random,128,5,gray_residual,segmented,7,7,100.0,0.0,0.0,912.0,8.576526516235145,6.954369332362651,18.69659791305026,22.07741625399753,10.266026435800887,64.3640350877193,92.54385964912281,55.48245614035088,0.0,0.12065160203328548
NVIDIA H100 80GB HBM3,random,128,5,gray_residual,selective,7,7,96.71052631578947,3.289473684210526,0.0,912.0,8.859140158169177,7.054800190947221,19.45296996938323,24.296755112807322,11.20591034560839,63.59649122807017,90.35087719298247,51.31578947368421,0.0,0.12936901436689832
NVIDIA H100 80GB HBM3,random,128,6,direct_clamped,global,7,7,0.0,0.0,100.0,912.0,11.196555735936807,7.194250967520119,24.96221717305279,31.139237266677956,28.500296103598167,61.29385964912281,83.33333333333334,44.07894736842105,0.0,0.1523880372775248
NVIDIA H100 80GB HBM3,random,128,6,direct_clamped,segmented,7,7,97.69736842105263,2.302631578947368,0.0,912.0,10.577169328929637,6.9022894229189955,22.857504059687955,32.643159182587546,26.78870080800355,62.28070175438597,85.30701754385966,46.60087719298245,0.0,0.14288397945934575
NVIDIA H100 80GB HBM3,random,128,6,direct_clamped,selective,7,7,0.0,38.70614035087719,61.29385964912281,912.0,11.121669753561024,7.385838672068969,24.83956529957816,32.00519894706454,28.865561875809025,61.40350877192983,84.21052631578947,39.25438596491228,0.0,0.1491951874841936
NVIDIA H100 80GB HBM3,random,128,6,gray_residual,global,7,7,0.0,0.0,100.0,912.0,10.105128366302457,6.615069973249232,23.13102726806648,27.878810968304723,12.857026147550105,60.85526315789473,83.77192982456141,50.76754385964912,0.10964912280701754,0.1532170822645796
NVIDIA H100 80GB HBM3,random,128,6,gray_residual,segmented,7,7,97.69736842105263,2.302631578947368,0.0,912.0,8.838922831118255,6.8637378865212595,19.65412005768746,23.570019814812323,11.395524900101469,62.60964912280702,90.35087719298247,52.083333333333336,0.0,0.1271895062388545
NVIDIA H100 80GB HBM3,random,128,6,gray_residual,selective,7,7,43.31140350877193,2.302631578947368,54.385964912280706,912.0,9.635964845744173,7.400650750105996,21.781627956050094,25.626665166610955,13.254046077873285,62.17105263157895,87.82894736842105,46.271929824561404,0.10964912280701754,0.13852761715582923
NVIDIA H100 80GB HBM3,random,128,7,direct_clamped,global,7,7,0.0,0.0,100.0,912.0,10.818387433938453,6.881716796473048,25.056157319076814,29.30112545794367,26.306018332340606,62.60964912280702,83.77192982456141,51.09649122807017,0.0,0.15087109231882037
NVIDIA H100 80GB HBM3,random,128,7,direct_clamped,segmented,7,7,98.46491228070175,1.5350877192982455,0.0,912.0,10.289841404373988,6.919431423860646,22.344269070120546,28.532609325397036,24.295309535406933,62.28070175438597,86.73245614035088,50.0,0.0,0.13847905747982053
NVIDIA H100 80GB HBM3,random,128,7,direct_clamped,selective,7,7,62.17105263157895,2.1929824561403506,35.635964912280706,912.0,10.349470783524223,6.886303877702574,22.98777170062086,28.41087415591335,25.01043959467703,64.03508771929825,85.41666666666666,51.09649122807017,0.0,0.14188665958503685
NVIDIA H100 80GB HBM3,random,128,7,gray_residual,global,7,7,0.0,0.0,100.0,912.0,9.894065057632488,6.139812188107695,23.144234287851457,27.891202261392234,12.355120002214168,62.5,84.3201754385965,50.76754385964912,0.10964912280701754,0.1519294185830296
NVIDIA H100 80GB HBM3,random,128,7,gray_residual,segmented,7,7,98.46491228070175,1.5350877192982455,0.0,912.0,8.810098915696578,7.124560904251969,18.218046432684822,22.62955052067084,10.550461542198644,61.18421052631579,91.99561403508771,49.780701754385966,0.0,0.12143269047706508
NVIDIA H100 80GB HBM3,random,128,7,gray_residual,selective,7,7,50.54824561403509,3.7280701754385963,45.723684210526315,912.0,9.51397396902394,7.673556511801305,20.164137282430968,24.742723827045857,13.119170733858757,58.77192982456141,89.69298245614034,40.35087719298245,0.10964912280701754,0.13456676598964645
NVIDIA H100 80GB HBM3,random,128,8,direct_clamped,global,7,7,0.0,0.0,100.0,912.0,11.013999651439473,7.179732041175878,25.054306766291244,29.722248406966195,26.61682778321104,61.73245614035088,83.44298245614034,56.9078947368421,0.0,0.15420215872887388
NVIDIA H100 80GB HBM3,random,128,8,direct_clamped,segmented,7,7,98.57456140350878,1.425438596491228,0.0,912.0,10.532797336804965,6.841713999905423,23.65936673224293,28.572729465109177,25.651608174587732,63.48684210526315,84.3201754385965,58.333333333333336,0.0,0.1468357118258125
NVIDIA H100 80GB HBM3,random,128,8,direct_clamped,selective,7,7,0.0,0.0,100.0,912.0,11.013999651439473,7.179732041175878,25.054306766291244,29.722248406966195,26.61682778321104,61.73245614035088,83.44298245614034,56.9078947368421,0.0,0.15420215872887388
NVIDIA H100 80GB HBM3,random,128,8,gray_residual,global,7,7,0.0,0.0,100.0,912.0,10.115917462695059,6.436238279193128,23.3729096489316,28.57615927288374,12.81530039837378,60.08771929824561,84.10087719298247,53.17982456140351,0.10964912280701754,0.1545354130044212
NVIDIA H100 80GB HBM3,random,128,8,gray_residual,segmented,7,7,98.57456140350878,1.425438596491228,0.0,912.0,8.956188225010658,6.541218745959371,20.911427747401646,24.28675139589052,11.173208348368327,63.26754385964912,89.03508771929825,54.166666666666664,0.0,0.12975126593267075
NVIDIA H100 80GB HBM3,random,128,8,gray_residual,selective,7,7,14.802631578947366,1.425438596491228,83.77192982456141,912.0,9.939883936946886,6.99459349300327,22.78322516650242,27.46761887603371,12.869064290751941,58.77192982456141,85.41666666666666,50.0,0.10964912280701754,0.14793686957605426
NVIDIA H100 80GB HBM3,random,128,9,direct_clamped,global,7,7,0.0,0.0,100.0,912.0,10.865836287093252,6.916026766796227,25.083608121529686,30.326445078837242,25.704780248878922,61.622807017543856,83.99122807017544,51.09649122807017,0.0,0.1503041716894789
NVIDIA H100 80GB HBM3,random,128,9,direct_clamped,segmented,7,7,100.0,0.0,0.0,912.0,10.297742335712748,6.618993838253626,22.34803035066301,30.575846353535002,23.981742527457772,63.1578947368421,86.07456140350878,52.30263157894737,0.0,0.13897040876661565
NVIDIA H100 80GB HBM3,random,128,9,direct_clamped,selective,7,7,0.0,37.82894736842105,62.17105263157895,912.0,10.713845598686284,7.0382148904437205,24.163969543323763,31.479700295336023,26.226440700061087,62.28070175438597,85.19736842105263,44.627192982456144,0.0,0.1452390808004623
NVIDIA H100 80GB HBM3,random,128,9,gray_residual,global,7,7,0.0,0.0,100.0,912.0,10.316613213093417,7.360485177741731,21.958127591296265,27.101115385424052,14.879194847448668,60.85526315789473,84.97807017543859,41.66666666666667,0.10964912280701754,0.14353914216320923
NVIDIA H100 80GB HBM3,random,128,9,gray_residual,segmented,7,7,100.0,0.0,0.0,912.0,8.702617316629022,6.800485663739574,19.452830139500822,22.876173659965282,11.63432272282134,61.622807017543856,90.89912280701753,44.73684210526316,0.0,0.12029851718026441
NVIDIA H100 80GB HBM3,random,128,9,gray_residual,selective,7,7,81.35964912280701,2.083333333333333,16.557017543859647,912.0,9.151464054035415,7.29382820507559,19.995289506090888,23.741876535269164,12.773081898082964,61.18421052631579,90.02192982456141,43.09210526315789,0.0,0.12756714612689243
NVIDIA H100 80GB HBM3,coverage,8,0,direct_clamped,global,7,7,0.0,0.0,100.0,1032.0,10.997567728912475,7.2395391424315045,24.953291578472403,29.947069002906353,26.605722193933158,62.2093023255814,83.62403100775194,46.12403100775194,0.0,0.1507688396110666
NVIDIA H100 80GB HBM3,coverage,8,0,direct_clamped,segmented,7,7,0.0,0.0,100.0,1032.0,10.997567728912475,7.2395391424315045,24.953291578472403,29.947069002906353,26.605722193933158,62.2093023255814,83.62403100775194,46.12403100775194,0.0,0.1507688396110666
NVIDIA H100 80GB HBM3,coverage,8,0,direct_clamped,selective,7,7,0.0,0.0,100.0,1032.0,10.997567728912475,7.2395391424315045,24.953291578472403,29.947069002906353,26.605722193933158,62.2093023255814,83.62403100775194,46.12403100775194,0.0,0.1507688396110666
NVIDIA H100 80GB HBM3,coverage,8,0,gray_residual,global,7,7,0.0,0.0,100.0,1032.0,9.968427587513519,6.434556320589044,22.761292416264503,27.9201290775572,12.886495600664253,61.724806201550386,84.39922480620154,49.41860465116279,0.09689922480620156,0.15047173797492397
NVIDIA H100 80GB HBM3,coverage,8,0,gray_residual,segmented,7,7,0.0,0.0,100.0,1032.0,9.968427587513519,6.434556320589044,22.761292416264503,27.9201290775572,12.886495600664253,61.724806201550386,84.39922480620154,49.41860465116279,0.09689922480620156,0.15047173797492397
NVIDIA H100 80GB HBM3,coverage,8,0,gray_residual,selective,7,7,0.0,0.0,100.0,1032.0,9.968427587513519,6.434556320589044,22.761292416264503,27.9201290775572,12.886495600664253,61.724806201550386,84.39922480620154,49.41860465116279,0.09689922480620156,0.15047173797492397
NVIDIA H100 80GB HBM3,coverage,8,1,direct_clamped,global,7,7,0.0,0.0,100.0,1032.0,12.917531384952534,9.582781004086975,25.476114050253642,36.076613040858945,33.258672047569746,52.42248062015504,83.13953488372093,30.426356589147286,0.0,0.1611576941931506
NVIDIA H100 80GB HBM3,coverage,8,1,direct_clamped,segmented,7,7,0.0,15.988372093023257,84.01162790697676,1032.0,13.000046133913168,9.582781004086975,25.537584224802618,36.27003308496838,33.2743547205033,52.32558139534884,82.75193798449612,29.457364341085274,0.0,0.16151011733693482
NVIDIA H100 80GB HBM3,coverage,8,1,direct_clamped,selective,7,7,0.0,0.0,100.0,1032.0,12.917531384952534,9.582781004086975,25.476114050253642,36.076613040858945,33.258672047569746,52.42248062015504,83.13953488372093,30.426356589147286,0.0,0.1611576941931506
NVIDIA H100 80GB HBM3,coverage,8,1,gray_residual,global,7,7,0.0,0.0,100.0,1032.0,15.449693412456897,15.787048375698031,25.490722775173843,32.21465840570444,28.05260735779877,27.131782945736433,76.45348837209302,25.387596899224807,0.0,0.16682232628429555
NVIDIA H100 80GB HBM3,coverage,8,1,gray_residual,segmented,7,7,0.0,15.988372093023257,84.01162790697676,1032.0,15.398814516809168,15.8084824928907,25.362860679174943,32.21465840570444,28.035155780229832,26.937984496124027,77.03488372093024,25.581395348837212,0.0,0.16671170532066837
NVIDIA H100 80GB HBM3,coverage,8,1,gray_residual,selective,7,7,0.0,0.0,100.0,1032.0,15.449693412456897,15.787048375698031,25.490722775173843,32.21465840570444,28.05260735779877,27.131782945736433,76.45348837209302,25.387596899224807,0.0,0.16682232628429555
NVIDIA H100 80GB HBM3,coverage,8,2,direct_clamped,global,7,7,0.0,0.0,100.0,1032.0,13.288777738877773,9.900910495614717,25.644484795862876,37.06912364434654,34.1958957628414,51.162790697674424,82.75193798449612,28.488372093023255,0.0,0.16336910593222695
NVIDIA H100 80GB HBM3,coverage,8,2,direct_clamped,segmented,7,7,0.0,0.0,100.0,1032.0,13.288777738877773,9.900910495614717,25.644484795862876,37.06912364434654,34.1958957628414,51.162790697674424,82.75193798449612,28.488372093023255,0.0,0.16336910593222695
NVIDIA H100 80GB HBM3,coverage,8,2,direct_clamped,selective,7,7,0.0,0.0,100.0,1032.0,13.288777738877773,9.900910495614717,25.644484795862876,37.06912364434654,34.1958957628414,51.162790697674424,82.75193798449612,28.488372093023255,0.0,0.16336910593222695
NVIDIA H100 80GB HBM3,coverage,8,2,gray_residual,global,7,7,0.0,0.0,100.0,1032.0,13.046863123840192,12.524418423186871,22.58133607583527,27.517077870748366,22.98040139001567,35.077519379844965,85.46511627906976,31.686046511627907,0.0,0.14931926408865553
NVIDIA H100 80GB HBM3,coverage,8,2,gray_residual,segmented,7,7,0.0,0.0,100.0,1032.0,13.046863123840192,12.524418423186871,22.58133607583527,27.517077870748366,22.98040139001567,35.077519379844965,85.46511627906976,31.686046511627907,0.0,0.14931926408865553
NVIDIA H100 80GB HBM3,coverage,8,2,gray_residual,selective,7,7,0.0,0.0,100.0,1032.0,13.046863123840192,12.524418423186871,22.58133607583527,27.517077870748366,22.98040139001567,35.077519379844965,85.46511627906976,31.686046511627907,0.0,0.14931926408865553
NVIDIA H100 80GB HBM3,coverage,8,3,direct_clamped,global,7,7,0.0,0.0,100.0,1032.0,10.906558374036164,6.91590224598064,24.974336184686557,29.886977132716833,26.345516507590737,61.91860465116279,83.33333333333334,53.29457364341085,0.0,0.15254087812702397
NVIDIA H100 80GB HBM3,coverage,8,3,direct_clamped,segmented,7,7,0.0,15.988372093023257,84.01162790697676,1032.0,10.921947754465629,7.0209853304083065,25.1714587794087,29.886977132716833,26.34307219158695,62.1124031007752,83.43023255813954,53.48837209302325,0.0,0.15283113806962073
NVIDIA H100 80GB HBM3,coverage,8,3,direct_clamped,selective,7,7,0.0,0.0,100.0,1032.0,10.906558374036164,6.91590224598064,24.974336184686557,29.886977132716833,26.345516507590737,61.91860465116279,83.33333333333334,53.29457364341085,0.0,0.15254087812702397
NVIDIA H100 80GB HBM3,coverage,8,3,gray_residual,global,7,7,0.0,0.0,100.0,1032.0,10.973530814508528,8.83463436972777,22.47957784994661,26.072965529798207,17.44590531268308,58.624031007751945,87.20930232558139,38.565891472868216,0.09689922480620156,0.14304560990270046
NVIDIA H100 80GB HBM3,coverage,8,3,gray_residual,segmented,7,7,0.0,15.988372093023257,84.01162790697676,1032.0,10.988061698205415,8.799576540772975,22.577987885918578,26.333901857865126,17.436349348476767,58.720930232558146,86.9186046511628,38.759689922480625,0.09689922480620156,0.14397616844240205
NVIDIA H100 80GB HBM3,coverage,8,3,gray_residual,selective,7,7,0.0,0.0,100.0,1032.0,10.973530814508528,8.83463436972777,22.47957784994661,26.072965529798207,17.44590531268308,58.624031007751945,87.20930232558139,38.565891472868216,0.09689922480620156,0.14304560990270046
NVIDIA H100 80GB HBM3,coverage,8,4,direct_clamped,global,7,7,0.0,0.0,100.0,1032.0,13.991110033153545,10.671533562376936,26.718037278811188,38.65996374716303,35.566660678265485,46.41472868217054,82.07364341085271,26.356589147286826,0.0,0.16826526416791895
NVIDIA H100 80GB HBM3,coverage,8,4,direct_clamped,segmented,7,7,0.0,38.468992248062015,61.531007751937985,1032.0,14.980478625015394,11.308770413362211,29.470447226878225,40.63674864489407,36.29078626262345,43.21705426356589,79.55426356589147,20.251937984496124,0.0,0.17442628414642505
NVIDIA H100 80GB HBM3,coverage,8,4,direct_clamped,selective,7,7,0.0,0.0,100.0,1032.0,13.991110033153545,10.671533562376936,26.718037278811188,38.65996374716303,35.566660678265485,46.41472868217054,82.07364341085271,26.356589147286826,0.0,0.16826526416791895
NVIDIA H100 80GB HBM3,coverage,8,4,gray_residual,global,7,7,0.0,0.0,100.0,1032.0,13.6951485535957,13.441064479048931,23.650306426026365,29.600656082739867,24.41107677579306,31.3953488372093,83.62403100775194,29.748062015503873,0.0,0.15384423921016938
NVIDIA H100 80GB HBM3,coverage,8,4,gray_residual,segmented,7,7,0.0,38.468992248062015,61.531007751937985,1032.0,14.385172846289793,13.79803270189197,24.681827942527306,30.524994961765252,25.007137792206212,31.2015503875969,78.00387596899225,25.1937984496124,0.0,0.1587456396738723
NVIDIA H100 80GB HBM3,coverage,8,4,gray_residual,selective,7,7,0.0,0.0,100.0,1032.0,13.6951485535957,13.441064479048931,23.650306426026365,29.600656082739867,24.41107677579306,31.3953488372093,83.62403100775194,29.748062015503873,0.0,0.15384423921016938
NVIDIA H100 80GB HBM3,coverage,8,5,direct_clamped,global,7,7,0.0,0.0,100.0,1032.0,16.67988118004872,13.503036272133805,31.24017618134535,44.05282892125753,40.62894135772267,32.55813953488372,75.67829457364341,19.57364341085271,0.0,0.18797310135716036
NVIDIA H100 80GB HBM3,coverage,8,5,direct_clamped,segmented,7,7,0.0,15.988372093023257,84.01162790697676,1032.0,16.658739667520567,13.503036272133805,31.172748669485788,44.05282892125753,40.6254034849109,32.55813953488372,75.96899224806202,19.670542635658915,0.0,0.18783265447428127
NVIDIA H100 80GB HBM3,coverage,8,5,direct_clamped,selective,7,7,0.0,0.0,100.0,1032.0,16.67988118004872,13.503036272133805,31.24017618134535,44.05282892125753,40.62894135772267,32.55813953488372,75.67829457364341,19.57364341085271,0.0,0.18797310135716036
NVIDIA H100 80GB HBM3,coverage,8,5,gray_residual,global,7,7,0.0,0.0,100.0,1032.0,14.837793382625959,15.081167445579396,24.502314337968535,31.018310842791593,26.788020040474553,27.51937984496124,81.0077519379845,27.131782945736433,0.0,0.1621674246380786
NVIDIA H100 80GB HBM3,coverage,8,5,gray_residual,segmented,7,7,0.0,15.988372093023257,84.01162790697676,1032.0,14.821185797974193,15.06159731517943,24.577364300746822,31.018310842791593,26.781838518587726,27.71317829457364,81.0077519379845,27.325581395348834,0.0,0.1621548343992816
NVIDIA H100 80GB HBM3,coverage,8,5,gray_residual,selective,7,7,0.0,0.0,100.0,1032.0,14.837793382625959,15.081167445579396,24.502314337968535,31.018310842791593,26.788020040474553,27.51937984496124,81.0077519379845,27.131782945736433,0.0,0.1621674246380786
NVIDIA H100 80GB HBM3,coverage,8,6,direct_clamped,global,7,7,0.0,0.0,100.0,1032.0,12.758263160171106,9.410911909915606,25.17468815794787,35.72147154277764,33.07479310606183,53.19767441860465,83.43023255813954,31.1046511627907,0.0,0.15989100042013257
NVIDIA H100 80GB HBM3,coverage,8,6,direct_clamped,segmented,7,7,0.0,15.988372093023257,84.01162790697676,1032.0,12.913252157618913,9.410911909915606,25.44626081242498,35.8480048351182,33.105343310414646,52.81007751937985,82.75193798449612,29.457364341085274,0.0,0.16057662187591606
NVIDIA H100 80GB HBM3,coverage,8,6,direct_clamped,selective,7,7,0.0,0.0,100.0,1032.0,12.758263160171106,9.410911909915606,25.17468815794787,35.72147154277764,33.07479310606183,53.19767441860465,83.43023255813954,31.1046511627907,0.0,0.15989100042013257
NVIDIA H100 80GB HBM3,coverage,8,6,gray_residual,global,7,7,0.0,0.0,100.0,1032.0,11.699388307733798,10.260746315446209,22.25789457182286,26.85589036872943,19.546933284776223,48.15891472868217,86.9186046511628,35.46511627906977,0.09689922480620156,0.1439928203471556
NVIDIA H100 80GB HBM3,coverage,8,6,gray_residual,segmented,7,7,0.0,15.988372093023257,84.01162790697676,1032.0,11.759841100778297,10.260746315446209,21.628496228839484,26.67309595498005,19.59207427618877,48.35271317829458,87.20930232558139,34.39922480620155,0.09689922480620156,0.14236397584011978
NVIDIA H100 80GB HBM3,coverage,8,6,gray_residual,selective,7,7,0.0,0.0,100.0,1032.0,11.699388307733798,10.260746315446209,22.25789457182286,26.85589036872943,19.546933284776223,48.15891472868217,86.9186046511628,35.46511627906977,0.09689922480620156,0.1439928203471556
NVIDIA H100 80GB HBM3,coverage,8,7,direct_clamped,global,7,7,0.0,0.0,100.0,1032.0,16.971551052077867,13.856496129199135,31.803359069438287,44.64585285187661,41.09893802533062,32.17054263565892,74.6124031007752,19.186046511627907,0.0,0.1903562698810874
NVIDIA H100 80GB HBM3,coverage,8,7,direct_clamped,segmented,7,7,0.0,0.0,100.0,1032.0,16.971551052077867,13.856496129199135,31.803359069438287,44.64585285187661,41.09893802533062,32.17054263565892,74.6124031007752,19.186046511627907,0.0,0.1903562698810874
NVIDIA H100 80GB HBM3,coverage,8,7,direct_clamped,selective,7,7,0.0,0.0,100.0,1032.0,16.971551052077867,13.856496129199135,31.803359069438287,44.64585285187661,41.09893802533062,32.17054263565892,74.6124031007752,19.186046511627907,0.0,0.1903562698810874
NVIDIA H100 80GB HBM3,coverage,8,7,gray_residual,global,7,7,0.0,0.0,100.0,1032.0,12.333060968950006,11.236252567787858,22.262253396948807,27.518326813987553,21.161181074392847,40.69767441860465,86.04651162790698,33.91472868217054,0.0,0.14605126215156225
NVIDIA H100 80GB HBM3,coverage,8,7,gray_residual,segmented,7,7,0.0,0.0,100.0,1032.0,12.333060968950006,11.236252567787858,22.262253396948807,27.518326813987553,21.161181074392847,40.69767441860465,86.04651162790698,33.91472868217054,0.0,0.14605126215156225
NVIDIA H100 80GB HBM3,coverage,8,7,gray_residual,selective,7,7,0.0,0.0,100.0,1032.0,12.333060968950006,11.236252567787858,22.262253396948807,27.518326813987553,21.161181074392847,40.69767441860465,86.04651162790698,33.91472868217054,0.0,0.14605126215156225
NVIDIA H100 80GB HBM3,coverage,8,8,direct_clamped,global,7,7,0.0,0.0,100.0,1032.0,19.810092828727587,16.78798639905907,36.2647316253986,49.71926241358972,45.8996896043384,25.0968992248062,63.662790697674424,15.213178294573643,0.0,0.21232663791287934
NVIDIA H100 80GB HBM3,coverage,8,8,direct_clamped,segmented,7,7,0.0,38.468992248062015,61.531007751937985,1032.0,22.26532789623658,19.04362701425095,40.821185910775014,53.264049278439884,47.1122360112551,19.767441860465116,54.748062015503876,10.077519379844961,0.0,0.23016667312435743
NVIDIA H100 80GB HBM3,coverage,8,8,direct_clamped,selective,7,7,0.0,0.0,100.0,1032.0,19.810092828727587,16.78798639905907,36.2647316253986,49.71926241358972,45.8996896043384,25.0968992248062,63.662790697674424,15.213178294573643,0.0,0.21232663791287934
NVIDIA H100 80GB HBM3,coverage,8,8,gray_residual,global,7,7,0.0,0.0,100.0,1032.0,26.102581244815962,29.448594128390532,41.19214189749835,47.61288185824436,44.461816834578265,18.507751937984494,32.848837209302324,8.720930232558139,0.0,0.25377874206160544
NVIDIA H100 80GB HBM3,coverage,8,8,gray_residual,segmented,7,7,0.0,38.468992248062015,61.531007751937985,1032.0,27.519238229819067,30.5199760325458,42.3990458782054,49.006682632575355,45.08660783077199,15.891472868217054,29.651162790697676,7.3643410852713185,0.0,0.2631964035116982
NVIDIA H100 80GB HBM3,coverage,8,8,gray_residual,selective,7,7,0.0,0.0,100.0,1032.0,26.102581244815962,29.448594128390532,41.19214189749835,47.61288185824436,44.461816834578265,18.507751937984494,32.848837209302324,8.720930232558139,0.0,0.25377874206160544
NVIDIA H100 80GB HBM3,coverage,8,9,direct_clamped,global,7,7,0.0,0.0,100.0,1032.0,11.295620836385632,7.53148239922114,24.413618063912534,31.008505346410328,28.798090482565907,61.240310077519375,83.91472868217055,41.66666666666667,0.0,0.15232450331941777
NVIDIA H100 80GB HBM3,coverage,8,9,direct_clamped,segmented,7,7,0.0,0.0,100.0,1032.0,11.295620836385632,7.53148239922114,24.413618063912534,31.008505346410328,28.798090482565907,61.240310077519375,83.91472868217055,41.66666666666667,0.0,0.15232450331941777
NVIDIA H100 80GB HBM3,coverage,8,9,direct_clamped,selective,7,7,0.0,0.0,100.0,1032.0,11.295620836385632,7.53148239922114,24.413618063912534,31.008505346410328,28.798090482565907,61.240310077519375,83.91472868217055,41.66666666666667,0.0,0.15232450331941777
NVIDIA H100 80GB HBM3,coverage,8,9,gray_residual,global,7,7,0.0,0.0,100.0,1032.0,10.492081898826454,7.737962547159588,22.32803258871694,27.07528966931672,15.700040870515764,60.94961240310077,85.36821705426357,41.47286821705426,0.09689922480620156,0.14484832329430625
NVIDIA H100 80GB HBM3,coverage,8,9,gray_residual,segmented,7,7,0.0,0.0,100.0,1032.0,10.492081898826454,7.737962547159588,22.32803258871694,27.07528966931672,15.700040870515764,60.94961240310077,85.36821705426357,41.47286821705426,0.09689922480620156,0.14484832329430625
NVIDIA H100 80GB HBM3,coverage,8,9,gray_residual,selective,7,7,0.0,0.0,100.0,1032.0,10.492081898826454,7.737962547159588,22.32803258871694,27.07528966931672,15.700040870515764,60.94961240310077,85.36821705426357,41.47286821705426,0.09689922480620156,0.14484832329430625
NVIDIA H100 80GB HBM3,coverage,16,0,direct_clamped,global,7,7,0.0,0.0,100.0,1024.0,11.933672968634422,8.317609962019196,24.44088769580452,33.363326207301846,29.893333009998653,57.8125,82.91015625,35.3515625,0.0,0.15444571496472206
NVIDIA H100 80GB HBM3,coverage,16,0,direct_clamped,segmented,7,7,38.0859375,54.6875,7.2265625,1024.0,11.111929755568374,7.470819934231654,23.894974082104266,32.616744721510976,25.926094673333722,59.08203125,84.47265625,39.0625,0.0,0.1453751380430947
NVIDIA H100 80GB HBM3,coverage,16,0,direct_clamped,selective,7,7,0.0,0.0,100.0,1024.0,11.933672968634422,8.317609962019196,24.44088769580452,33.363326207301846,29.893333009998653,57.8125,82.91015625,35.3515625,0.0,0.15444571496472206
NVIDIA H100 80GB HBM3,coverage,16,0,gray_residual,global,7,7,0.0,0.0,100.0,1024.0,10.86252391888064,8.667858183309185,22.381029800394305,26.19128342121821,16.954040078765527,59.47265625,87.40234375,39.0625,0.09765625,0.14285385058500055
NVIDIA H100 80GB HBM3,coverage,16,0,gray_residual,segmented,7,7,38.0859375,54.6875,7.2265625,1024.0,9.668906624981759,8.110943965472444,20.22460276573622,24.114660243233192,13.597953529966308,59.08203125,89.74609375,38.28125,0.09765625,0.12928948095102408
NVIDIA H100 80GB HBM3,coverage,16,0,gray_residual,selective,7,7,0.0,0.0,100.0,1024.0,10.86252391888064,8.667858183309185,22.381029800394305,26.19128342121821,16.954040078765527,59.47265625,87.40234375,39.0625,0.09765625,0.14285385058500055
NVIDIA H100 80GB HBM3,coverage,16,1,direct_clamped,global,7,7,0.0,0.0,100.0,1024.0,15.146810719932905,12.043393783582921,28.555866518223628,41.058644870811854,37.874139792639966,39.94140625,80.37109375,22.16796875,0.0,0.1766530362323417
NVIDIA H100 80GB HBM3,coverage,16,1,direct_clamped,segmented,7,7,21.77734375,39.94140625,38.28125,1024.0,15.795979300470268,12.404591913351748,31.09187555927445,42.53188143934907,38.34157242357438,37.98828125,78.41796875,18.75,0.0,0.18062504502151927
NVIDIA H100 80GB HBM3,coverage,16,1,direct_clamped,selective,7,7,0.0,0.0,100.0,1024.0,15.146810719932905,12.043393783582921,28.555866518223628,41.058644870811854,37.874139792639966,39.94140625,80.37109375,22.16796875,0.0,0.1766530362323417
NVIDIA H100 80GB HBM3,coverage,16,1,gray_residual,global,7,7,0.0,0.0,100.0,1024.0,17.710681566522652,18.800189915241965,29.361215703662722,35.01354920936583,32.09184539501063,26.5625,54.98046875,20.60546875,0.0,0.18560517161771314
NVIDIA H100 80GB HBM3,coverage,16,1,gray_residual,segmented,7,7,21.77734375,39.94140625,38.28125,1024.0,18.27422130363947,19.151090885780942,30.931227004187573,36.10578927379464,32.37454295134846,24.609375,53.02734375,17.96875,0.0,0.1889622790656026
NVIDIA H100 80GB HBM3,coverage,16,1,gray_residual,selective,7,7,0.0,0.0,100.0,1024.0,17.710681566522652,18.800189915241965,29.361215703662722,35.01354920936583,32.09184539501063,26.5625,54.98046875,20.60546875,0.0,0.18560517161771314
NVIDIA H100 80GB HBM3,coverage,16,2,direct_clamped,global,7,7,0.0,0.0,100.0,1024.0,16.14249958542453,12.930101407659109,30.289040458354833,43.13998880842131,39.74854938320004,34.27734375,78.02734375,20.3125,0.0,0.18393803235558315
NVIDIA H100 80GB HBM3,coverage,16,2,direct_clamped,segmented,7,7,48.73046875,18.06640625,33.203125,1024.0,15.882835198931714,12.34657659106584,31.47366508533682,44.46696636229305,37.06582144784936,37.59765625,77.1484375,20.8984375,0.0,0.18312155924726775
NVIDIA H100 80GB HBM3,coverage,16,2,direct_clamped,selective,7,7,0.0,0.0,100.0,1024.0,16.14249958542453,12.930101407659109,30.289040458354833,43.13998880842131,39.74854938320004,34.27734375,78.02734375,20.3125,0.0,0.18393803235558315
NVIDIA H100 80GB HBM3,coverage,16,2,gray_residual,global,7,7,0.0,0.0,100.0,1024.0,17.009883291356434,17.937377977684186,28.17362277786197,33.687314498395565,30.929100233912642,27.34375,60.64453125,22.0703125,0.0,0.17911161094092362
NVIDIA H100 80GB HBM3,coverage,16,2,gray_residual,segmented,7,7,48.73046875,18.06640625,33.203125,1024.0,15.66717097856806,14.717061203798863,29.242095232367237,34.972513335634325,26.097462640046775,30.46875,71.58203125,23.046875,0.0,0.16883926699701188
NVIDIA H100 80GB HBM3,coverage,16,2,gray_residual,selective,7,7,0.0,0.0,100.0,1024.0,17.009883291356434,17.937377977684186,28.17362277786197,33.687314498395565,30.929100233912642,27.34375,60.64453125,22.0703125,0.0,0.17911161094092362
NVIDIA H100 80GB HBM3,coverage,16,3,direct_clamped,global,7,7,0.0,0.0,100.0,1024.0,10.901515133663164,6.89225772486401,25.15522006040716,29.999579973025693,25.98094627603257,62.5,83.3984375,55.56640625,0.0,0.15305887994108866
NVIDIA H100 80GB HBM3,coverage,16,3,direct_clamped,segmented,7,7,51.171875,3.3203125,45.5078125,1024.0,10.677992504435199,6.742496477535972,24.237389115169915,28.82824154969835,26.128653589518187,63.0859375,84.1796875,53.80859375,0.0,0.14865649749182966
NVIDIA H100 80GB HBM3,coverage,16,3,direct_clamped,selective,7,7,0.0,0.0,100.0,1024.0,10.901515133663164,6.89225772486401,25.15522006040716,29.999579973025693,25.98094627603257,62.5,83.3984375,55.56640625,0.0,0.15305887994108866
NVIDIA H100 80GB HBM3,coverage,16,3,gray_residual,global,7,7,0.0,0.0,100.0,1024.0,13.202417406691985,12.808220468588466,22.723652672148024,28.201594717375087,23.526860355434625,33.88671875,84.86328125,30.95703125,0.0,0.14977952717492868
NVIDIA H100 80GB HBM3,coverage,16,3,gray_residual,segmented,7,7,51.171875,3.3203125,45.5078125,1024.0,13.729905702020528,12.91585660362788,24.234372836536863,29.59991169045405,24.035436751582978,32.8125,81.25,27.5390625,0.0,0.15483653935359978
NVIDIA H100 80GB HBM3,coverage,16,3,gray_residual,selective,7,7,0.0,0.0,100.0,1024.0,13.202417406691985,12.808220468588466,22.723652672148024,28.201594717375087,23.526860355434625,33.88671875,84.86328125,30.95703125,0.0,0.14977952717492868
NVIDIA H100 80GB HBM3,coverage,16,4,direct_clamped,global,7,7,0.0,0.0,100.0,1024.0,13.601613383153353,10.175085412149517,26.664788363997577,37.772274711420906,34.87094994353349,49.0234375,82.2265625,27.1484375,0.0,0.16561252721981867
NVIDIA H100 80GB HBM3,coverage,16,4,direct_clamped,segmented,7,7,14.16015625,52.63671875,33.203125,1024.0,15.553776907897596,11.945542621551095,31.73443203622811,43.32652734771876,34.490961368907364,41.40625,74.8046875,16.796875,0.0,0.17903579467734687
NVIDIA H100 80GB HBM3,coverage,16,4,direct_clamped,selective,7,7,0.0,0.0,100.0,1024.0,13.601613383153353,10.175085412149517,26.664788363997577,37.772274711420906,34.87094994353349,49.0234375,82.2265625,27.1484375,0.0,0.16561252721981867
NVIDIA H100 80GB HBM3,coverage,16,4,gray_residual,global,7,7,0.0,0.0,100.0,1024.0,13.663062591820214,13.40761003454974,23.641197816053285,29.448666458040865,24.455039876569828,31.640625,83.59375,29.58984375,0.0,0.15345346821971773
NVIDIA H100 80GB HBM3,coverage,16,4,gray_residual,segmented,7,7,14.16015625,52.63671875,33.203125,1024.0,14.160168094699042,12.914673085240056,26.252464487102614,30.873956395840743,22.217968724225642,37.98828125,75.0,21.6796875,0.0,0.15643712420552874
NVIDIA H100 80GB HBM3,coverage,16,4,gray_residual,selective,7,7,0.0,0.0,100.0,1024.0,13.663062591820214,13.40761003454974,23.641197816053285,29.448666458040865,24.455039876569828,31.640625,83.59375,29.58984375,0.0,0.15345346821971773
NVIDIA H100 80GB HBM3,coverage,16,5,direct_clamped,global,7,7,0.0,0.0,100.0,1024.0,15.690057163811543,12.495190083270296,29.476400716701654,42.15726202636225,38.910926016867094,37.5,79.296875,21.38671875,0.0,0.1804704190623564
NVIDIA H100 80GB HBM3,coverage,16,5,direct_clamped,segmented,7,7,16.6015625,37.890625,45.5078125,1024.0,15.88149004181869,12.715089555694739,30.20017453231441,42.22977873565247,39.03984394755281,36.9140625,78.41796875,19.7265625,0.0,0.18159211553882984
NVIDIA H100 80GB HBM3,coverage,16,5,direct_clamped,selective,7,7,0.0,0.0,100.0,1024.0,15.690057163811543,12.495190083270296,29.476400716701654,42.15726202636225,38.910926016867094,37.5,79.296875,21.38671875,0.0,0.1804704190623564
NVIDIA H100 80GB HBM3,coverage,16,5,gray_residual,global,7,7,0.0,0.0,100.0,1024.0,14.81168965859507,15.06159731517943,24.467891721002527,30.865190450343967,26.833911614194783,27.5390625,81.15234375,26.953125,0.0,0.16167188145870082
NVIDIA H100 80GB HBM3,coverage,16,5,gray_residual,segmented,7,7,16.6015625,37.890625,45.5078125,1024.0,14.827379327685874,15.081167445579396,24.561120793556142,31.134361046504097,26.888313657715983,28.02734375,81.25,26.85546875,0.0,0.16158030352106267
NVIDIA H100 80GB HBM3,coverage,16,5,gray_residual,selective,7,7,0.0,0.0,100.0,1024.0,14.81168965859507,15.06159731517943,24.467891721002527,30.865190450343967,26.833911614194783,27.5390625,81.15234375,26.953125,0.0,0.16167188145870082
NVIDIA H100 80GB HBM3,coverage,16,6,direct_clamped,global,7,7,0.0,0.0,100.0,1024.0,14.934022079567136,11.80561477291824,28.19283897802914,40.66031086819084,37.70145452939788,41.89453125,81.0546875,23.046875,0.0,0.17488873716618092
NVIDIA H100 80GB HBM3,coverage,16,6,direct_clamped,segmented,7,7,26.85546875,39.94140625,33.203125,1024.0,14.497321348125315,11.247345391351613,28.255564742141623,40.66031086819084,35.76293422584983,45.1171875,81.4453125,22.4609375,0.0,0.17166915558455173
NVIDIA H100 80GB HBM3,coverage,16,6,direct_clamped,selective,7,7,0.0,0.0,100.0,1024.0,14.934022079567136,11.80561477291824,28.19283897802914,40.66031086819084,37.70145452939788,41.89453125,81.0546875,23.046875,0.0,0.17488873716618092
NVIDIA H100 80GB HBM3,coverage,16,6,gray_residual,global,7,7,0.0,0.0,100.0,1024.0,13.0848442795437,12.485974904074595,22.796966271097332,28.469055046849203,23.15619607181942,35.05859375,85.25390625,31.640625,0.0,0.15011464703174288
NVIDIA H100 80GB HBM3,coverage,16,6,gray_residual,segmented,7,7,26.85546875,39.94140625,33.203125,1024.0,12.649627350074391,11.612398665209387,22.847159696731143,28.419248675024434,21.29227004088842,41.50390625,85.64453125,29.58984375,0.0,0.14623059526962615
NVIDIA H100 80GB HBM3,coverage,16,6,gray_residual,selective,7,7,0.0,0.0,100.0,1024.0,13.0848442795437,12.485974904074595,22.796966271097332,28.469055046849203,23.15619607181942,35.05859375,85.25390625,31.640625,0.0,0.15011464703174288
NVIDIA H100 80GB HBM3,coverage,16,7,direct_clamped,global,7,7,0.0,0.0,100.0,1024.0,12.784516894888123,9.39563661852525,25.18644677542531,35.7287602238998,32.93088698105275,53.3203125,83.3984375,31.25,0.0,0.1600862687292957
NVIDIA H100 80GB HBM3,coverage,16,7,direct_clamped,segmented,7,7,33.0078125,54.6875,12.3046875,1024.0,13.14735195222761,9.192028055605576,26.78142993540048,37.90117463636324,31.955354298904936,53.61328125,81.93359375,22.55859375,0.0,0.16073076646245546
NVIDIA H100 80GB HBM3,coverage,16,7,direct_clamped,selective,7,7,0.0,0.0,100.0,1024.0,12.784516894888123,9.39563661852525,25.18644677542531,35.7287602238998,32.93088698105275,53.3203125,83.3984375,31.25,0.0,0.1600862687292957
NVIDIA H100 80GB HBM3,coverage,16,7,gray_residual,global,7,7,0.0,0.0,100.0,1024.0,11.984120438025686,10.733233185541737,22.2118685146105,26.73687391716644,20.273313082888503,44.53125,86.5234375,34.765625,0.09765625,0.1441505236981745
NVIDIA H100 80GB HBM3,coverage,16,7,gray_residual,segmented,7,7,33.0078125,54.6875,12.3046875,1024.0,11.184512002526047,10.234181443051185,20.510398779116365,24.610360292963712,18.5510200233207,49.51171875,88.18359375,30.56640625,0.0,0.13455248105765075
NVIDIA H100 80GB HBM3,coverage,16,7,gray_residual,selective,7,7,0.0,0.0,100.0,1024.0,11.984120438025686,10.733233185541737,22.2118685146105,26.73687391716644,20.273313082888503,44.53125,86.5234375,34.765625,0.09765625,0.1441505236981745
NVIDIA H100 80GB HBM3,coverage,16,8,direct_clamped,global,7,7,0.0,0.0,100.0,1024.0,11.784748030329155,8.187341842183818,24.089629428234243,32.94930713630273,30.74021192891843,58.30078125,83.7890625,36.328125,0.0,0.15411304011388724
NVIDIA H100 80GB HBM3,coverage,16,8,direct_clamped,segmented,7,7,27.83203125,52.63671875,19.53125,1024.0,13.515216791220173,9.389003838762946,29.839024031439404,41.05820072542306,30.486278243207956,52.05078125,76.85546875,25.78125,0.0,0.1662644142592046
NVIDIA H100 80GB HBM3,coverage,16,8,direct_clamped,selective,7,7,0.0,0.0,100.0,1024.0,11.784748030329155,8.187341842183818,24.089629428234243,32.94930713630273,30.74021192891843,58.30078125,83.7890625,36.328125,0.0,0.15411304011388724
NVIDIA H100 80GB HBM3,coverage,16,8,gray_residual,global,7,7,0.0,0.0,100.0,1024.0,17.033617667526627,17.89915039324363,28.132077272341903,33.885526498309936,30.980878000537366,27.24609375,60.9375,22.16796875,0.0,0.1801405355641017
NVIDIA H100 80GB HBM3,coverage,16,8,gray_residual,segmented,7,7,27.83203125,52.63671875,19.53125,1024.0,17.003621566344684,16.338023707746906,30.885207598971203,34.680322832493786,27.629348345607163,31.34765625,60.15625,15.13671875,0.0,0.18049451980424183
NVIDIA H100 80GB HBM3,coverage,16,8,gray_residual,selective,7,7,0.0,0.0,100.0,1024.0,17.033617667526627,17.89915039324363,28.132077272341903,33.885526498309936,30.980878000537366,27.24609375,60.9375,22.16796875,0.0,0.1801405355641017
NVIDIA H100 80GB HBM3,coverage,16,9,direct_clamped,global,7,7,0.0,0.0,100.0,1024.0,12.748898388365468,9.327334368990131,25.163710493955865,35.64401662775223,33.15388178578616,53.3203125,83.203125,31.25,0.0,0.16002354094729687
NVIDIA H100 80GB HBM3,coverage,16,9,direct_clamped,segmented,7,7,26.85546875,39.94140625,33.203125,1024.0,12.972327045629394,9.52011074443276,26.567571332842846,37.060702048077204,32.35792170243699,51.953125,82.6171875,26.26953125,0.0,0.16042008867954288
NVIDIA H100 80GB HBM3,coverage,16,9,direct_clamped,selective,7,7,0.0,0.0,100.0,1024.0,12.748898388365468,9.327334368990131,25.163710493955865,35.64401662775223,33.15388178578616,53.3203125,83.203125,31.25,0.0,0.16002354094729687
NVIDIA H100 80GB HBM3,coverage,16,9,gray_residual,global,7,7,0.0,0.0,100.0,1024.0,13.252583637156466,12.827679128749548,23.121888581638988,28.836456299178415,23.56342460570979,33.88671875,84.375,30.95703125,0.0,0.1511571180317256
NVIDIA H100 80GB HBM3,coverage,16,9,gray_residual,segmented,7,7,26.85546875,39.94140625,33.203125,1024.0,13.031580740599766,11.567138736686719,23.81162468277488,29.60862983408487,21.620156960605918,41.30859375,82.51953125,27.1484375,0.0,0.14921180114377547
NVIDIA H100 80GB HBM3,coverage,16,9,gray_residual,selective,7,7,0.0,0.0,100.0,1024.0,13.252583637156466,12.827679128749548,23.121888581638988,28.836456299178415,23.56342460570979,33.88671875,84.375,30.95703125,0.0,0.1511571180317256
NVIDIA H100 80GB HBM3,coverage,32,0,direct_clamped,global,7,7,0.0,0.0,100.0,1008.0,14.01600111477147,10.853917039862976,27.096055773776758,38.85193818715539,34.23361956572404,45.63492063492063,81.64682539682539,25.297619047619047,0.0,0.1670778764579748
NVIDIA H100 80GB HBM3,coverage,32,0,direct_clamped,segmented,7,7,100.0,0.0,0.0,1008.0,11.272587297012691,7.978710931408703,23.62301550312788,33.565576444561316,26.580033327932227,58.53174603174603,85.11904761904762,32.93650793650794,0.0,0.14548705688304708
NVIDIA H100 80GB HBM3,coverage,32,0,direct_clamped,selective,7,7,0.0,0.0,100.0,1008.0,14.01600111477147,10.853917039862976,27.096055773776758,38.85193818715539,34.23361956572404,45.63492063492063,81.64682539682539,25.297619047619047,0.0,0.1670778764579748
NVIDIA H100 80GB HBM3,coverage,32,0,gray_residual,global,7,7,0.0,0.0,100.0,1008.0,16.901081985684254,17.69360938984118,28.019760135552858,33.43195750337495,30.244597832893778,27.083333333333332,62.10317460317461,22.023809523809522,0.0,0.17875866277832103
NVIDIA H100 80GB HBM3,coverage,32,0,gray_residual,segmented,7,7,100.0,0.0,0.0,1008.0,11.66176173683976,9.900685697942256,22.84818662628914,26.48652230112899,18.464144274185497,50.69444444444444,86.01190476190477,24.305555555555554,0.0,0.13294615857729739
NVIDIA H100 80GB HBM3,coverage,32,0,gray_residual,selective,7,7,0.0,15.773809523809524,84.22619047619048,1008.0,17.139857524090083,18.035175747717183,29.428331722519225,33.53463744253492,30.30446309476618,27.18253968253968,61.21031746031746,20.734126984126984,0.0,0.1803868336511948
NVIDIA H100 80GB HBM3,coverage,32,1,direct_clamped,global,7,7,0.0,0.0,100.0,1008.0,15.145007267330296,11.998150938919789,28.676718405418974,41.348081411177276,38.093502563392235,40.07936507936508,80.45634920634922,21.726190476190478,0.0,0.17669643968852822
NVIDIA H100 80GB HBM3,coverage,32,1,direct_clamped,segmented,7,7,100.0,0.0,0.0,1008.0,12.374875296773412,8.462904987045498,25.12369723644256,37.15909473724312,31.02484770829461,55.55555555555556,83.53174603174604,24.801587301587304,0.0,0.15521622643292832
NVIDIA H100 80GB HBM3,coverage,32,1,direct_clamped,selective,7,7,0.0,38.78968253968254,61.21031746031746,1008.0,15.98184402383231,12.47449231624514,31.43462451745893,43.002219311315436,38.639604401284835,37.40079365079365,77.97619047619048,17.46031746031746,0.0,0.18209319889757902
NVIDIA H100 80GB HBM3,coverage,32,1,gray_residual,global,7,7,0.0,0.0,100.0,1008.0,14.417842761983184,14.43237495677582,24.44145215852391,30.246653887974695,26.093761212887657,28.869047619047617,82.14285714285714,27.67857142857143,0.0,0.15860895168018593
NVIDIA H100 80GB HBM3,coverage,32,1,gray_residual,segmented,7,7,100.0,0.0,0.0,1008.0,10.69847678761157,8.627649061323655,20.796043231200745,24.42716273404364,17.412321939123675,55.45634920634921,87.99603174603175,27.083333333333332,0.0,0.12750792709483305
NVIDIA H100 80GB HBM3,coverage,32,1,gray_residual,selective,7,7,0.0,38.78968253968254,61.21031746031746,1008.0,14.999472541475345,14.877738972770842,25.162599345001524,31.640163918297755,26.54572272471785,28.869047619047617,76.88492063492063,24.206349206349206,0.0,0.16291729190631057
NVIDIA H100 80GB HBM3,coverage,32,2,direct_clamped,global,7,7,0.0,0.0,100.0,1008.0,13.837503437666589,10.60546153891638,26.375561463305484,38.52266895472314,34.604209668804614,46.52777777777778,83.03571428571429,25.892857142857146,0.0,0.16616701354822463
NVIDIA H100 80GB HBM3,coverage,32,2,direct_clamped,segmented,7,7,100.0,0.0,0.0,1008.0,10.808357676718327,7.682866757439832,21.63021411665317,30.85487606282469,25.122418127151658,59.92063492063492,87.00396825396825,41.66666666666667,0.0,0.13911270928913316
NVIDIA H100 80GB HBM3,coverage,32,2,direct_clamped,selective,7,7,0.0,0.0,100.0,1008.0,13.837503437666589,10.60546153891638,26.375561463305484,38.52266895472314,34.604209668804614,46.52777777777778,83.03571428571429,25.892857142857146,0.0,0.16616701354822463
NVIDIA H100 80GB HBM3,coverage,32,2,gray_residual,global,7,7,0.0,0.0,100.0,1008.0,13.294872021672962,13.105683134007617,22.83768422613393,27.71281714724663,23.651866351069582,32.93650793650794,85.11904761904762,29.86111111111111,0.0,0.1488547823111505
NVIDIA H100 80GB HBM3,coverage,32,2,gray_residual,segmented,7,7,100.0,0.0,0.0,1008.0,9.123521647275615,7.348434114134784,20.106319745659825,23.803967407230317,13.24525207457408,60.317460317460316,89.78174603174604,33.92857142857143,0.0,0.11570231302676227
NVIDIA H100 80GB HBM3,coverage,32,2,gray_residual,selective,7,7,0.0,54.46428571428571,45.535714285714285,1008.0,14.186792714119186,13.60762828897986,24.856993603791416,29.738248606747362,24.279371094275955,30.257936507936506,79.16666666666666,24.206349206349206,0.0,0.15419794425560834
NVIDIA H100 80GB HBM3,coverage,32,3,direct_clamped,global,7,7,0.0,0.0,100.0,1008.0,11.046096607840116,7.156209981142826,24.880676172359898,30.578080177853842,27.043576616980364,61.80555555555556,83.92857142857143,45.43650793650794,0.0,0.1513710611798118
NVIDIA H100 80GB HBM3,coverage,32,3,direct_clamped,segmented,7,7,100.0,0.0,0.0,1008.0,10.690536871540997,7.043495999807458,23.421970492723386,29.18454162971427,25.39116443930706,63.39285714285714,85.31746031746032,51.488095238095234,0.0,0.14405800717346695
NVIDIA H100 80GB HBM3,coverage,32,3,direct_clamped,selective,7,7,0.0,38.78968253968254,61.21031746031746,1008.0,10.951217104792912,7.248541592427713,24.162101003641528,31.002634804553704,27.343493659122515,62.202380952380956,84.32539682539682,41.46825396825397,0.0,0.1482078009369847
NVIDIA H100 80GB HBM3,coverage,32,3,gray_residual,global,7,7,0.0,0.0,100.0,1008.0,12.78191560472645,12.1006993186135,22.53876774313312,27.1929443336218,22.160006327663613,36.507936507936506,86.01190476190477,31.944444444444443,0.0,0.14612556381984304
NVIDIA H100 80GB HBM3,coverage,32,3,gray_residual,segmented,7,7,100.0,0.0,0.0,1008.0,9.566685769153624,7.4729740171243355,19.85286129348706,23.640590513309956,15.023365822778894,59.02777777777778,90.17857142857143,31.944444444444443,0.0,0.12096240137655954
NVIDIA H100 80GB HBM3,coverage,32,3,gray_residual,selective,7,7,0.0,38.78968253968254,61.21031746031746,1008.0,13.085429262366821,12.442681010043614,22.697567209514816,27.413087127776716,22.52953599933047,35.51587301587302,85.31746031746032,29.06746031746032,0.0,0.14746128931693925
NVIDIA H100 80GB HBM3,coverage,32,4,direct_clamped,global,7,7,0.0,0.0,100.0,1008.0,12.100753944731329,8.403596214577352,24.26744728518577,33.92378329177241,31.589379186680798,56.94444444444444,83.23412698412699,34.32539682539682,0.0,0.15593508716391793
NVIDIA H100 80GB HBM3,coverage,32,4,direct_clamped,segmented,7,7,100.0,0.0,0.0,1008.0,11.065820564889135,7.597963848322989,23.05567827246343,32.59713856318647,29.069568204746133,61.904761904761905,85.81349206349206,37.59920634920635,0.0,0.14689246905256223
NVIDIA H100 80GB HBM3,coverage,32,4,direct_clamped,selective,7,7,0.0,54.563492063492056,45.43650793650794,1008.0,12.939594153272282,9.287130903915841,26.2481218262744,37.132231004602204,32.324518287935554,53.37301587301587,82.63888888888889,24.6031746031746,0.0,0.15938377041505708
NVIDIA H100 80GB HBM3,coverage,32,4,gray_residual,global,7,7,0.0,0.0,100.0,1008.0,10.424482855350178,7.784842873636779,22.157688700459687,26.936756358506333,15.869925762606387,61.011904761904766,85.81349206349206,41.269841269841265,0.0992063492063492,0.1425616987814886
NVIDIA H100 80GB HBM3,coverage,32,4,gray_residual,segmented,7,7,100.0,0.0,0.0,1008.0,9.467795131305481,7.581188220758217,20.08304338712413,24.369435110440772,13.947096674044937,60.51587301587301,89.78174603174604,38.98809523809524,0.0992063492063492,0.13175143945401124
NVIDIA H100 80GB HBM3,coverage,32,4,gray_residual,selective,7,7,0.0,54.563492063492056,45.43650793650794,1008.0,10.505979429178852,8.609380607038137,20.63908915464158,24.108045020224722,16.522242508063844,56.25,89.0873015873016,33.432539682539684,0.0992063492063492,0.13298735610725068
NVIDIA H100 80GB HBM3,coverage,32,5,direct_clamped,global,7,7,0.0,0.0,100.0,1008.0,14.738900896086475,11.495011611092988,27.926152356624517,40.30423449329609,37.29601999925487,43.154761904761905,81.25,23.313492063492063,0.0,0.1735154278497521
NVIDIA H100 80GB HBM3,coverage,32,5,direct_clamped,segmented,7,7,100.0,0.0,0.0,1008.0,11.877800101665263,7.8070516717979554,24.10761113235742,34.94797372348552,30.410830886036795,59.42460317460318,84.22619047619048,32.34126984126984,0.0,0.1533699375048734
NVIDIA H100 80GB HBM3,coverage,32,5,direct_clamped,selective,7,7,0.0,0.0,100.0,1008.0,14.738900896086475,11.495011611092988,27.926152356624517,40.30423449329609,37.29601999925487,43.154761904761905,81.25,23.313492063492063,0.0,0.1735154278497521
NVIDIA H100 80GB HBM3,coverage,32,5,gray_residual,global,7,7,0.0,0.0,100.0,1008.0,14.841905574635115,15.06159731517943,24.528633779174772,31.081645100711647,26.873174913143345,27.48015873015873,80.95238095238095,26.58730158730159,0.0,0.16198475036536047
NVIDIA H100 80GB HBM3,coverage,32,5,gray_residual,segmented,7,7,100.0,0.0,0.0,1008.0,11.083443867311507,9.361947292161569,21.500247334386508,25.91481946790785,18.502842135546384,55.45634920634921,87.5,32.0436507936508,0.0,0.1324254630665126
NVIDIA H100 80GB HBM3,coverage,32,5,gray_residual,selective,7,7,0.0,0.0,100.0,1008.0,14.841905574635115,15.06159731517943,24.528633779174772,31.081645100711647,26.873174913143345,27.48015873015873,80.95238095238095,26.58730158730159,0.0,0.16198475036536047
NVIDIA H100 80GB HBM3,coverage,32,6,direct_clamped,global,7,7,0.0,0.0,100.0,1008.0,13.627794295987776,10.250824569420296,26.17259981777852,37.79573994606906,35.17906707172925,48.31349206349206,82.34126984126983,26.488095238095237,0.0,0.16562449488990247
NVIDIA H100 80GB HBM3,coverage,32,6,direct_clamped,segmented,7,7,100.0,0.0,0.0,1008.0,11.282889827730653,7.32603937411046,23.38948053580952,33.801995145697745,28.515661278675363,60.61507936507936,84.52380952380952,37.40079365079365,0.0,0.1495728325431291
NVIDIA H100 80GB HBM3,coverage,32,6,direct_clamped,selective,7,7,0.0,0.0,100.0,1008.0,13.627794295987776,10.250824569420296,26.17259981777852,37.79573994606906,35.17906707172925,48.31349206349206,82.34126984126983,26.488095238095237,0.0,0.16562449488990247
NVIDIA H100 80GB HBM3,coverage,32,6,gray_residual,global,7,7,0.0,0.0,100.0,1008.0,11.563072545084829,10.082280782486766,21.918063780906632,26.972695574404707,19.413708432648114,49.007936507936506,87.3015873015873,35.41666666666667,0.0992063492063492,0.14282807125536096
NVIDIA H100 80GB HBM3,coverage,32,6,gray_residual,segmented,7,7,100.0,0.0,0.0,1008.0,9.38411748952638,6.8581688005433925,20.39047257148077,23.353605445049972,13.950142709624224,61.904761904761905,88.69047619047619,40.97222222222222,0.0,0.1263951205424083
NVIDIA H100 80GB HBM3,coverage,32,6,gray_residual,selective,7,7,0.0,15.773809523809524,84.22619047619048,1008.0,11.77075516127573,10.288698285019828,22.31592413841029,26.473076651813177,19.510874979716174,47.32142857142857,86.60714285714286,33.432539682539684,0.0992063492063492,0.14134009067826925
NVIDIA H100 80GB HBM3,coverage,32,7,direct_clamped,global,7,7,0.0,0.0,100.0,1008.0,13.391458240510705,9.977474203181291,26.47364129307166,37.45409609780274,33.944103879467974,50.297619047619044,82.2420634920635,27.281746031746028,0.0,0.16366759196529157
NVIDIA H100 80GB HBM3,coverage,32,7,direct_clamped,segmented,7,7,100.0,0.0,0.0,1008.0,11.360327725231544,7.593467463183556,24.347187176210475,35.4647506599837,27.842705057274358,60.317460317460316,85.01984126984127,33.432539682539684,0.0,0.14898929520676832
NVIDIA H100 80GB HBM3,coverage,32,7,direct_clamped,selective,7,7,0.0,0.0,100.0,1008.0,13.391458240510705,9.977474203181291,26.47364129307166,37.45409609780274,33.944103879467974,50.297619047619044,82.2420634920635,27.281746031746028,0.0,0.16366759196529157
NVIDIA H100 80GB HBM3,coverage,32,7,gray_residual,global,7,7,0.0,0.0,100.0,1008.0,14.111422220906153,13.968513489216182,23.839712187354404,29.3898579039982,25.144187118002343,30.059523809523807,82.8373015873016,28.075396825396826,0.0,0.15595599822403888
NVIDIA H100 80GB HBM3,coverage,32,7,gray_residual,segmented,7,7,100.0,0.0,0.0,1008.0,10.031819788448404,8.074747900508264,20.522626747255003,23.886846024007184,15.881247078124854,57.638888888888886,89.18650793650794,30.952380952380953,0.0,0.12276520829620155
NVIDIA H100 80GB HBM3,coverage,32,7,gray_residual,selective,7,7,0.0,15.773809523809524,84.22619047619048,1008.0,14.382642155944767,14.257545638661114,24.875452051245464,29.499024073235685,25.22890804487404,29.265873015873016,81.15079365079364,26.884920634920633,0.0,0.157277131454224
NVIDIA H100 80GB HBM3,coverage,32,8,direct_clamped,global,7,7,0.0,0.0,100.0,1008.0,11.315188812922743,7.758659308896972,23.94090383367596,31.631847811548223,27.805426768308116,60.317460317460316,84.62301587301587,39.38492063492063,0.0,0.14985452783448955
NVIDIA H100 80GB HBM3,coverage,32,8,direct_clamped,segmented,7,7,100.0,0.0,0.0,1008.0,10.149722837389312,6.588197593662208,22.102032952145215,28.747834735164975,24.196831056277937,63.69047619047619,86.60714285714286,49.2063492063492,0.0,0.137065475833689
NVIDIA H100 80GB HBM3,coverage,32,8,direct_clamped,selective,7,7,0.0,38.78968253968254,61.21031746031746,1008.0,11.861375475875514,8.276948424245127,24.68400102903176,34.72334971419291,28.677984092376676,57.24206349206349,84.82142857142857,30.158730158730158,0.0,0.1510029174348238
NVIDIA H100 80GB HBM3,coverage,32,8,gray_residual,global,7,7,0.0,0.0,100.0,1008.0,10.930582826658364,9.007961853692827,22.095332764368255,25.982301789068995,16.95715972990679,58.432539682539684,87.89682539682539,37.99603174603175,0.0992063492063492,0.141509655498463
NVIDIA H100 80GB HBM3,coverage,32,8,gray_residual,segmented,7,7,100.0,0.0,0.0,1008.0,8.98040343931014,7.120106167315471,19.702427375090174,23.16578787993183,12.159457562379195,61.50793650793651,90.77380952380952,43.75,0.0,0.12368885868224117
NVIDIA H100 80GB HBM3,coverage,32,8,gray_residual,selective,7,7,0.0,38.78968253968254,61.21031746031746,1008.0,11.074118758197722,9.454602944917887,21.686200450359824,25.83535284661696,17.4838057013101,54.067460317460316,88.19444444444444,33.23412698412698,0.0992063492063492,0.13909255521635155
NVIDIA H100 80GB HBM3,coverage,32,9,direct_clamped,global,7,7,0.0,0.0,100.0,1008.0,12.442920575188731,8.707000783315422,24.990143670170628,34.81205623095344,32.551518012219695,54.96031746031746,83.13492063492063,32.44047619047619,0.0,0.15827756944418733
NVIDIA H100 80GB HBM3,coverage,32,9,direct_clamped,segmented,7,7,100.0,0.0,0.0,1008.0,10.674180244263997,7.14915860645794,22.950530261450837,30.84273939159384,27.93738646653351,62.40079365079365,85.71428571428571,40.97222222222222,0.0,0.1437570169037025
NVIDIA H100 80GB HBM3,coverage,32,9,direct_clamped,selective,7,7,0.0,38.88888888888889,61.111111111111114,1008.0,12.698913085450291,9.332173549930614,25.667569885981933,36.13849645318381,32.93174278147239,52.77777777777778,83.53174603174604,28.075396825396826,0.0,0.1587024794537687
NVIDIA H100 80GB HBM3,coverage,32,9,gray_residual,global,7,7,0.0,0.0,100.0,1008.0,11.124931463818838,9.177939551718595,22.3820169852801,26.335322886500055,18.091347445977007,56.547619047619044,87.40079365079364,37.797619047619044,0.0992063492063492,0.143018523186856
NVIDIA H100 80GB HBM3,coverage,32,9,gray_residual,segmented,7,7,100.0,0.0,0.0,1008.0,9.144126099355473,7.056730250743115,19.709927437549517,23.884101948675447,13.911737698075019,63.988095238095234,90.47619047619048,41.36904761904761,0.0,0.1262283785080173
NVIDIA H100 80GB HBM3,coverage,32,9,gray_residual,selective,7,7,0.0,38.88888888888889,61.111111111111114,1008.0,11.251967440829693,9.600825399888375,21.99403742667763,26.288891276392167,18.568801332578623,52.67857142857143,87.6984126984127,33.33333333333333,0.0992063492063492,0.14065715354082373
NVIDIA H100 80GB HBM3,coverage,64,0,direct_clamped,global,7,7,0.0,0.0,100.0,976.0,13.204649003923608,10.018989687980254,25.55426816997094,36.94183908793894,31.530174407316636,49.89754098360656,82.58196721311475,26.946721311475407,0.0,0.1602986597304766
NVIDIA H100 80GB HBM3,coverage,64,0,direct_clamped,segmented,7,7,100.0,0.0,0.0,976.0,10.570704478750464,7.509923503140825,22.1533734591726,31.262102882241727,23.42694018169255,61.16803278688525,87.5,39.44672131147541,0.0,0.13821866774413308
NVIDIA H100 80GB HBM3,coverage,64,0,direct_clamped,selective,7,7,40.67622950819672,14.754098360655737,44.56967213114754,976.0,12.006578509088314,8.476946073304509,25.477512884580882,35.324929274980114,27.00198838843615,56.35245901639344,82.17213114754098,28.278688524590162,0.0,0.15127059916851401
NVIDIA H100 80GB HBM3,coverage,64,0,gray_residual,global,7,7,0.0,0.0,100.0,976.0,14.29878540054563,14.415902080958592,23.655783824384507,29.415000280459466,25.002126021962003,29.098360655737704,82.47950819672131,26.946721311475407,0.0,0.15665738517470326
NVIDIA H100 80GB HBM3,coverage,64,0,gray_residual,segmented,7,7,100.0,0.0,0.0,976.0,9.435380364622837,7.525498836347903,20.058353125101096,24.168044462875656,13.172849527067148,58.40163934426229,89.85655737704919,30.635245901639347,0.0,0.1178393155639395
NVIDIA H100 80GB HBM3,coverage,64,0,gray_residual,selective,7,7,46.10655737704918,14.754098360655737,39.13934426229508,976.0,11.987014618802545,10.358439489905578,23.06604269000679,26.694419850580402,18.721778791543223,47.23360655737705,85.24590163934425,24.59016393442623,0.0,0.13646533009628442
NVIDIA H100 80GB HBM3,coverage,64,1,direct_clamped,global,7,7,0.0,0.0,100.0,976.0,14.423943555459736,11.010419043776913,27.488878120606927,39.602908723585905,36.981051502532694,44.15983606557377,81.76229508196722,23.565573770491806,0.0,0.17139969629661383
NVIDIA H100 80GB HBM3,coverage,64,1,direct_clamped,segmented,7,7,100.0,0.0,0.0,976.0,11.114615957960904,7.597510343806326,23.300593208398226,33.04629096746387,28.90381986100296,59.83606557377049,86.68032786885246,34.83606557377049,0.0,0.14523698229458384
NVIDIA H100 80GB HBM3,coverage,64,1,direct_clamped,selective,7,7,55.43032786885246,37.704918032786885,6.864754098360656,976.0,13.411538939989159,9.661840619102005,27.742314288853507,38.59122009949688,33.313361463801236,51.74180327868852,82.06967213114754,22.33606557377049,0.0,0.1627652411644859
NVIDIA H100 80GB HBM3,coverage,64,1,gray_residual,global,7,7,0.0,0.0,100.0,976.0,14.11549396817142,13.912168032408978,23.855656270692638,29.369000281421265,25.3280748605324,29.918032786885245,83.40163934426229,27.356557377049178,0.0,0.1555025750520242
NVIDIA H100 80GB HBM3,coverage,64,1,gray_residual,segmented,7,7,100.0,0.0,0.0,976.0,9.513174840838007,7.477974765009197,19.863656920027715,23.297593095658318,14.678830429441286,59.11885245901639,90.1639344262295,31.762295081967213,0.0,0.12150042361396099
NVIDIA H100 80GB HBM3,coverage,64,1,gray_residual,selective,7,7,62.295081967213115,0.0,37.704918032786885,976.0,11.563278988880173,10.267988701195751,21.003324274843727,25.49428067626139,19.64461293078964,48.25819672131148,88.11475409836066,27.86885245901639,0.0,0.1343517325251884
NVIDIA H100 80GB HBM3,coverage,64,2,direct_clamped,global,7,7,0.0,0.0,100.0,976.0,13.270453366194253,9.845790561177218,25.864993743041595,37.42628978651716,33.74414738901311,50.92213114754098,83.19672131147541,27.151639344262296,0.0,0.16212912292534448
NVIDIA H100 80GB HBM3,coverage,64,2,direct_clamped,segmented,7,7,100.0,0.0,0.0,976.0,10.835917723633239,7.4300765255613985,23.240533354646743,33.77702816156173,27.02420394814941,61.372950819672134,86.47540983606558,35.65573770491803,0.0,0.14270159118933978
NVIDIA H100 80GB HBM3,coverage,64,2,direct_clamped,selective,7,7,40.67622950819672,52.459016393442624,6.864754098360656,976.0,13.36902524745685,9.624716984094082,28.044673231727515,39.16419690902559,30.82790146913288,52.15163934426229,80.12295081967213,20.69672131147541,0.0,0.1618200476722931
NVIDIA H100 80GB HBM3,coverage,64,2,gray_residual,global,7,7,0.0,0.0,100.0,976.0,12.485140249533142,11.785085085474343,22.396934006041597,26.765858402051606,22.13057947595826,38.114754098360656,86.88524590163934,31.557377049180328,0.0,0.1418900380686608
NVIDIA H100 80GB HBM3,coverage,64,2,gray_residual,segmented,7,7,100.0,0.0,0.0,976.0,9.113608054510264,7.385261870362822,19.99534351635551,23.74327699242948,13.233556599263906,60.75819672131148,90.06147540983606,33.19672131147541,0.0,0.11516736701090964
NVIDIA H100 80GB HBM3,coverage,64,2,gray_residual,selective,7,7,40.67622950819672,52.459016393442624,6.864754098360656,976.0,12.223542099919378,9.242961088032473,24.527944892437073,28.499786937058172,18.403689397347303,53.278688524590166,78.68852459016394,21.41393442622951,0.0,0.1401582609716187
NVIDIA H100 80GB HBM3,coverage,64,3,direct_clamped,global,7,7,0.0,0.0,100.0,976.0,12.268862261666275,8.523539418255282,24.945557463719638,34.82561646404287,31.27951231955573,55.942622950819676,83.19672131147541,32.6844262295082,0.0,0.15665031149419456
NVIDIA H100 80GB HBM3,coverage,64,3,direct_clamped,segmented,7,7,100.0,0.0,0.0,976.0,10.841168904600403,7.374697696508587,23.1231963414261,32.67708635354323,26.84200112501959,61.57786885245902,85.65573770491804,40.57377049180328,0.0,0.14344435301583824
NVIDIA H100 80GB HBM3,coverage,64,3,direct_clamped,selective,7,7,47.64344262295082,37.704918032786885,14.651639344262296,976.0,11.503338029196312,8.027399108013338,24.10150768495248,34.51834298720699,28.93115709498229,58.504098360655746,85.04098360655738,32.37704918032787,0.0,0.14929885747566865
NVIDIA H100 80GB HBM3,coverage,64,3,gray_residual,global,7,7,0.0,0.0,100.0,976.0,13.14855171382807,12.796639520626076,22.59260784874555,27.356478310900417,23.100171435501675,33.81147540983606,84.93852459016394,30.020491803278688,0.0,0.14774569297360685
NVIDIA H100 80GB HBM3,coverage,64,3,gray_residual,segmented,7,7,100.0,0.0,0.0,976.0,9.492891604029094,7.6312014587167365,19.85146119706111,23.801402428154795,14.468275055394878,59.11885245901639,90.1639344262295,31.147540983606557,0.0,0.120127674398676
NVIDIA H100 80GB HBM3,coverage,64,3,gray_residual,selective,7,7,62.295081967213115,37.704918032786885,0.0,976.0,11.577693433192026,9.923245661026911,21.64468026755558,26.01380396512095,18.968777928444414,50.204918032786885,86.16803278688525,26.127049180327873,0.0,0.13433528294515337
NVIDIA H100 80GB HBM3,coverage,64,4,direct_clamped,global,7,7,0.0,0.0,100.0,976.0,11.332202867814152,7.6584267186047015,24.18815924658093,31.89038155152835,28.948926857462098,61.372950819672134,84.52868852459017,38.114754098360656,0.0,0.15050181579765645
NVIDIA H100 80GB HBM3,coverage,64,4,direct_clamped,segmented,7,7,100.0,0.0,0.0,976.0,10.779154209641142,7.152418386521624,22.960039597908185,31.310833822126263,27.00892389622368,62.704918032786885,85.45081967213115,43.85245901639344,0.0,0.1453398656808119
NVIDIA H100 80GB HBM3,coverage,64,4,direct_clamped,selective,7,7,28.893442622950822,37.704918032786885,33.40163934426229,976.0,11.768093850623682,7.9263386732185825,24.89388347405909,35.285490542813534,29.07148961537751,59.11885245901639,84.6311475409836,32.58196721311475,0.0,0.15141587110560878
NVIDIA H100 80GB HBM3,coverage,64,4,gray_residual,global,7,7,0.0,0.0,100.0,976.0,13.019126111006289,12.551883284023864,22.530411415471356,27.920207561351496,22.94220877962355,35.14344262295082,85.65573770491804,30.532786885245898,0.0,0.14793345396677007
NVIDIA H100 80GB HBM3,coverage,64,4,gray_residual,segmented,7,7,100.0,0.0,0.0,976.0,9.571417100745569,7.383420791774577,19.943362669489332,23.32398169179002,14.309899254469926,58.504098360655746,90.26639344262296,31.864754098360653,0.0,0.12327248573410139
NVIDIA H100 80GB HBM3,coverage,64,4,gray_residual,selective,7,7,40.67622950819672,52.459016393442624,6.864754098360656,976.0,11.950796783895935,10.015226575870194,23.40033727970811,26.870093065674205,18.781630438889913,49.795081967213115,84.42622950819673,24.487704918032787,0.0,0.13795711614949388
NVIDIA H100 80GB HBM3,coverage,64,5,direct_clamped,global,7,7,0.0,0.0,100.0,976.0,11.756452207170472,8.138227300530467,24.00242807275199,33.054927726007435,30.871586393699346,58.81147540983606,84.32377049180327,35.24590163934426,0.0,0.15312882733607808
NVIDIA H100 80GB HBM3,coverage,64,5,direct_clamped,segmented,7,7,100.0,0.0,0.0,976.0,10.251116059495404,6.52562616157842,22.79110235373527,29.211484909861305,25.55711460955699,63.83196721311475,86.98770491803278,50.0,0.0,0.13958958497883525
NVIDIA H100 80GB HBM3,coverage,64,5,direct_clamped,selective,7,7,28.58606557377049,52.356557377049185,19.057377049180328,976.0,11.563514415184258,7.801765747325806,23.849032296246754,33.847019506584566,29.417252462855124,58.19672131147541,85.04098360655738,30.43032786885246,0.0,0.14853146552493476
NVIDIA H100 80GB HBM3,coverage,64,5,gray_residual,global,7,7,0.0,0.0,100.0,976.0,12.226273179327295,11.21089996818623,21.9760978187949,27.376760396103982,21.296816958223264,40.47131147540984,86.68032786885246,32.99180327868852,0.0,0.14280495750420347
NVIDIA H100 80GB HBM3,coverage,64,5,gray_residual,segmented,7,7,100.0,0.0,0.0,976.0,9.094474337986306,7.268373500004826,19.137738390753334,22.271203839503926,14.194030289912622,61.57786885245902,91.70081967213115,35.14344262295082,0.0,0.11805323503687479
NVIDIA H100 80GB HBM3,coverage,64,5,gray_residual,selective,7,7,40.77868852459016,52.356557377049185,6.864754098360656,976.0,11.494622063396356,9.466154289450085,22.169273294136104,25.500260337639475,18.351692903348603,52.86885245901639,85.24590163934425,26.229508196721312,0.0,0.1346479925808675
NVIDIA H100 80GB HBM3,coverage,64,6,direct_clamped,global,7,7,0.0,0.0,100.0,976.0,13.29416755876627,9.842324001163004,26.002263007828482,36.87762843758031,34.59850317599805,50.51229508196722,82.6844262295082,28.38114754098361,0.0,0.16361372513215822
NVIDIA H100 80GB HBM3,coverage,64,6,direct_clamped,segmented,7,7,100.0,0.0,0.0,976.0,11.151268951949262,7.396962766321478,23.218696300347027,32.797496208683576,28.896291729341023,60.65573770491803,84.93852459016394,40.67622950819672,0.0,0.14919978628994918
NVIDIA H100 80GB HBM3,coverage,64,6,direct_clamped,selective,7,7,78.48360655737704,14.651639344262296,6.864754098360656,976.0,12.315418551188358,8.347708514939299,24.107014732576772,35.86091652422302,31.602782679054208,56.35245901639344,82.88934426229508,31.147540983606557,0.0,0.1563981500891678
NVIDIA H100 80GB HBM3,coverage,64,6,gray_residual,global,7,7,0.0,0.0,100.0,976.0,11.910198729866119,10.719141189846706,21.948769065771465,26.715439498107504,20.7297910543341,44.26229508196721,86.7827868852459,33.81147540983606,0.10245901639344263,0.14200897312720476
NVIDIA H100 80GB HBM3,coverage,64,6,gray_residual,segmented,7,7,100.0,0.0,0.0,976.0,8.988765010649827,6.043190353873339,20.813969725786826,25.314636225308448,13.031626338239132,64.24180327868852,88.83196721311475,43.64754098360656,0.0,0.12552484921623666
NVIDIA H100 80GB HBM3,coverage,64,6,gray_residual,selective,7,7,85.34836065573771,14.651639344262296,0.0,976.0,10.468555154249316,8.281242184978076,21.465958284291556,25.03024684485302,16.747978000166146,59.221311475409834,87.90983606557377,35.450819672131146,0.0,0.13044262003972568
NVIDIA H100 80GB HBM3,coverage,64,7,direct_clamped,global,7,7,0.0,0.0,100.0,976.0,11.343224020519433,7.685295204976256,24.145660625076278,31.92329764576515,28.04230720621167,60.86065573770492,84.6311475409836,38.01229508196721,0.0,0.15047444202612328
NVIDIA H100 80GB HBM3,coverage,64,7,direct_clamped,segmented,7,7,100.0,0.0,0.0,976.0,10.12198123204889,6.3273259865761915,22.785361479725577,28.907089871273268,23.98762345914803,64.34426229508196,86.88524590163934,49.89754098360656,0.0,0.13816573668410786
NVIDIA H100 80GB HBM3,coverage,64,7,direct_clamped,selective,7,7,14.241803278688526,14.754098360655737,71.00409836065575,976.0,11.59111782938483,7.799135188722362,24.171951644703118,33.45525596799381,27.206266749082136,59.221311475409834,83.50409836065575,36.37295081967213,0.0,0.15137642204091084
NVIDIA H100 80GB HBM3,coverage,64,7,gray_residual,global,7,7,0.0,0.0,100.0,976.0,11.280790782326209,9.781442246226128,21.881523201035684,26.24228602517164,18.21353701316106,52.04918032786885,87.80737704918032,35.55327868852459,0.10245901639344263,0.13995790964498922
NVIDIA H100 80GB HBM3,coverage,64,7,gray_residual,segmented,7,7,100.0,0.0,0.0,976.0,8.621482129492312,5.861980943561697,20.352459315186493,23.354643628514804,11.069653733497614,65.06147540983606,89.34426229508196,48.46311475409836,0.0,0.12576471533839895
NVIDIA H100 80GB HBM3,coverage,64,7,gray_residual,selective,7,7,78.48360655737704,14.754098360655737,6.762295081967213,976.0,10.189772752124096,7.648609984782415,21.492050120497034,25.682092730594356,14.519604994842823,59.528688524590166,87.09016393442623,36.885245901639344,0.10245901639344263,0.13253476656067203
NVIDIA H100 80GB HBM3,coverage,64,8,direct_clamped,global,7,7,0.0,0.0,100.0,976.0,11.475311076986477,7.903373661740515,23.74937924203207,32.33327453791276,28.827162895486335,59.11885245901639,84.22131147540983,36.0655737704918,0.0,0.14982858515786462
NVIDIA H100 80GB HBM3,coverage,64,8,direct_clamped,segmented,7,7,100.0,0.0,0.0,976.0,9.943412877291452,6.709818606278235,21.91651752507437,27.25113009602428,23.69404439595635,64.85655737704919,86.98770491803278,50.614754098360656,0.0,0.13498453707978195
NVIDIA H100 80GB HBM3,coverage,64,8,direct_clamped,selective,7,7,55.43032786885246,37.704918032786885,6.864754098360656,976.0,10.765259242717308,7.105644757602608,22.865345564520833,31.86959746659521,26.482024174863582,60.75819672131148,86.7827868852459,37.5,0.0,0.141547135838182
NVIDIA H100 80GB HBM3,coverage,64,8,gray_residual,global,7,7,0.0,0.0,100.0,976.0,12.987619549572123,12.572781333377057,22.39591615613866,27.956906740918853,22.524282832947623,35.450819672131146,85.34836065573771,30.43032786885246,0.0,0.14788021443290336
NVIDIA H100 80GB HBM3,coverage,64,8,gray_residual,segmented,7,7,100.0,0.0,0.0,976.0,8.880883763748777,6.799224652425667,19.460262485018546,23.828351795718554,13.003367718595413,63.52459016393443,90.67622950819673,38.62704918032787,0.0,0.1201853369525139
NVIDIA H100 80GB HBM3,coverage,64,8,gray_residual,selective,7,7,62.295081967213115,37.704918032786885,0.0,976.0,11.184428120069422,9.55031906215115,21.423988501250623,25.617607256224936,18.070804704339913,53.278688524590166,87.09016393442623,27.25409836065574,0.0,0.13315232262568666
NVIDIA H100 80GB HBM3,coverage,64,9,direct_clamped,global,7,7,0.0,0.0,100.0,976.0,12.32892852585626,8.654616800627549,24.544529676002057,34.92158584031218,32.77250503251409,55.5327868852459,83.60655737704919,31.864754098360653,0.0,0.15688579529792046
NVIDIA H100 80GB HBM3,coverage,64,9,direct_clamped,segmented,7,7,100.0,0.0,0.0,976.0,10.447893031223911,6.854108061182046,22.49629085662159,31.567477509030496,26.872217859958003,63.01229508196722,86.98770491803278,43.954918032786885,0.0,0.14016474973565024
NVIDIA H100 80GB HBM3,coverage,64,9,direct_clamped,selective,7,7,40.67622950819672,14.754098360655737,44.56967213114754,976.0,11.463218268574972,7.631955241366908,23.46851473722529,33.73355021046326,29.44037349173181,59.11885245901639,83.9139344262295,32.88934426229508,0.0,0.14942550088596288
NVIDIA H100 80GB HBM3,coverage,64,9,gray_residual,global,7,7,0.0,0.0,100.0,976.0,12.882410548004321,12.327090633713626,22.396374993656032,27.15141642227722,23.076617279675308,35.450819672131146,86.16803278688525,30.737704918032787,0.0,0.14598946461560894
NVIDIA H100 80GB HBM3,coverage,64,9,gray_residual,segmented,7,7,100.0,0.0,0.0,976.0,8.840870369436992,6.988120005219539,19.09113625632595,22.80439891312433,13.49827702109167,63.42213114754098,91.59836065573771,37.60245901639344,0.0,0.11774752172438743
NVIDIA H100 80GB HBM3,coverage,64,9,gray_residual,selective,7,7,47.540983606557376,14.754098360655737,37.704918032786885,976.0,11.145178848046443,9.4545243715009,21.916692915896895,25.561742999247528,18.199240892180836,53.68852459016394,87.09016393442623,28.790983606557376,0.0,0.1304217675545556
NVIDIA H100 80GB HBM3,coverage,128,0,direct_clamped,global,7,7,0.0,0.0,100.0,912.0,11.497909824870892,7.921053302801154,23.97347199679208,33.07865769280019,28.20639493907271,59.86842105263158,84.21052631578947,34.868421052631575,0.0,0.14962836511657615
NVIDIA H100 80GB HBM3,coverage,128,0,direct_clamped,segmented,7,7,100.0,0.0,0.0,912.0,10.148951194974666,6.410036020567016,22.673785100306006,28.935096199724004,22.505480739107313,63.59649122807017,86.07456140350878,53.61842105263158,0.0,0.13923374641193928
NVIDIA H100 80GB HBM3,coverage,128,0,direct_clamped,selective,7,7,39.69298245614035,54.05701754385965,6.25,912.0,11.51494148328326,7.677415161605473,24.786431099041174,34.93306775246111,25.303529198322895,58.44298245614035,84.4298245614035,32.23684210526316,0.0,0.14667783991385547
NVIDIA H100 80GB HBM3,coverage,128,0,gray_residual,global,7,7,0.0,0.0,100.0,912.0,11.21359255887694,9.867282940674482,21.13828553020984,26.05570471456708,18.584709131094524,50.54824561403509,88.37719298245614,33.881578947368425,0.10964912280701754,0.13666736078270986
NVIDIA H100 80GB HBM3,coverage,128,0,gray_residual,segmented,7,7,100.0,0.0,0.0,912.0,8.387039908494307,6.114400125039163,19.75349172984738,23.325745229443545,11.164490226048223,67.10526315789474,90.46052631578947,45.723684210526315,0.0,0.12068986573929608
NVIDIA H100 80GB HBM3,coverage,128,0,gray_residual,selective,7,7,39.69298245614035,54.05701754385965,6.25,912.0,10.529568626503417,8.397264985873454,21.82360671388348,25.988606794452267,14.794198879349679,54.49561403508771,86.29385964912281,26.864035087719294,0.10964912280701754,0.1291245925245518
NVIDIA H100 80GB HBM3,coverage,128,1,direct_clamped,global,7,7,0.0,0.0,100.0,912.0,11.742796579275382,8.056704758581969,23.52341782783825,33.45700013724917,32.03654220553253,59.210526315789465,84.21052631578947,33.33333333333333,0.0,0.1529724525884191
NVIDIA H100 80GB HBM3,coverage,128,1,direct_clamped,segmented,7,7,100.0,0.0,0.0,912.0,10.29113051603519,6.726635390671403,21.5629048950371,29.488041921710103,25.830894203546844,62.82894736842105,87.5,47.80701754385965,0.0,0.13777790906449636
NVIDIA H100 80GB HBM3,coverage,128,1,direct_clamped,selective,7,7,39.80263157894737,53.94736842105263,6.25,912.0,11.435062561158018,7.417538207337266,24.269626088348126,33.50523423871555,28.238236238831107,58.223684210526315,84.4298245614035,33.881578947368425,0.0,0.147544384390076
NVIDIA H100 80GB HBM3,coverage,128,1,gray_residual,global,7,7,0.0,0.0,100.0,912.0,13.144260138235213,12.842759656915401,22.62258852039368,27.926978858709422,23.68962149316908,33.66228070175439,85.6359649122807,28.289473684210524,0.0,0.1473609504032367
NVIDIA H100 80GB HBM3,coverage,128,1,gray_residual,segmented,7,7,100.0,0.0,0.0,912.0,8.426738135378073,6.7861798969269,18.058297373375165,21.634601207437463,11.799355822979587,61.95175438596491,92.76315789473685,44.29824561403509,0.0,0.11462134551964993
NVIDIA H100 80GB HBM3,coverage,128,1,gray_residual,selective,7,7,39.80263157894737,14.692982456140353,45.50438596491228,912.0,10.51423086059838,8.308303825535038,21.66020732161246,26.017059746626032,15.968236640897851,55.48245614035088,86.8421052631579,27.850877192982455,0.0,0.12835387322841724
NVIDIA H100 80GB HBM3,coverage,128,2,direct_clamped,global,7,7,0.0,0.0,100.0,912.0,12.886694577114788,9.369361753576044,25.563538260907315,36.44775487840266,31.564309992416835,52.41228070175439,83.99122807017544,27.192982456140353,0.0,0.15868937257410512
NVIDIA H100 80GB HBM3,coverage,128,2,direct_clamped,segmented,7,7,100.0,0.0,0.0,912.0,10.674796079093284,7.189157204282502,22.889796536246447,32.70727883488599,24.666839430917477,62.39035087719298,86.40350877192982,39.14473684210527,0.0,0.14067545248136995
NVIDIA H100 80GB HBM3,coverage,128,2,direct_clamped,selective,7,7,39.69298245614035,53.94736842105263,6.359649122807018,912.0,12.695891795246379,8.865375324874625,27.508341247733824,38.06721866760997,27.498037892650434,53.83771929824561,80.5921052631579,24.013157894736842,0.0,0.15680603408320654
NVIDIA H100 80GB HBM3,coverage,128,2,gray_residual,global,7,7,0.0,0.0,100.0,912.0,13.055877870785057,12.877665710204475,22.513005404837717,27.208019936605066,22.975450928757716,33.881578947368425,85.52631578947368,28.50877192982456,0.0,0.14467373200627745
NVIDIA H100 80GB HBM3,coverage,128,2,gray_residual,segmented,7,7,100.0,0.0,0.0,912.0,8.892007729725039,7.297238880831417,19.886989608772655,22.607760995021,12.14137891709069,60.30701754385965,90.13157894736842,36.73245614035088,0.0,0.11408815768382921
NVIDIA H100 80GB HBM3,coverage,128,2,gray_residual,selective,7,7,39.69298245614035,53.94736842105263,6.359649122807018,912.0,11.647593608783193,8.866289346551916,23.675026046872023,28.54724031338452,16.61159520324162,54.60526315789473,80.48245614035088,22.039473684210524,0.0,0.1352575721802653
NVIDIA H100 80GB HBM3,coverage,128,3,direct_clamped,global,7,7,0.0,0.0,100.0,912.0,10.855110500138133,6.937479026914795,23.887161606210213,30.757637756596615,27.07575081193459,63.04824561403509,84.3201754385965,43.969298245614034,0.0,0.1474007723556877
NVIDIA H100 80GB HBM3,coverage,128,3,direct_clamped,segmented,7,7,100.0,0.0,0.0,912.0,10.226662209832476,6.463422440504506,23.09097750657717,29.147351071562753,24.671424048752186,64.03508771929825,85.96491228070175,51.75438596491229,0.0,0.14019496572021312
NVIDIA H100 80GB HBM3,coverage,128,3,direct_clamped,selective,7,7,0.43859649122807015,53.94736842105263,45.614035087719294,912.0,11.483622788608393,7.751553295208496,24.731795971581782,36.16355337209976,27.885122559586843,59.210526315789465,84.21052631578947,30.372807017543856,0.0,0.14813132091799014
NVIDIA H100 80GB HBM3,coverage,128,3,gray_residual,global,7,7,0.0,0.0,100.0,912.0,11.030692034475031,9.473101871769124,20.673020558776102,25.697206627626954,18.244567924461606,54.385964912280706,89.14473684210526,35.30701754385965,0.10964912280701754,0.13667474620013978
NVIDIA H100 80GB HBM3,coverage,128,3,gray_residual,segmented,7,7,100.0,0.0,0.0,912.0,8.50921439680703,6.803328120430372,18.914693257282625,22.320076379352226,11.794085897408758,64.25438596491229,92.10526315789474,44.73684210526316,0.0,0.11883532206785369
NVIDIA H100 80GB HBM3,coverage,128,3,gray_residual,selective,7,7,46.05263157894737,53.94736842105263,0.0,912.0,10.250278738151355,7.94871051294453,21.52601932760269,25.124731522136834,14.76919287935558,55.70175438596491,87.28070175438597,28.837719298245613,0.0,0.12600891223117328
NVIDIA H100 80GB HBM3,coverage,128,4,direct_clamped,global,7,7,0.0,0.0,100.0,912.0,11.553721296838503,7.796931118613998,24.02536651493229,32.907449912068785,30.48029696574505,60.30701754385965,83.99122807017544,35.41666666666667,0.0,0.1517703604603095
NVIDIA H100 80GB HBM3,coverage,128,4,direct_clamped,segmented,7,7,100.0,0.0,0.0,912.0,10.169630530603847,6.657279272302218,22.577556642456425,29.280310549140527,25.136733743276018,65.13157894736842,86.73245614035088,50.32894736842105,0.0,0.13838505624807582
NVIDIA H100 80GB HBM3,coverage,128,4,direct_clamped,selective,7,7,54.49561403508771,39.25438596491228,6.25,912.0,11.039378865204476,7.046864847742047,23.950667768094014,33.857934954569494,27.46426060541714,61.29385964912281,85.41666666666666,38.48684210526316,0.0,0.1453221831468799
NVIDIA H100 80GB HBM3,coverage,128,4,gray_residual,global,7,7,0.0,0.0,100.0,912.0,11.733201826821078,10.546548946306988,21.37267680033986,26.55102343871964,20.40858188826375,45.94298245614035,87.60964912280701,33.00438596491228,0.10964912280701754,0.1396394868798249
NVIDIA H100 80GB HBM3,coverage,128,4,gray_residual,segmented,7,7,100.0,0.0,0.0,912.0,8.501412419003215,6.75051970302391,18.098204392859078,21.75343080324656,12.020855237808277,61.40350877192983,92.76315789473685,43.530701754385966,0.0,0.11607899762108409
NVIDIA H100 80GB HBM3,coverage,128,4,gray_residual,selective,7,7,39.69298245614035,54.05701754385965,6.25,912.0,10.641763736866084,8.288004576011705,21.851111926602968,26.45715472058312,15.547214083914618,54.93421052631579,86.07456140350878,26.973684210526315,0.10964912280701754,0.1308848290777776
NVIDIA H100 80GB HBM3,coverage,128,5,direct_clamped,global,7,7,0.0,0.0,100.0,912.0,11.374332521926195,7.555613788544536,23.56068552872301,32.23195401025246,30.942238784067612,60.85526315789473,84.75877192982456,36.51315789473684,0.0,0.15046030961826945
NVIDIA H100 80GB HBM3,coverage,128,5,direct_clamped,segmented,7,7,100.0,0.0,0.0,912.0,10.851386933409625,7.229293737766953,23.42820060815787,32.17830947870302,26.390196455663435,60.96491228070175,86.18421052631578,43.969298245614034,0.0,0.14167139871956014
NVIDIA H100 80GB HBM3,coverage,128,5,direct_clamped,selective,7,7,66.99561403508771,14.692982456140353,18.311403508771928,912.0,11.035414740357187,7.212664619245842,23.4317136896045,31.919974379258274,28.749941641778133,60.526315789473685,86.07456140350878,34.10087719298245,0.0,0.1442163634187916
NVIDIA H100 80GB HBM3,coverage,128,5,gray_residual,global,7,7,0.0,0.0,100.0,912.0,12.291561761314043,11.373052196234486,21.976873294005383,27.219413559219262,21.90207400732881,39.58333333333333,86.8421052631579,31.140350877192986,0.0,0.14180164243751228
NVIDIA H100 80GB HBM3,coverage,128,5,gray_residual,segmented,7,7,100.0,0.0,0.0,912.0,9.509869129429022,6.825757171600618,21.035714120465038,23.87378790899783,13.158314191669051,59.539473684210535,87.28070175438597,35.85526315789473,0.0,0.12267096214752239
NVIDIA H100 80GB HBM3,coverage,128,5,gray_residual,selective,7,7,85.30701754385966,0.0,14.692982456140353,912.0,9.974446276444173,7.7940956069370255,19.930914212842954,22.75050935079832,15.978798282184844,57.127192982456144,90.24122807017544,29.276315789473685,0.0,0.12306716378248558
NVIDIA H100 80GB HBM3,coverage,128,6,direct_clamped,global,7,7,0.0,0.0,100.0,912.0,11.404830283810888,7.634441289311457,23.464184926511997,32.135481356032365,30.634933213005816,60.74561403508771,85.08771929824562,36.95175438596491,0.0,0.15087103928613904
NVIDIA H100 80GB HBM3,coverage,128,6,direct_clamped,segmented,7,7,100.0,0.0,0.0,912.0,10.391287244688987,6.755020549173219,22.89926120641524,28.780230716596737,25.516916390957,62.17105263157895,85.85526315789474,53.50877192982456,0.0,0.14289577361692196
NVIDIA H100 80GB HBM3,coverage,128,6,direct_clamped,selective,7,7,27.74122807017544,53.94736842105263,18.311403508771928,912.0,11.125797631837864,7.223981011097772,23.148955605515788,32.26505380263106,28.520007700250755,59.64912280701754,85.6359649122807,34.32017543859649,0.0,0.14506275738932883
NVIDIA H100 80GB HBM3,coverage,128,6,gray_residual,global,7,7,0.0,0.0,100.0,912.0,11.761158848002154,10.660225848428016,21.51311122784038,26.670241921814917,20.95106018833069,44.84649122807017,87.71929824561403,32.67543859649123,0.10964912280701754,0.13858334117948823
NVIDIA H100 80GB HBM3,coverage,128,6,gray_residual,segmented,7,7,100.0,0.0,0.0,912.0,8.64217333436558,5.971042083094083,20.838134851738047,23.559542625999654,11.751544384826577,65.02192982456141,89.25438596491229,49.23245614035088,0.0,0.1232672895174981
NVIDIA H100 80GB HBM3,coverage,128,6,gray_residual,selective,7,7,85.30701754385966,14.692982456140353,0.0,912.0,9.771659809221854,7.082442885116482,21.26261289112188,25.34420029826407,14.871210213276084,61.95175438596491,86.8421052631579,36.29385964912281,0.0,0.12691096770931556
NVIDIA H100 80GB HBM3,coverage,128,7,direct_clamped,global,7,7,0.0,0.0,100.0,912.0,11.354043537967772,7.852068595339844,23.7026329631452,32.101236590864154,27.97629249967625,60.526315789473685,84.97807017543859,37.390350877192986,0.0,0.1495646822144513
NVIDIA H100 80GB HBM3,coverage,128,7,direct_clamped,segmented,7,7,100.0,0.0,0.0,912.0,10.197474459578073,6.482315111912165,22.779710399950556,29.306369435360548,24.063114331222728,64.03508771929825,86.8421052631579,49.01315789473684,0.0,0.13907994458888354
NVIDIA H100 80GB HBM3,coverage,128,7,direct_clamped,selective,7,7,27.74122807017544,54.05701754385965,18.201754385964914,912.0,11.429056459442878,7.807850929187595,24.450049387476525,33.19695478664505,26.712900834504715,58.66228070175439,84.64912280701753,32.45614035087719,0.0,0.14708777987259095
NVIDIA H100 80GB HBM3,coverage,128,7,gray_residual,global,7,7,0.0,0.0,100.0,912.0,11.123035125155994,9.79133744259141,21.068376233110413,25.749983383580393,18.15737836082186,51.64473684210527,88.81578947368422,34.21052631578947,0.0,0.13483547834593856
NVIDIA H100 80GB HBM3,coverage,128,7,gray_residual,segmented,7,7,100.0,0.0,0.0,912.0,8.198807435382083,6.278689689943674,18.998057579837162,22.38625324461803,10.325616307092075,67.32456140350878,91.8859649122807,49.780701754385966,0.0,0.11580308313809524
NVIDIA H100 80GB HBM3,coverage,128,7,gray_residual,selective,7,7,45.94298245614035,54.05701754385965,0.0,912.0,9.718594842511035,7.878161449618753,20.33488777429211,23.979586096117885,13.654873195070296,57.675438596491226,89.14473684210526,31.140350877192986,0.0,0.11999000173496374
NVIDIA H100 80GB HBM3,coverage,128,8,direct_clamped,global,7,7,0.0,0.0,100.0,912.0,11.245075444130048,7.6662828334051545,23.521086724401428,31.87775181736676,28.69650665517588,60.74561403508771,84.97807017543859,36.84210526315789,0.0,0.1478794862752682
NVIDIA H100 80GB HBM3,coverage,128,8,direct_clamped,segmented,7,7,100.0,0.0,0.0,912.0,10.14192777133022,6.9871043186090525,21.958496399632313,27.07326467261559,23.610366943280628,64.14473684210526,86.73245614035088,52.30263157894737,0.0,0.1362934909608488
NVIDIA H100 80GB HBM3,coverage,128,8,direct_clamped,selective,7,7,42.43421052631579,39.364035087719294,18.201754385964914,912.0,11.214688867266739,7.270058929515018,24.098903594555882,33.26853694045554,26.676243451363785,59.32017543859649,85.08771929824562,36.622807017543856,0.0,0.1444627085622058
NVIDIA H100 80GB HBM3,coverage,128,8,gray_residual,global,7,7,0.0,0.0,100.0,912.0,10.839876566334869,9.367074997269974,20.712065763164546,25.679532333347936,17.795235339702877,55.5921052631579,89.14473684210526,35.41666666666667,0.10964912280701754,0.1355163576639067
NVIDIA H100 80GB HBM3,coverage,128,8,gray_residual,segmented,7,7,100.0,0.0,0.0,912.0,8.357805314860508,6.369468209806584,18.473123654411832,23.443151034067455,10.936565400019768,64.03508771929825,91.8859649122807,46.271929824561404,0.0,0.11709980419631663
NVIDIA H100 80GB HBM3,coverage,128,8,gray_residual,selective,7,7,45.94298245614035,54.05701754385965,0.0,912.0,10.137856259452342,7.677354381323325,21.439796504466226,25.46763616720935,14.183252567156176,57.34649122807017,85.85526315789474,26.75438596491228,0.0,0.12551663677155028
NVIDIA H100 80GB HBM3,coverage,128,9,direct_clamped,global,7,7,0.0,0.0,100.0,912.0,12.445442996401397,8.92616465848624,24.699129658037993,35.77884245069375,32.66545145888545,54.824561403508774,84.10087719298247,29.714912280701753,0.0,0.1565288279670809
NVIDIA H100 80GB HBM3,coverage,128,9,direct_clamped,segmented,7,7,100.0,0.0,0.0,912.0,10.389614569361633,6.925222015671089,22.338855978312836,30.828641377508937,25.654865494881673,62.06140350877193,86.73245614035088,44.29824561403509,0.0,0.1384186720595302
NVIDIA H100 80GB HBM3,coverage,128,9,direct_clamped,selective,7,7,39.69298245614035,54.05701754385965,6.25,912.0,11.588766131555744,7.828689806149018,24.43768547504854,34.3866018422119,28.226512326738757,57.34649122807017,84.97807017543859,31.57894736842105,0.0,0.14789265106356536
NVIDIA H100 80GB HBM3,coverage,128,9,gray_residual,global,7,7,0.0,0.0,100.0,912.0,12.192537681601191,11.171414759766286,21.829335229055914,26.831115840458757,21.570126910501926,39.80263157894737,87.17105263157895,31.688596491228072,0.0,0.14102549195054745
NVIDIA H100 80GB HBM3,coverage,128,9,gray_residual,segmented,7,7,100.0,0.0,0.0,912.0,8.464286134776202,6.482096146019568,19.160067275117083,22.773512446253562,11.79875830049308,65.78947368421053,92.21491228070175,44.51754385964912,0.0,0.11774526764248208
NVIDIA H100 80GB HBM3,coverage,128,9,gray_residual,selective,7,7,45.94298245614035,54.05701754385965,0.0,912.0,10.695796382493683,8.466090503111733,21.827179556415697,25.63635797145857,15.989370917227166,53.94736842105263,85.6359649122807,24.780701754385966,0.0,0.1278341717596623
NVIDIA L4,random,8,0,direct_clamped,global,4,11,0.0,0.0,100.0,1032.0,33.88977394989149,32.77275094759578,51.15354046542253,64.44509232881815,40.124113146389114,7.55813953488372,19.379844961240313,71.60852713178295,3.2945736434108532,0.4100769162472008
NVIDIA L4,random,8,0,direct_clamped,segmented,4,11,43.12015503875969,0.4844961240310077,56.395348837209305,1032.0,29.45561181597971,27.668534424905413,50.737643142716436,64.1002645754954,38.01538320544677,10.65891472868217,31.879844961240313,69.67054263565892,1.550387596899225,0.35459161900537617
NVIDIA L4,random,8,0,direct_clamped,selective,4,11,0.0,0.0,100.0,1032.0,33.88977394989149,32.77275094759578,51.15354046542253,64.44509232881815,40.124113146389114,7.55813953488372,19.379844961240313,71.60852713178295,3.2945736434108532,0.4100769162472008
NVIDIA L4,random,8,0,gray_residual,global,4,11,0.0,0.0,100.0,1032.0,18.70833260277008,18.751083538218694,32.6219999670726,37.715771907152416,17.666311909286474,26.550387596899228,54.166666666666664,73.25581395348837,0.4844961240310077,0.25631494230941343
NVIDIA L4,random,8,0,gray_residual,segmented,4,11,43.12015503875969,0.4844961240310077,56.395348837209305,1032.0,16.58805649879135,15.645816952242583,30.406560956109924,35.902085954049454,17.165741457520628,32.17054263565892,63.856589147286826,65.01937984496125,0.3875968992248062,0.22919986222443245
NVIDIA L4,random,8,0,gray_residual,selective,4,11,0.0,0.0,100.0,1032.0,18.70833260277008,18.751083538218694,32.6219999670726,37.715771907152416,17.666311909286474,26.550387596899228,54.166666666666664,73.25581395348837,0.4844961240310077,0.25631494230941343
NVIDIA L4,random,8,1,direct_clamped,global,4,11,0.0,0.0,100.0,1032.0,37.80338261649324,17.820737648510484,106.63775886339029,132.2103767422,84.46765572058754,33.33333333333333,52.81007751937985,43.895348837209305,0.0,0.39980256622499427
NVIDIA L4,random,8,1,direct_clamped,segmented,4,11,66.27906976744185,13.372093023255813,20.348837209302324,1032.0,34.0619741801837,18.41915799539146,96.70096262981048,120.53096689271615,70.12750646758536,30.03875968992248,52.616279069767444,48.25581395348838,0.0,0.36898143761132884
NVIDIA L4,random,8,1,direct_clamped,selective,4,11,0.0,0.0,100.0,1032.0,37.80338261649324,17.820737648510484,106.63775886339029,132.2103767422,84.46765572058754,33.33333333333333,52.81007751937985,43.895348837209305,0.0,0.39980256622499427
NVIDIA L4,random,8,1,gray_residual,global,4,11,0.0,0.0,100.0,1032.0,17.712047099253464,15.046358221196574,37.65231485191193,43.018579912418645,24.00285829316765,32.848837209302324,64.92248062015504,50.775193798449614,0.09689922480620156,0.20917941302492593
NVIDIA L4,random,8,1,gray_residual,segmented,4,11,66.27906976744185,13.372093023255813,20.348837209302324,1032.0,17.92286636023092,14.983457522303098,38.79454265431305,45.57486427155596,23.469389735715847,31.3953488372093,65.11627906976744,50.775193798449614,0.09689922480620156,0.21216074853555084
NVIDIA L4,random,8,1,gray_residual,selective,4,11,0.0,0.0,100.0,1032.0,17.712047099253464,15.046358221196574,37.65231485191193,43.018579912418645,24.00285829316765,32.848837209302324,64.92248062015504,50.775193798449614,0.09689922480620156,0.20917941302492593
NVIDIA L4,random,8,2,direct_clamped,global,3,11,0.0,0.0,100.0,1032.0,42.51738600415183,18.10215502017129,121.82487189826308,149.40328246158592,97.31404703422876,33.33333333333333,52.90697674418605,29.457364341085274,0.0,0.43298740378448247
NVIDIA L4,random,8,2,direct_clamped,segmented,3,11,35.174418604651166,8.527131782945736,56.298449612403104,1032.0,43.03008995110252,18.21583365183941,123.34918331996606,150.03979326349946,98.0997654603394,32.26744186046512,52.90697674418605,27.42248062015504,0.0,0.43622420937249173
NVIDIA L4,random,8,2,direct_clamped,selective,3,11,0.0,0.0,100.0,1032.0,42.51738600415183,18.10215502017129,121.82487189826308,149.40328246158592,97.31404703422876,33.33333333333333,52.90697674418605,29.457364341085274,0.0,0.43298740378448247
NVIDIA L4,random,8,2,gray_residual,global,3,11,0.0,0.0,100.0,1032.0,18.604361024532494,14.490286660206364,41.34491650121968,48.33483418321376,26.05669537625529,36.434108527131784,61.240310077519375,43.798449612403104,0.09689922480620156,0.21552582353729058
NVIDIA L4,random,8,2,gray_residual,segmented,3,11,35.174418604651166,8.527131782945736,56.298449612403104,1032.0,18.43429952469724,14.411520820512132,40.60133495044963,47.58191132996302,25.78546011099948,35.65891472868217,61.337209302325576,44.47674418604651,0.09689922480620156,0.21402332469773996
NVIDIA L4,random,8,2,gray_residual,selective,3,11,0.0,0.0,100.0,1032.0,18.604361024532494,14.490286660206364,41.34491650121968,48.33483418321376,26.05669537625529,36.434108527131784,61.240310077519375,43.798449612403104,0.09689922480620156,0.21552582353729058
NVIDIA L4,random,8,3,direct_clamped,global,3,11,0.0,0.0,100.0,1032.0,39.08274432833994,17.572553118105844,112.08166995838816,137.90531362737696,88.77908110697715,34.39922480620155,53.68217054263565,37.98449612403101,0.0,0.409631379037843
NVIDIA L4,random,8,3,direct_clamped,segmented,3,11,30.717054263565892,48.837209302325576,20.44573643410853,1032.0,31.277220961270913,19.716184273038767,87.50387237420092,118.16104454344448,57.404730895550586,29.748062015503873,50.775193798449614,46.89922480620155,0.0,0.3502420219116853
NVIDIA L4,random,8,3,direct_clamped,selective,3,11,0.0,0.0,100.0,1032.0,39.08274432833994,17.572553118105844,112.08166995838816,137.90531362737696,88.77908110697715,34.39922480620155,53.68217054263565,37.98449612403101,0.0,0.409631379037843
NVIDIA L4,random,8,3,gray_residual,global,3,11,0.0,0.0,100.0,1032.0,17.60223064385888,16.799172796287024,31.713283510353254,36.711731679356426,19.2133744402412,26.744186046511626,59.30232558139535,65.11627906976744,0.29069767441860467,0.22810909885784883
NVIDIA L4,random,8,3,gray_residual,segmented,3,11,30.717054263565892,48.837209302325576,20.44573643410853,1032.0,17.674450189045874,17.416005296412877,31.738146768410584,36.297706470592985,19.415301203970785,28.488372093023255,58.81782945736435,66.08527131782945,0.29069767441860467,0.23013994095686108
NVIDIA L4,random,8,3,gray_residual,selective,3,11,0.0,0.0,100.0,1032.0,17.60223064385888,16.799172796287024,31.713283510353254,36.711731679356426,19.2133744402412,26.744186046511626,59.30232558139535,65.11627906976744,0.29069767441860467,0.22810909885784883
NVIDIA L4,random,8,4,direct_clamped,global,4,11,0.0,0.0,100.0,1032.0,35.08944383832005,20.39479951047832,91.70576329524238,115.43046035390441,72.39274142420709,25.775193798449614,48.740310077519375,55.23255813953488,0.0,0.3762125988691209
NVIDIA L4,random,8,4,direct_clamped,segmented,4,11,30.910852713178294,48.837209302325576,20.251937984496124,1032.0,32.74223830868618,21.979048283772265,81.41920525783775,104.1520788362793,61.52892023440833,21.996124031007753,46.12403100775194,58.720930232558146,0.0,0.3564018882406896
NVIDIA L4,random,8,4,direct_clamped,selective,4,11,0.0,0.0,100.0,1032.0,35.08944383832005,20.39479951047832,91.70576329524238,115.43046035390441,72.39274142420709,25.775193798449614,48.740310077519375,55.23255813953488,0.0,0.3762125988691209
NVIDIA L4,random,8,4,gray_residual,global,4,11,0.0,0.0,100.0,1032.0,21.094566354604474,15.458400245666638,49.380698219676404,56.897250762060196,29.944235716569782,38.468992248062015,58.139534883720934,32.17054263565892,0.0,0.2363829118233399
NVIDIA L4,random,8,4,gray_residual,segmented,4,11,30.910852713178294,48.837209302325576,20.251937984496124,1032.0,19.35623547004267,14.398819279517536,43.21281521829031,51.30136308260733,27.568463427040847,37.01550387596899,61.04651162790697,38.662790697674424,0.0,0.22123761859678806
NVIDIA L4,random,8,4,gray_residual,selective,4,11,0.0,0.0,100.0,1032.0,21.094566354604474,15.458400245666638,49.380698219676404,56.897250762060196,29.944235716569782,38.468992248062015,58.139534883720934,32.17054263565892,0.0,0.2363829118233399
NVIDIA L4,random,8,5,direct_clamped,global,4,11,0.0,0.0,100.0,1032.0,33.61340076759764,30.957730153185828,53.54511088758477,71.16679558355443,44.270003337189706,8.236434108527131,20.930232558139537,70.25193798449612,1.4534883720930232,0.39396942642387783
NVIDIA L4,random,8,5,direct_clamped,segmented,4,11,66.27906976744185,13.372093023255813,20.348837209302324,1032.0,31.916312050617574,28.12968102417204,59.407440611813605,75.15506237957297,43.71903382043346,10.755813953488373,29.554263565891475,69.18604651162791,1.065891472868217,0.3704021643925206
NVIDIA L4,random,8,5,direct_clamped,selective,4,11,0.0,0.0,100.0,1032.0,33.61340076759764,30.957730153185828,53.54511088758477,71.16679558355443,44.270003337189706,8.236434108527131,20.930232558139537,70.25193798449612,1.4534883720930232,0.39396942642387783
NVIDIA L4,random,8,5,gray_residual,global,4,11,0.0,0.0,100.0,1032.0,17.569453977797107,15.038413180535345,36.77638269689484,42.06231404270164,23.587381964372604,32.17054263565892,65.11627906976744,51.84108527131783,0.09689922480620156,0.20848247263496553
NVIDIA L4,random,8,5,gray_residual,segmented,4,11,66.27906976744185,13.372093023255813,20.348837209302324,1032.0,17.61210429790818,15.252003851338944,36.338794780868675,42.25485123193877,23.764302613406482,33.33333333333333,63.275193798449614,51.45348837209303,0.09689922480620156,0.20930510831589172
NVIDIA L4,random,8,5,gray_residual,selective,4,11,0.0,0.0,100.0,1032.0,17.569453977797107,15.038413180535345,36.77638269689484,42.06231404270164,23.587381964372604,32.17054263565892,65.11627906976744,51.84108527131783,0.09689922480620156,0.20848247263496553
NVIDIA L4,random,8,6,direct_clamped,global,4,11,0.0,0.0,100.0,1032.0,35.04266992997402,20.202276202484022,92.83306009844891,116.42690093827157,72.91632511595995,26.647286821705425,49.7093023255814,54.65116279069767,0.0,0.37609776084074437
NVIDIA L4,random,8,6,direct_clamped,segmented,4,11,35.36821705426357,44.37984496124031,20.251937984496124,1032.0,36.847449710027306,19.21704013016951,100.34950781890822,124.93416273849144,80.57426702422474,30.426356589147286,50.872093023255815,50.58139534883721,0.0,0.39193351151659345
NVIDIA L4,random,8,6,direct_clamped,selective,4,11,0.0,0.0,100.0,1032.0,35.04266992997402,20.202276202484022,92.83306009844891,116.42690093827157,72.91632511595995,26.647286821705425,49.7093023255814,54.65116279069767,0.0,0.37609776084074437
NVIDIA L4,random,8,6,gray_residual,global,4,11,0.0,0.0,100.0,1032.0,17.58889149571594,16.85771555146037,31.63933692201338,36.67209864042121,19.06589551889212,26.744186046511626,59.78682170542635,65.21317829457365,0.29069767441860467,0.22840458015171897
NVIDIA L4,random,8,6,gray_residual,segmented,4,11,35.36821705426357,44.37984496124031,20.251937984496124,1032.0,17.616236340963702,16.523475164273215,32.7763934711833,37.35041283144837,20.755250550979852,27.325581395348834,61.91860465116279,61.143410852713174,0.29069767441860467,0.22255651428213444
NVIDIA L4,random,8,6,gray_residual,selective,4,11,0.0,0.0,100.0,1032.0,17.58889149571594,16.85771555146037,31.63933692201338,36.67209864042121,19.06589551889212,26.744186046511626,59.78682170542635,65.21317829457365,0.29069767441860467,0.22840458015171897
NVIDIA L4,random,8,7,direct_clamped,global,4,11,0.0,0.0,100.0,1032.0,36.22752166217764,18.522727586483434,99.90585070722811,124.75917566414621,78.92378635929023,30.620155038759687,51.64728682170543,49.031007751937985,0.0,0.3865618718170192
NVIDIA L4,random,8,7,direct_clamped,segmented,4,11,13.953488372093023,49.031007751937985,37.01550387596899,1032.0,38.08383513207203,27.083379817394473,86.98560471343234,117.66283513857172,72.91190674035332,18.023255813953487,36.82170542635659,49.6124031007752,0.29069767441860467,0.4009355871944001
NVIDIA L4,random,8,7,direct_clamped,selective,4,11,0.0,0.0,100.0,1032.0,36.22752166217764,18.522727586483434,99.90585070722811,124.75917566414621,78.92378635929023,30.620155038759687,51.64728682170543,49.031007751937985,0.0,0.3865618718170192
NVIDIA L4,random,8,7,gray_residual,global,4,11,0.0,0.0,100.0,1032.0,17.38622010093802,16.2781923979034,31.43445586388041,37.3159999595022,19.575389550176265,26.841085271317827,61.627906976744185,63.662790697674424,0.1937984496124031,0.22179604308725084
NVIDIA L4,random,8,7,gray_residual,segmented,4,11,13.953488372093023,49.031007751937985,37.01550387596899,1032.0,17.86927745830209,16.048193405429473,31.622959535981025,40.3868065757643,18.73619343840845,28.58527131782946,63.759689922480625,62.8875968992248,0.1937984496124031,0.22697485162995024
NVIDIA L4,random,8,7,gray_residual,selective,4,11,0.0,0.0,100.0,1032.0,17.38622010093802,16.2781923979034,31.43445586388041,37.3159999595022,19.575389550176265,26.841085271317827,61.627906976744185,63.662790697674424,0.1937984496124031,0.22179604308725084
NVIDIA L4,random,8,8,direct_clamped,global,3,11,0.0,0.0,100.0,1032.0,42.43701143259068,17.994011214610456,121.39889959338612,148.79829401787586,96.8036671094414,33.23643410852713,52.616279069767444,30.03875968992248,0.0,0.4324654473118379
NVIDIA L4,random,8,8,direct_clamped,segmented,3,11,35.077519379844965,8.527131782945736,56.395348837209305,1032.0,42.55940073893738,18.040179015300126,122.1389775030699,148.79829401787586,97.0050286342028,33.33333333333333,52.81007751937985,29.748062015503873,0.0,0.43325844909391636
NVIDIA L4,random,8,8,direct_clamped,selective,3,11,0.0,0.0,100.0,1032.0,42.43701143259068,17.994011214610456,121.39889959338612,148.79829401787586,96.8036671094414,33.23643410852713,52.616279069767444,30.03875968992248,0.0,0.4324654473118379
NVIDIA L4,random,8,8,gray_residual,global,3,11,0.0,0.0,100.0,1032.0,19.409133366713725,14.199134358710028,44.5179448008979,51.60035483146163,27.414117425540297,36.82170542635659,59.59302325581395,39.14728682170542,0.09689922480620156,0.22217263404973833
NVIDIA L4,random,8,8,gray_residual,segmented,3,11,35.077519379844965,8.527131782945736,56.395348837209305,1032.0,18.501521318315707,14.450334968212317,40.36546648764108,47.95789949014351,25.965097392764687,35.65891472868217,61.434108527131784,44.18604651162791,0.09689922480620156,0.21451635834684968
NVIDIA L4,random,8,8,gray_residual,selective,3,11,0.0,0.0,100.0,1032.0,19.409133366713725,14.199134358710028,44.5179448008979,51.60035483146163,27.414117425540297,36.82170542635659,59.59302325581395,39.14728682170542,0.09689922480620156,0.22217263404973833
NVIDIA L4,random,8,9,direct_clamped,global,5,11,0.0,0.0,100.0,1032.0,33.5138907906553,24.95237704069104,73.48116512944748,95.04923707738388,58.48160616142516,14.050387596899224,37.7906976744186,63.662790697674424,0.29069767441860467,0.36591034574304676
NVIDIA L4,random,8,9,direct_clamped,segmented,5,11,0.0,63.17829457364341,36.82170542635659,1032.0,33.064769517944235,25.373202468895393,72.67294497397016,98.46415155935168,57.86486346460584,16.86046511627907,37.7906976744186,61.434108527131784,0.29069767441860467,0.3624270801251524
NVIDIA L4,random,8,9,direct_clamped,selective,5,11,0.0,0.0,100.0,1032.0,33.5138907906553,24.95237704069104,73.48116512944748,95.04923707738388,58.48160616142516,14.050387596899224,37.7906976744186,63.662790697674424,0.29069767441860467,0.36591034574304676
NVIDIA L4,random,8,9,gray_residual,global,5,11,0.0,0.0,100.0,1032.0,18.656696232262867,18.70565712158873,32.32518795768068,37.58092779293472,17.727226844787438,26.25968992248062,54.55426356589147,73.15891472868216,0.4844961240310077,0.2550194054044496
NVIDIA L4,random,8,9,gray_residual,segmented,5,11,0.0,63.17829457364341,36.82170542635659,1032.0,18.412894003087327,18.55323519401697,32.39770415591951,37.41794651145096,17.520801485038227,27.42248062015504,55.32945736434108,72.96511627906976,0.4844961240310077,0.24879188646514755
NVIDIA L4,random,8,9,gray_residual,selective,5,11,0.0,0.0,100.0,1032.0,18.656696232262867,18.70565712158873,32.32518795768068,37.58092779293472,17.727226844787438,26.25968992248062,54.55426356589147,73.15891472868216,0.4844961240310077,0.2550194054044496
NVIDIA L4,random,16,0,direct_clamped,global,5,11,0.0,0.0,100.0,1024.0,33.15496102509458,26.93502638186402,66.42762946704671,86.6334371468336,52.94567647647847,11.62109375,30.2734375,65.52734375,0.48828125,0.36853449878156647
NVIDIA L4,random,16,0,direct_clamped,segmented,5,11,57.12890625,41.9921875,0.87890625,1024.0,25.52049329040043,21.279727229971922,47.09512604814379,72.45112059647394,37.33932510349409,22.0703125,47.265625,63.671875,0.29296875,0.3058399312961364
NVIDIA L4,random,16,0,direct_clamped,selective,5,11,0.0,0.0,100.0,1024.0,33.15496102509458,26.93502638186402,66.42762946704671,86.6334371468336,52.94567647647847,11.62109375,30.2734375,65.52734375,0.48828125,0.36853449878156647
NVIDIA L4,random,16,0,gray_residual,global,5,11,0.0,0.0,100.0,1024.0,17.523851046734297,16.820474287032976,31.621621719949186,36.585988490747944,19.06022535797627,26.85546875,59.86328125,65.33203125,0.29296875,0.2270417963445859
NVIDIA L4,random,16,0,gray_residual,segmented,5,11,57.12890625,41.9921875,0.87890625,1024.0,15.450347626817075,13.604616377918678,29.31959778914367,35.03844667560468,17.297791289960117,37.3046875,68.5546875,58.10546875,0.09765625,0.20088060998157867
NVIDIA L4,random,16,0,gray_residual,selective,5,11,0.0,0.0,100.0,1024.0,17.523851046734297,16.820474287032976,31.621621719949186,36.585988490747944,19.06022535797627,26.85546875,59.86328125,65.33203125,0.29296875,0.2270417963445859
NVIDIA L4,random,16,1,direct_clamped,global,6,11,0.0,0.0,100.0,1024.0,34.33664927235593,21.34296226573104,87.12497755144233,110.10483298701745,68.35395775164123,21.38671875,47.94921875,57.91015625,0.09765625,0.3697991810611619
NVIDIA L4,random,16,1,direct_clamped,segmented,6,11,85.15625,13.96484375,0.87890625,1024.0,28.31585692760448,20.625173411378285,64.83922212541854,92.76433954615918,42.679745032045766,25.78125,48.53515625,61.1328125,0.1953125,0.3362925422189528
NVIDIA L4,random,16,1,direct_clamped,selective,6,11,0.0,0.0,100.0,1024.0,34.33664927235593,21.34296226573104,87.12497755144233,110.10483298701745,68.35395775164123,21.38671875,47.94921875,57.91015625,0.09765625,0.3697991810611619
NVIDIA L4,random,16,1,gray_residual,global,6,11,0.0,0.0,100.0,1024.0,17.23578291812397,15.877602759425764,33.89479530291004,37.856530903254765,21.430791908043833,30.17578125,64.94140625,58.30078125,0.1953125,0.21089068614600648
NVIDIA L4,random,16,1,gray_residual,segmented,6,11,85.15625,13.96484375,0.87890625,1024.0,16.62293003721262,14.93750773591302,32.0475456549466,38.20671447508757,21.17846453151644,31.54296875,66.50390625,55.2734375,0.09765625,0.20291359464136627
NVIDIA L4,random,16,1,gray_residual,selective,6,11,0.0,0.0,100.0,1024.0,17.23578291812397,15.877602759425764,33.89479530291004,37.856530903254765,21.430791908043833,30.17578125,64.94140625,58.30078125,0.1953125,0.21089068614600648
NVIDIA L4,random,16,2,direct_clamped,global,4,11,0.0,0.0,100.0,1024.0,37.63988421859105,17.87405639212757,106.49849743024326,131.77567708393573,84.03911758750789,33.30078125,52.5390625,44.23828125,0.0,0.3985976797319826
NVIDIA L4,random,16,2,direct_clamped,segmented,4,11,70.703125,28.41796875,0.87890625,1024.0,32.293239450079184,19.4481548424068,95.86842814206767,123.62232489096374,58.7472335230301,29.00390625,51.171875,44.53125,0.0,0.36225132316483616
NVIDIA L4,random,16,2,direct_clamped,selective,4,11,0.0,0.0,100.0,1024.0,37.63988421859105,17.87405639212757,106.49849743024326,131.77567708393573,84.03911758750789,33.30078125,52.5390625,44.23828125,0.0,0.3985976797319826
NVIDIA L4,random,16,2,gray_residual,global,4,11,0.0,0.0,100.0,1024.0,17.78252660589964,15.083032326243355,38.29680884059004,43.94935787110208,24.41396771187155,33.49609375,64.35546875,49.4140625,0.09765625,0.20951052389425426
NVIDIA L4,random,16,2,gray_residual,segmented,4,11,70.703125,28.41796875,0.87890625,1024.0,18.924202645635198,15.928496575405255,39.43364578958576,45.583682534466654,25.85384628202832,31.8359375,60.546875,50.09765625,0.29296875,0.22892521521330267
NVIDIA L4,random,16,2,gray_residual,selective,4,11,0.0,0.0,100.0,1024.0,17.78252660589964,15.083032326243355,38.29680884059004,43.94935787110208,24.41396771187155,33.49609375,64.35546875,49.4140625,0.09765625,0.20951052389425426
NVIDIA L4,random,16,3,direct_clamped,global,4,11,0.0,0.0,100.0,1024.0,38.992614603281986,17.76667250987449,111.35021226641808,137.0669581203077,88.30675372406719,34.1796875,53.22265625,38.57421875,0.0,0.4090384736392103
NVIDIA L4,random,16,3,direct_clamped,segmented,4,11,80.2734375,18.84765625,0.87890625,1024.0,34.36626572491017,19.189915156438914,97.7310253889637,130.12770703726423,63.85489432283222,28.125,51.953125,36.1328125,0.0,0.36831748029201367
NVIDIA L4,random,16,3,direct_clamped,selective,4,11,0.0,0.0,100.0,1024.0,38.992614603281986,17.76667250987449,111.35021226641808,137.0669581203077,88.30675372406719,34.1796875,53.22265625,38.57421875,0.0,0.4090384736392103
NVIDIA L4,random,16,3,gray_residual,global,4,11,0.0,0.0,100.0,1024.0,18.436189325421587,14.563605324571219,41.00677392515621,47.46147063466087,25.68481688915461,35.64453125,62.01171875,44.7265625,0.09765625,0.21413264355208614
NVIDIA L4,random,16,3,gray_residual,segmented,4,11,80.2734375,18.84765625,0.87890625,1024.0,19.06450116585831,14.66936922829118,41.931443900431,51.28353267314766,24.41204998831151,36.9140625,60.9375,37.79296875,0.0,0.21801258849734215
NVIDIA L4,random,16,3,gray_residual,selective,4,11,0.0,0.0,100.0,1024.0,18.436189325421587,14.563605324571219,41.00677392515621,47.46147063466087,25.68481688915461,35.64453125,62.01171875,44.7265625,0.09765625,0.21413264355208614
NVIDIA L4,random,16,4,direct_clamped,global,6,11,0.0,0.0,100.0,1024.0,33.345953286023104,26.213198155070984,69.82511973029726,90.58733548078746,56.15931932335654,12.79296875,34.08203125,64.74609375,0.390625,0.36669251984960355
NVIDIA L4,random,16,4,direct_clamped,segmented,6,11,80.56640625,18.5546875,0.87890625,1024.0,30.924705056926506,22.02171839685985,76.35097690865295,91.69834749414153,55.095011340404355,20.703125,45.60546875,60.64453125,0.09765625,0.34382062485873405
NVIDIA L4,random,16,4,direct_clamped,selective,6,11,0.0,0.0,100.0,1024.0,33.345953286023104,26.213198155070984,69.82511973029726,90.58733548078746,56.15931932335654,12.79296875,34.08203125,64.74609375,0.390625,0.36669251984960355
NVIDIA L4,random,16,4,gray_residual,global,6,11,0.0,0.0,100.0,1024.0,17.405324512685404,14.992590619749267,36.15010670177982,41.31918395731882,23.21525692932063,32.12890625,65.52734375,52.5390625,0.09765625,0.20709009714128174
NVIDIA L4,random,16,4,gray_residual,segmented,6,11,80.56640625,18.5546875,0.87890625,1024.0,17.083719099604554,14.55435535780104,36.403590554838125,41.852348230997514,22.68918119167002,34.1796875,67.578125,46.484375,0.0,0.19841070364980293
NVIDIA L4,random,16,4,gray_residual,selective,6,11,0.0,0.0,100.0,1024.0,17.405324512685404,14.992590619749267,36.15010670177982,41.31918395731882,23.21525692932063,32.12890625,65.52734375,52.5390625,0.09765625,0.20709009714128174
NVIDIA L4,random,16,5,direct_clamped,global,5,11,0.0,0.0,100.0,1024.0,37.737865612481116,17.994214083639523,106.89537680586129,132.30313322352342,84.34130876472302,33.203125,52.63671875,43.65234375,0.0,0.39904814677448186
NVIDIA L4,random,16,5,direct_clamped,segmented,5,11,80.56640625,18.5546875,0.87890625,1024.0,33.383749830436,18.34485834174352,97.19688105351767,120.43206511837083,68.14816056352406,30.6640625,53.515625,44.53125,0.0,0.36214035254555776
NVIDIA L4,random,16,5,direct_clamped,selective,5,11,0.0,0.0,100.0,1024.0,37.737865612481116,17.994214083639523,106.89537680586129,132.30313322352342,84.34130876472302,33.203125,52.63671875,43.65234375,0.0,0.39904814677448186
NVIDIA L4,random,16,5,gray_residual,global,5,11,0.0,0.0,100.0,1024.0,17.760455344361763,15.148020316923763,38.194030695305415,43.7613206947053,24.22047385939604,33.59375,64.35546875,49.51171875,0.09765625,0.20931855101602792
NVIDIA L4,random,16,5,gray_residual,segmented,5,11,80.56640625,18.5546875,0.87890625,1024.0,17.799618541922882,14.40904247755868,37.28287470091769,45.37893750586306,24.58130874124157,36.03515625,63.28125,44.04296875,0.0,0.20588937988021463
NVIDIA L4,random,16,5,gray_residual,selective,5,11,0.0,0.0,100.0,1024.0,17.760455344361763,15.148020316923763,38.194030695305415,43.7613206947053,24.22047385939604,33.59375,64.35546875,49.51171875,0.09765625,0.20931855101602792
NVIDIA L4,random,16,6,direct_clamped,global,6,11,0.0,0.0,100.0,1024.0,36.179254648587545,18.49628228371969,100.14336017963544,124.44256012093348,78.54298907377101,30.37109375,51.85546875,48.828125,0.0,0.38630270881284096
NVIDIA L4,random,16,6,direct_clamped,segmented,6,11,74.21875,5.37109375,20.41015625,1024.0,27.38278131156525,19.592436168176842,66.9416295607707,91.05654078557914,48.05099446352358,30.37109375,51.07421875,49.12109375,0.0,0.3072842062591426
NVIDIA L4,random,16,6,direct_clamped,selective,6,11,0.0,0.0,100.0,1024.0,36.179254648587545,18.49628228371969,100.14336017963544,124.44256012093348,78.54298907377101,30.37109375,51.85546875,48.828125,0.0,0.38630270881284096
NVIDIA L4,random,16,6,gray_residual,global,6,11,0.0,0.0,100.0,1024.0,18.881518967926084,14.332119129778604,42.76144632746674,49.80427341866423,26.423786553003588,37.01171875,60.64453125,41.11328125,0.09765625,0.2175883327666728
NVIDIA L4,random,16,6,gray_residual,segmented,6,11,74.21875,5.37109375,20.41015625,1024.0,16.941650305037925,14.069788636036819,34.251788073338936,39.080910133330036,20.179640581106973,37.59765625,62.5,40.0390625,0.09765625,0.1962390482436234
NVIDIA L4,random,16,6,gray_residual,selective,6,11,0.0,0.0,100.0,1024.0,18.881518967926084,14.332119129778604,42.76144632746674,49.80427341866423,26.423786553003588,37.01171875,60.64453125,41.11328125,0.09765625,0.2175883327666728
NVIDIA L4,random,16,7,direct_clamped,global,5,11,0.0,0.0,100.0,1024.0,33.99830480295353,22.13531784255143,82.9348152729074,105.29977582175943,65.47287947815366,18.5546875,45.703125,59.5703125,0.09765625,0.36717044392612985
NVIDIA L4,random,16,7,direct_clamped,segmented,5,11,66.11328125,13.4765625,20.41015625,1024.0,30.358409774945667,20.50387275922111,79.65996586134646,102.8402395183454,52.16151441153984,25.29296875,48.2421875,57.32421875,0.09765625,0.3466805751290483
NVIDIA L4,random,16,7,direct_clamped,selective,5,11,0.0,35.64453125,64.35546875,1024.0,31.719760848488225,23.27856577972625,75.50511583890739,95.37596957732046,55.54044789717374,17.3828125,42.48046875,61.62109375,0.09765625,0.35040863242985654
NVIDIA L4,random,16,7,gray_residual,global,5,11,0.0,0.0,100.0,1024.0,18.155862138124824,14.629648184160478,39.758143397479756,46.25178791401619,25.220327596692695,35.3515625,63.28125,46.2890625,0.09765625,0.21199157137136207
NVIDIA L4,random,16,7,gray_residual,segmented,5,11,66.11328125,13.4765625,20.41015625,1024.0,18.56101614838223,14.41115885517556,40.504291666965116,47.5894464505836,24.208691603210593,36.62109375,60.3515625,41.11328125,0.09765625,0.21544812849631517
NVIDIA L4,random,16,7,gray_residual,selective,5,11,0.0,0.0,100.0,1024.0,18.155862138124824,14.629648184160478,39.758143397479756,46.25178791401619,25.220327596692695,35.3515625,63.28125,46.2890625,0.09765625,0.21199157137136207
NVIDIA L4,random,16,8,direct_clamped,global,3,11,0.0,0.0,100.0,1024.0,36.777081617751136,18.568309873176208,102.42662636464033,127.20537422472282,80.79722640511494,31.34765625,51.85546875,47.75390625,0.0,0.3913972193575545
NVIDIA L4,random,16,8,direct_clamped,segmented,3,11,66.015625,13.57421875,20.41015625,1024.0,34.12946100590679,18.53840997542781,100.01072057622054,121.76954957699986,70.28978308317969,30.46875,52.63671875,46.6796875,0.0,0.37020163757974284
NVIDIA L4,random,16,8,direct_clamped,selective,3,11,0.0,0.0,100.0,1024.0,36.777081617751136,18.568309873176208,102.42662636464033,127.20537422472282,80.79722640511494,31.34765625,51.85546875,47.75390625,0.0,0.3913972193575545
NVIDIA L4,random,16,8,gray_residual,global,3,11,0.0,0.0,100.0,1024.0,19.319182319420968,14.147309439327998,44.35009507977455,51.4712947201369,27.316716717384114,37.01171875,60.44921875,39.16015625,0.09765625,0.22128131255287617
NVIDIA L4,random,16,8,gray_residual,segmented,3,11,66.015625,13.57421875,20.41015625,1024.0,18.800330112721976,14.247441555127278,42.89305048104274,50.16329400249931,26.309663884087954,37.109375,61.81640625,42.08984375,0.09765625,0.21635990509894162
NVIDIA L4,random,16,8,gray_residual,selective,3,11,0.0,0.0,100.0,1024.0,19.319182319420968,14.147309439327998,44.35009507977455,51.4712947201369,27.316716717384114,37.01171875,60.44921875,39.16015625,0.09765625,0.22128131255287617
NVIDIA L4,random,16,9,direct_clamped,global,4,11,0.0,0.0,100.0,1024.0,39.361160464002765,17.692690678783144,112.47832170132743,138.4874829155577,88.88429144091499,34.27734375,53.61328125,38.37890625,0.0,0.4116691752410032
NVIDIA L4,random,16,9,direct_clamped,segmented,4,11,80.2734375,18.84765625,0.87890625,1024.0,42.56817750805352,17.938863888494748,120.62141697636585,153.60256965680315,97.2211003174489,33.49609375,52.63671875,34.9609375,0.0,0.4361609303461622
NVIDIA L4,random,16,9,direct_clamped,selective,4,11,0.0,0.0,100.0,1024.0,39.361160464002765,17.692690678783144,112.47832170132743,138.4874829155577,88.88429144091499,34.27734375,53.61328125,38.37890625,0.0,0.4116691752410032
NVIDIA L4,random,16,9,gray_residual,global,4,11,0.0,0.0,100.0,1024.0,23.271882616583028,16.903075090779666,54.4987505140726,62.18144811545398,32.61801835836301,35.25390625,54.8828125,25.390625,0.0,0.25417115732669665
NVIDIA L4,random,16,9,gray_residual,segmented,4,11,80.2734375,18.84765625,0.87890625,1024.0,23.30507476268192,16.39914387660184,57.15968596277447,65.85018125817751,33.02781442990934,35.9375,55.6640625,25.78125,0.0,0.2562590951163531
NVIDIA L4,random,16,9,gray_residual,selective,4,11,0.0,0.0,100.0,1024.0,23.271882616583028,16.903075090779666,54.4987505140726,62.18144811545398,32.61801835836301,35.25390625,54.8828125,25.390625,0.0,0.25417115732669665
NVIDIA L4,random,32,0,direct_clamped,global,6,11,0.0,0.0,100.0,1008.0,36.066096433671625,18.981416306553022,98.41315189148288,122.22120061414827,77.34688999765815,29.86111111111111,51.78571428571429,50.595238095238095,0.0,0.38497728668606906
NVIDIA L4,random,32,0,direct_clamped,segmented,6,11,65.97222222222221,13.392857142857142,20.634920634920633,1008.0,36.95558775096312,17.985045008341316,110.50629646623725,129.94112588677248,78.01577029558176,30.753968253968257,53.57142857142857,39.58333333333333,0.0,0.39201467008124347
NVIDIA L4,random,32,0,direct_clamped,selective,6,11,35.21825396825397,8.531746031746032,56.25,1008.0,36.836549995949156,18.224880683801388,104.86711499060134,130.39724985983835,80.11739979032858,33.23412698412698,53.47222222222222,43.452380952380956,0.0,0.3922599242722544
NVIDIA L4,random,32,0,gray_residual,global,6,11,0.0,0.0,100.0,1008.0,18.708336408618553,14.547921831888317,41.66149662044625,48.51371859709137,26.087011199925357,36.21031746031746,61.011904761904766,42.9563492063492,0.0992063492063492,0.21623081595997223
NVIDIA L4,random,32,0,gray_residual,segmented,6,11,65.97222222222221,13.392857142857142,20.634920634920633,1008.0,19.44866506297126,15.67647255387944,42.49074643518504,49.11916367405893,24.770778285897883,35.61507936507937,58.333333333333336,37.5,0.0992063492063492,0.22058924993384305
NVIDIA L4,random,32,0,gray_residual,selective,6,11,35.21825396825397,0.0,64.78174603174604,1008.0,19.13899464395849,15.031657250089234,42.095336367826015,48.57853898559349,26.2594533450048,35.91269841269841,59.02777777777778,39.78174603174603,0.0992063492063492,0.21873231748214386
NVIDIA L4,random,32,1,direct_clamped,global,5,11,0.0,0.0,100.0,1008.0,38.41240897721019,17.873947432250965,109.31509599368219,134.34506753334932,85.91121881421172,33.82936507936508,52.976190476190474,42.06349206349206,0.0,0.404524543380192
NVIDIA L4,random,32,1,direct_clamped,segmented,5,11,80.05952380952381,19.047619047619047,0.8928571428571428,1008.0,31.90599668100952,19.521436536562785,92.75129464181596,120.79310411910214,57.90712544312891,30.059523809523807,51.091269841269835,44.345238095238095,0.0,0.355890301923924
NVIDIA L4,random,32,1,direct_clamped,selective,5,11,30.853174603174605,4.9603174603174605,64.18650793650794,1008.0,33.566165517689214,18.721078806896372,96.59849687915045,120.97525062999165,66.94033608038812,30.853174603174605,52.480158730158735,47.12301587301587,0.0,0.3647856197306585
NVIDIA L4,random,32,1,gray_residual,global,5,11,0.0,0.0,100.0,1008.0,18.26260610276274,14.918658235637217,39.63865821832622,45.99017283043259,25.234434670912805,34.82142857142857,62.99603174603175,46.42857142857143,0.0992063492063492,0.2129173726215851
NVIDIA L4,random,32,1,gray_residual,segmented,5,11,80.05952380952381,19.047619047619047,0.8928571428571428,1008.0,18.563614322327194,14.756891356712163,41.69985884881272,49.27941284355044,25.62265563408187,36.904761904761905,63.095238095238095,43.154761904761905,0.0,0.21357579317467576
NVIDIA L4,random,32,1,gray_residual,selective,5,11,0.0,0.0,100.0,1008.0,18.26260610276274,14.918658235637217,39.63865821832622,45.99017283043259,25.234434670912805,34.82142857142857,62.99603174603175,46.42857142857143,0.0992063492063492,0.2129173726215851
NVIDIA L4,random,32,2,direct_clamped,global,5,11,0.0,0.0,100.0,1008.0,33.26781133885786,29.227373808209048,57.805032135135626,77.27160241909728,47.61332616271219,8.829365079365079,23.214285714285715,69.44444444444444,0.7936507936507936,0.3821955871278786
NVIDIA L4,random,32,2,direct_clamped,segmented,5,11,84.92063492063492,14.186507936507937,0.8928571428571428,1008.0,29.153561212865945,19.482754339215084,69.41923458467535,101.54524998404766,43.55770190989503,29.265873015873016,50.79365079365079,60.61507936507936,0.7936507936507936,0.36098098381654237
NVIDIA L4,random,32,2,direct_clamped,selective,5,11,66.17063492063492,13.59126984126984,20.238095238095237,1008.0,30.732169346543547,25.16523979197605,63.01895681284438,85.53429955526751,43.96850756887086,16.26984126984127,39.18650793650794,67.7579365079365,0.3968253968253968,0.36325203924332783
NVIDIA L4,random,32,2,gray_residual,global,5,11,0.0,0.0,100.0,1008.0,17.886765984741825,14.960704532668462,38.205369653267134,44.51108972282786,24.658240323559006,34.32539682539682,64.0873015873016,48.31349206349206,0.0992063492063492,0.2103370852780488
NVIDIA L4,random,32,2,gray_residual,segmented,5,11,84.92063492063492,14.186507936507937,0.8928571428571428,1008.0,16.659606246529304,13.994849696304515,34.3677734850813,41.2808136608497,23.439172258791345,33.53174603174603,69.04761904761905,49.2063492063492,0.0,0.1958962396559578
NVIDIA L4,random,32,2,gray_residual,selective,5,11,0.0,0.0,100.0,1008.0,17.886765984741825,14.960704532668462,38.205369653267134,44.51108972282786,24.658240323559006,34.32539682539682,64.0873015873016,48.31349206349206,0.0992063492063492,0.2103370852780488
NVIDIA L4,random,32,3,direct_clamped,global,8,11,0.0,0.0,100.0,1008.0,40.26372368658988,17.961037504238963,115.12285049795268,142.2433327484812,91.97821660905558,34.02777777777778,53.769841269841265,35.019841269841265,0.0,0.41789323411811313
NVIDIA L4,random,32,3,direct_clamped,segmented,8,11,88.4920634920635,10.714285714285714,0.7936507936507936,1008.0,31.1584150273653,17.534032291344122,82.42371342120606,112.20743987623645,63.60190646980611,30.853174603174605,54.96031746031746,37.301587301587304,0.0,0.3380521706698323
NVIDIA L4,random,32,3,direct_clamped,selective,8,11,0.0,0.0,100.0,1008.0,40.26372368658988,17.961037504238963,115.12285049795268,142.2433327484812,91.97821660905558,34.02777777777778,53.769841269841265,35.019841269841265,0.0,0.41789323411811313
NVIDIA L4,random,32,3,gray_residual,global,8,11,0.0,0.0,100.0,1008.0,18.532834142697617,14.38670227566261,41.1534724025408,48.09073357879971,25.892333975126547,36.80555555555556,61.30952380952381,44.14682539682539,0.0992063492063492,0.2149204161510031
NVIDIA L4,random,32,3,gray_residual,segmented,8,11,88.4920634920635,10.714285714285714,0.7936507936507936,1008.0,18.197443853940783,14.803611130382192,38.36928027722303,46.309807548927665,25.160089330410575,37.797619047619044,61.408730158730165,36.607142857142854,0.0992063492063492,0.21074158138058272
NVIDIA L4,random,32,3,gray_residual,selective,8,11,0.0,0.0,100.0,1008.0,18.532834142697617,14.38670227566261,41.1534724025408,48.09073357879971,25.892333975126547,36.80555555555556,61.30952380952381,44.14682539682539,0.0992063492063492,0.2149204161510031
NVIDIA L4,random,32,4,direct_clamped,global,6,11,0.0,0.0,100.0,1008.0,37.89470636019813,17.64735026743157,107.60988225754302,132.5214677294463,85.41019828188041,34.02777777777778,52.976190476190474,43.452380952380956,0.0,0.40094762402478945
NVIDIA L4,random,32,4,direct_clamped,segmented,6,11,88.29365079365078,10.813492063492063,0.8928571428571428,1008.0,31.043805043401942,17.353115147208783,81.78506839324181,106.44848590209206,61.25757241203501,31.448412698412696,54.067460317460316,33.432539682539684,0.0,0.3353603959394566
NVIDIA L4,random,32,4,direct_clamped,selective,6,11,35.317460317460316,36.01190476190476,28.670634920634917,1008.0,34.7369281692578,17.187297739009537,105.97220202656735,122.83230392015847,73.73370941503418,32.242063492063494,54.861111111111114,40.67460317460318,0.0,0.3744576985467849
NVIDIA L4,random,32,4,gray_residual,global,6,11,0.0,0.0,100.0,1008.0,18.860792452867518,14.322879070825245,42.589532896090375,49.60727186408402,26.538716448619482,37.00396825396825,60.813492063492056,41.46825396825397,0.0992063492063492,0.21717734162995114
NVIDIA L4,random,32,4,gray_residual,segmented,6,11,88.29365079365078,10.813492063492063,0.8928571428571428,1008.0,17.41343649676075,13.959072721675575,35.883500865251065,43.88911941714073,23.42252381646384,37.40079365079365,62.797619047619044,38.2936507936508,0.0,0.19959375834414295
NVIDIA L4,random,32,4,gray_residual,selective,6,11,0.0,0.0,100.0,1008.0,18.860792452867518,14.322879070825245,42.589532896090375,49.60727186408402,26.538716448619482,37.00396825396825,60.813492063492056,41.46825396825397,0.0992063492063492,0.21717734162995114
NVIDIA L4,random,32,5,direct_clamped,global,6,11,0.0,0.0,100.0,1008.0,34.65467746153495,20.097644388517008,92.06458994079256,115.30805900035142,71.59587417737899,26.488095238095237,49.60317460317461,55.05952380952381,0.0,0.37331135447220887
NVIDIA L4,random,32,5,direct_clamped,segmented,6,11,78.86904761904762,20.238095238095237,0.8928571428571428,1008.0,24.564918006611794,19.391012093996032,49.96649630775911,74.93640488037627,37.48021110626278,29.563492063492063,51.19047619047619,52.38095238095239,0.0,0.29167894971988945
NVIDIA L4,random,32,5,direct_clamped,selective,6,11,66.36904761904762,4.761904761904762,28.869047619047617,1008.0,29.959552603123427,20.088260208553578,77.40021255429546,103.57007883466292,54.2473949676343,28.76984126984127,49.60317460317461,53.07539682539682,0.0,0.3351751754778311
NVIDIA L4,random,32,5,gray_residual,global,6,11,0.0,0.0,100.0,1008.0,17.580229829140528,16.658183834208142,31.735434485683726,37.15703780233067,19.575942414637147,25.992063492063494,60.11904761904761,64.78174603174604,0.2976190476190476,0.2263838570501296
NVIDIA L4,random,32,5,gray_residual,segmented,6,11,78.86904761904762,20.238095238095237,0.8928571428571428,1008.0,15.827192686902219,14.347496883038986,28.777224373639744,35.3515223847029,16.05093462245138,29.86111111111111,70.3373015873016,57.341269841269835,0.3968253968253968,0.20840739567913213
NVIDIA L4,random,32,5,gray_residual,selective,6,11,35.21825396825397,0.0,64.78174603174604,1008.0,16.984024797645905,16.331084906601923,30.747857212254868,36.64587466293339,19.694908971180674,29.166666666666668,64.0873015873016,61.60714285714286,0.2976190476190476,0.21681242043615573
NVIDIA L4,random,32,6,direct_clamped,global,6,11,0.0,0.0,100.0,1008.0,34.33819394937186,21.15413037413232,87.46608169250955,110.39614286682634,68.40022792607574,22.22222222222222,48.31349206349206,57.837301587301596,0.0992063492063492,0.37012710146979877
NVIDIA L4,random,32,6,direct_clamped,segmented,6,11,88.29365079365078,10.813492063492063,0.8928571428571428,1008.0,25.032265617061032,19.32761725323899,53.31223671585403,80.81350734181063,39.91194674500453,29.761904761904763,51.28968253968254,49.90079365079365,0.0,0.2941157106204137
NVIDIA L4,random,32,6,direct_clamped,selective,6,11,66.36904761904762,13.194444444444445,20.436507936507937,1008.0,31.37997069166361,20.891320625328525,87.60487353684994,106.75880173795075,57.75896540665798,26.28968253968254,48.90873015873016,54.761904761904766,0.0992063492063492,0.3497831179583256
NVIDIA L4,random,32,6,gray_residual,global,6,11,0.0,0.0,100.0,1008.0,17.474836657321323,16.410857819598178,31.570332813407514,37.18103666900454,19.442378030147978,26.38888888888889,60.813492063492056,64.28571428571429,0.2976190476190476,0.2241011897270892
NVIDIA L4,random,32,6,gray_residual,segmented,6,11,88.29365079365078,10.813492063492063,0.8928571428571428,1008.0,16.336892537045003,14.354879918646581,31.98864047480051,39.966450821517576,19.956929116191045,33.730158730158735,68.5515873015873,55.75396825396825,0.0992063492063492,0.20397778627437696
NVIDIA L4,random,32,6,gray_residual,selective,6,11,30.853174603174605,4.9603174603174605,64.18650793650794,1008.0,17.5287509176484,16.35726080444836,32.542780361315494,37.20371542878292,20.548780043033688,26.091269841269842,61.904761904761905,61.904761904761905,0.2976190476190476,0.22122606106055365
NVIDIA L4,random,32,7,direct_clamped,global,5,11,0.0,0.0,100.0,1008.0,44.54762139837111,18.656532510755827,127.78800814797843,155.86865110797896,101.65675329036776,31.25,51.686507936507944,24.702380952380953,0.0,0.4458151116947383
NVIDIA L4,random,32,7,direct_clamped,segmented,5,11,88.19444444444444,10.912698412698413,0.8928571428571428,1008.0,29.605478083240925,20.66390866963384,65.69586138187736,96.48782183302362,47.84634064047613,24.00793650793651,48.31349206349206,34.02777777777778,0.0,0.32179796272172695
NVIDIA L4,random,32,7,direct_clamped,selective,5,11,31.150793650793652,5.059523809523809,63.78968253968254,1008.0,37.15873169693888,17.711446288136003,112.33927284677128,140.09733788490678,76.68206810929536,29.166666666666668,54.26587301587301,33.035714285714285,0.0,0.39084874873146885
NVIDIA L4,random,32,7,gray_residual,global,5,11,0.0,0.0,100.0,1008.0,18.949941498322172,14.298469077652458,42.821922188116766,49.88909800263777,26.583769108660242,36.904761904761905,60.51587301587301,40.97222222222222,0.0992063492063492,0.2178466733624241
NVIDIA L4,random,32,7,gray_residual,segmented,5,11,88.19444444444444,10.912698412698413,0.8928571428571428,1008.0,18.43804445116088,15.28255992717943,36.00161122896994,46.70372189985377,22.632549281553068,35.21825396825397,64.0873015873016,37.301587301587304,0.0,0.2099791561274694
NVIDIA L4,random,32,7,gray_residual,selective,5,11,0.0,0.0,100.0,1008.0,18.949941498322172,14.298469077652458,42.821922188116766,49.88909800263777,26.583769108660242,36.904761904761905,60.51587301587301,40.97222222222222,0.0992063492063492,0.2178466733624241
NVIDIA L4,random,32,8,direct_clamped,global,6,11,0.0,0.0,100.0,1008.0,36.8565597067957,18.305724216556527,101.99283628842429,126.14720948121354,80.19177542064908,30.555555555555557,51.98412698412699,48.214285714285715,0.0,0.3913998616046879
NVIDIA L4,random,32,8,direct_clamped,segmented,6,11,80.2579365079365,18.849206349206348,0.8928571428571428,1008.0,35.69041556467363,18.018017683484974,104.0842385083894,126.20358620585395,75.52690784416102,32.53968253968254,54.067460317460316,42.06349206349206,0.0,0.3816601934944186
NVIDIA L4,random,32,8,direct_clamped,selective,6,11,0.0,0.0,100.0,1008.0,36.8565597067957,18.305724216556527,101.99283628842429,126.14720948121354,80.19177542064908,30.555555555555557,51.98412698412699,48.214285714285715,0.0,0.3913998616046879
NVIDIA L4,random,32,8,gray_residual,global,6,11,0.0,0.0,100.0,1008.0,17.868797969138022,14.786125069150641,38.46113354391196,44.574114992501904,24.619339355039806,34.72222222222222,63.988095238095234,48.214285714285715,0.0992063492063492,0.20969083673264236
NVIDIA L4,random,32,8,gray_residual,segmented,6,11,80.2579365079365,18.849206349206348,0.8928571428571428,1008.0,17.60902236128173,15.08723148929499,33.75850923209943,43.656948609065196,23.087958011340863,33.730158730158735,65.97222222222221,49.107142857142854,0.0,0.2065087744494878
NVIDIA L4,random,32,8,gray_residual,selective,6,11,0.0,0.0,100.0,1008.0,17.868797969138022,14.786125069150641,38.46113354391196,44.574114992501904,24.619339355039806,34.72222222222222,63.988095238095234,48.214285714285715,0.0992063492063492,0.20969083673264236
NVIDIA L4,random,32,9,direct_clamped,global,6,11,0.0,0.0,100.0,1008.0,36.86648902187536,18.4974914291087,103.30613744387463,128.17368749140076,81.27563973249778,32.242063492063494,52.38095238095239,46.52777777777778,0.0,0.3922380501292988
NVIDIA L4,random,32,9,direct_clamped,segmented,6,11,70.63492063492063,28.47222222222222,0.8928571428571428,1008.0,30.147026345034067,19.615485799429578,83.4825268818951,113.44717240886403,52.255395303578645,29.86111111111111,51.28968253968254,49.007936507936506,0.0,0.34554425291707
NVIDIA L4,random,32,9,direct_clamped,selective,6,11,66.07142857142857,5.059523809523809,28.869047619047617,1008.0,32.049754741988835,19.537695889781332,94.5733021905805,115.78664775738385,62.55755696625951,30.059523809523807,50.89285714285714,48.01587301587302,0.0,0.35283955707973896
NVIDIA L4,random,32,9,gray_residual,global,6,11,0.0,0.0,100.0,1008.0,17.63325297473658,15.086722531430278,37.15443151459745,42.21992512947737,23.66356567991498,32.242063492063494,64.98015873015873,51.587301587301596,0.0992063492063492,0.20910246936493082
NVIDIA L4,random,32,9,gray_residual,segmented,6,11,70.63492063492063,28.47222222222222,0.8928571428571428,1008.0,17.858556170707832,15.220439313621924,36.851580958130576,43.75936823975619,23.45082310386372,31.746031746031743,64.48412698412699,50.69444444444444,0.1984126984126984,0.2139493627202757
NVIDIA L4,random,32,9,gray_residual,selective,6,11,35.11904761904761,0.0,64.88095238095238,1008.0,17.6716917332787,15.150814532389528,37.20756450254638,42.36075862476747,23.762161079752968,33.13492063492063,64.48412698412699,49.107142857142854,0.0992063492063492,0.20820115162016714
NVIDIA L4,random,64,0,direct_clamped,global,8,11,0.0,0.0,100.0,976.0,34.66404986938817,20.003706900063463,93.1422097137976,114.35548852450633,72.12755117940809,26.741803278688526,49.89754098360656,54.713114754098356,0.0,0.37366634793489606
NVIDIA L4,random,64,0,direct_clamped,segmented,8,11,93.13524590163934,6.045081967213115,0.819672131147541,976.0,23.21468236088701,18.038194533502594,45.2947902637065,65.06274342426234,33.69886269413918,30.635245901639347,55.22540983606557,47.950819672131146,0.0,0.2809910321647977
NVIDIA L4,random,64,0,direct_clamped,selective,8,11,66.18852459016394,32.99180327868852,0.819672131147541,976.0,30.26719709169922,19.96377075289911,83.48876565865652,109.45573237555332,54.64760662547514,29.303278688524593,50.10245901639344,50.0,0.0,0.3405209387021396
NVIDIA L4,random,64,0,gray_residual,global,8,11,0.0,0.0,100.0,976.0,17.8827931979008,14.813517062845508,38.50989087469866,44.72618758910316,24.433880602276886,34.42622950819672,64.13934426229508,47.950819672131146,0.10245901639344263,0.2099718002610127
NVIDIA L4,random,64,0,gray_residual,segmented,8,11,93.13524590163934,6.045081967213115,0.819672131147541,976.0,15.731213327806673,12.940719466645964,28.8009483944535,39.131618868381715,17.429585523357424,36.47540983606557,73.15573770491804,46.51639344262295,0.0,0.18854085362343054
NVIDIA L4,random,64,0,gray_residual,selective,8,11,30.532786885245898,24.692622950819672,44.77459016393443,976.0,17.69486410914161,14.315949981198347,37.70011512642258,45.70864876041206,22.730570258504365,32.47950819672131,67.3155737704918,49.18032786885246,0.0,0.2066670296922851
NVIDIA L4,random,64,1,direct_clamped,global,8,11,0.0,0.0,100.0,976.0,33.9143491307262,21.645531531533813,85.65083047190194,108.26717806495937,67.51295945267753,21.209016393442624,47.23360655737705,59.221311475409834,0.10245901639344263,0.3668651639715642
NVIDIA L4,random,64,1,direct_clamped,segmented,8,11,93.23770491803278,5.84016393442623,0.9221311475409836,976.0,23.245463440462874,17.087801842655683,43.312767393363174,65.01438078208302,32.723179528914606,32.37704918032787,54.815573770491795,49.48770491803279,0.20491803278688525,0.2896828815135871
NVIDIA L4,random,64,1,direct_clamped,selective,8,11,66.0860655737705,13.012295081967212,20.901639344262296,976.0,29.605733406161754,20.15383530126106,76.6611399186655,103.73354443659215,50.77722426671541,27.151639344262296,49.48770491803279,55.020491803278695,0.10245901639344263,0.33964526759243996
NVIDIA L4,random,64,1,gray_residual,global,8,11,0.0,0.0,100.0,976.0,17.819121963199958,15.074599612454618,38.10744129975378,43.72701236502833,24.384382969307527,33.40163934426229,63.934426229508205,49.59016393442623,0.10245901639344263,0.2096946110274557
NVIDIA L4,random,64,1,gray_residual,segmented,8,11,93.23770491803278,5.84016393442623,0.9221311475409836,976.0,15.408949007763308,13.182364956025566,29.976835804380656,38.41675769146747,16.99934164632052,38.52459016393443,73.15573770491804,46.209016393442624,0.10245901639344263,0.18408653346545853
NVIDIA L4,random,64,1,gray_residual,selective,8,11,0.0,0.0,100.0,976.0,17.819121963199958,15.074599612454618,38.10744129975378,43.72701236502833,24.384382969307527,33.40163934426229,63.934426229508205,49.59016393442623,0.10245901639344263,0.2096946110274557
NVIDIA L4,random,64,2,direct_clamped,global,6,11,0.0,0.0,100.0,976.0,34.19002078913295,21.266977339341484,85.46140898640638,107.82201201365092,66.570664943587,20.491803278688526,47.64344262295082,59.32377049180327,0.10245901639344263,0.3693228516407324
NVIDIA L4,random,64,2,direct_clamped,segmented,6,11,92.93032786885246,6.147540983606557,0.9221311475409836,976.0,23.296094929576828,18.30234460288812,47.19303812776103,67.3575341606541,35.649485897849395,30.532786885245898,53.68852459016394,51.33196721311475,0.0,0.27770901882975674
NVIDIA L4,random,64,2,direct_clamped,selective,6,11,88.31967213114754,10.245901639344263,1.4344262295081966,976.0,26.682044868749454,20.252092621697884,63.481914097576166,88.50401095680476,45.63412319181749,28.38114754098361,49.2827868852459,55.122950819672134,0.0,0.3057476144877081
NVIDIA L4,random,64,2,gray_residual,global,6,11,0.0,0.0,100.0,976.0,17.561047693285627,14.916820279548196,37.20552030174235,42.472260147371586,23.695920414813717,32.78688524590164,65.3688524590164,51.229508196721305,0.10245901639344263,0.20855303494015096
NVIDIA L4,random,64,2,gray_residual,segmented,6,11,92.93032786885246,6.147540983606557,0.9221311475409836,976.0,15.244713997888928,12.258989726115988,31.047538713067436,36.84103132548952,21.120117168239464,40.98360655737705,69.05737704918032,41.90573770491803,0.0,0.18242793979273517
NVIDIA L4,random,64,2,gray_residual,selective,6,11,38.52459016393443,0.0,61.47540983606557,976.0,16.654532854762476,14.423596236367091,33.865014026666124,38.88353527761086,21.148806067272556,34.52868852459016,63.83196721311475,48.5655737704918,0.10245901639344263,0.19931286907434134
NVIDIA L4,random,64,3,direct_clamped,global,8,11,0.0,0.0,100.0,976.0,39.27491095961966,17.706351332123685,114.0107805841584,138.7250627162805,90.05347940138766,34.42622950819672,53.790983606557376,36.16803278688525,0.0,0.41058801671559525
NVIDIA L4,random,64,3,direct_clamped,segmented,8,11,93.23770491803278,5.84016393442623,0.9221311475409836,976.0,25.937557554346515,18.36958355682261,57.25840352986768,76.17782984319098,42.36488982527853,29.918032786885245,53.48360655737705,40.36885245901639,0.0,0.290245679093364
NVIDIA L4,random,64,3,direct_clamped,selective,8,11,31.045081967213118,4.918032786885246,64.03688524590164,976.0,33.0773521651217,17.878942901985916,89.93554470871393,121.23620288089597,64.63890541811392,31.25,54.30327868852459,42.41803278688525,0.0,0.35944615905727656
NVIDIA L4,random,64,3,gray_residual,global,8,11,0.0,0.0,100.0,976.0,17.839927923553727,14.908854673648477,38.17874089516914,44.27044358858489,24.36545685690276,33.91393442622951,63.83196721311475,48.46311475409836,0.10245901639344263,0.20962894505692306
NVIDIA L4,random,64,3,gray_residual,segmented,8,11,93.23770491803278,5.84016393442623,0.9221311475409836,976.0,15.692206348501516,13.296271695462707,29.750247005365914,38.3510164991083,15.456088948241934,38.62704918032787,73.25819672131148,43.23770491803279,0.0,0.18635161378527337
NVIDIA L4,random,64,3,gray_residual,selective,8,11,14.03688524590164,5.327868852459016,80.63524590163934,976.0,18.074395440733966,14.584264118325681,39.531248164847995,46.60522764134238,24.526778433962175,34.83606557377049,64.54918032786885,46.72131147540984,0.0,0.20994743732709512
NVIDIA L4,random,64,4,direct_clamped,global,6,11,0.0,0.0,100.0,976.0,37.515881233683864,19.007045542572012,105.08958614632995,129.8907198857532,81.68461776715704,32.47950819672131,51.434426229508205,45.69672131147541,0.0,0.3968009074114549
NVIDIA L4,random,64,4,direct_clamped,segmented,6,11,97.84836065573771,1.2295081967213115,0.9221311475409836,976.0,30.35755889733008,18.252663594456962,83.15981063545661,97.88412062972495,54.31187220475447,33.19672131147541,52.56147540983606,41.90573770491803,0.0,0.33209950464514126
NVIDIA L4,random,64,4,direct_clamped,selective,6,11,14.03688524590164,0.0,85.96311475409836,976.0,37.40250034163342,18.715745581175113,105.08958614632995,129.8907198857532,81.67701673379352,32.88934426229508,52.04918032786885,43.75,0.0,0.39553843110485093
NVIDIA L4,random,64,4,gray_residual,global,6,11,0.0,0.0,100.0,976.0,18.38591918170716,14.801186775564176,40.0696572163108,47.032795483060625,25.238832718395177,34.93852459016394,61.7827868852459,44.77459016393443,0.10245901639344263,0.2137766072439303
NVIDIA L4,random,64,4,gray_residual,segmented,6,11,97.84836065573771,1.2295081967213115,0.9221311475409836,976.0,14.933635344830947,13.072970774747349,30.184200539443477,33.96341408724549,14.977674008939958,38.9344262295082,68.64754098360656,39.75409836065574,0.0,0.1754402975224543
NVIDIA L4,random,64,4,gray_residual,selective,6,11,45.1844262295082,0.0,54.815573770491795,976.0,18.483510334057225,14.176498236464326,40.609039900659226,47.140326724281564,24.975676014861055,35.450819672131146,61.270491803278695,41.59836065573771,0.0,0.2129130323295478
NVIDIA L4,random,64,5,direct_clamped,global,9,11,0.0,0.0,100.0,976.0,36.38689161820533,19.429966236341137,97.78602384986169,121.63257385621927,77.09965063823341,28.790983606557376,50.92213114754098,51.434426229508205,0.0,0.3863253488213444
NVIDIA L4,random,64,5,direct_clamped,segmented,9,11,93.23770491803278,5.942622950819672,0.819672131147541,976.0,30.435271178725788,17.11598040214741,81.14475337645868,110.04708782317175,62.93983069752495,31.864754098360653,55.635245901639344,38.83196721311475,0.0,0.3338080748490122
NVIDIA L4,random,64,5,direct_clamped,selective,9,11,49.89754098360656,8.299180327868852,41.80327868852459,976.0,36.84540855566313,18.120701834327775,105.18919591355161,129.102601184911,79.61242922334239,33.709016393442624,54.50819672131148,41.59836065573771,0.0,0.39107687388954854
NVIDIA L4,random,64,5,gray_residual,global,9,11,0.0,0.0,100.0,976.0,17.46933887059579,15.064588678686288,35.94597941980213,40.93645439132669,23.233005773704683,31.65983606557377,64.75409836065575,52.66393442622951,0.10245901639344263,0.20705452424408302
NVIDIA L4,random,64,5,gray_residual,segmented,9,11,93.23770491803278,5.942622950819672,0.819672131147541,976.0,14.853771309720175,13.522389243305039,28.57872057199109,33.884355967626206,20.145125214240192,36.885245901639344,72.64344262295081,50.51229508196722,0.10245901639344263,0.1817859516930816
NVIDIA L4,random,64,5,gray_residual,selective,9,11,0.0,0.0,100.0,976.0,17.46933887059579,15.064588678686288,35.94597941980213,40.93645439132669,23.233005773704683,31.65983606557377,64.75409836065575,52.66393442622951,0.10245901639344263,0.20705452424408302
NVIDIA L4,random,64,6,direct_clamped,global,6,11,0.0,0.0,100.0,976.0,37.780133101452314,18.818599637136348,105.5936457218013,129.51372494395093,82.58189269687371,32.06967213114754,51.33196721311475,45.49180327868852,0.0,0.39893878419238843
NVIDIA L4,random,64,6,direct_clamped,segmented,6,11,92.82786885245902,6.25,0.9221311475409836,976.0,27.23089408118239,20.122585629823476,66.49829964449904,95.25956692467605,47.14303744447345,29.40573770491803,49.69262295081967,48.87295081967213,0.0,0.3086986483188881
NVIDIA L4,random,64,6,direct_clamped,selective,6,11,45.08196721311475,5.122950819672131,49.795081967213115,976.0,32.71861220192204,19.529821700330437,91.68515287155395,116.52122950140088,62.293531322729876,28.58606557377049,50.51229508196722,49.2827868852459,0.0,0.3572742627950128
NVIDIA L4,random,64,6,gray_residual,global,6,11,0.0,0.0,100.0,976.0,17.502358612485942,15.299739712303143,35.811313904428204,40.16962209896134,22.74059513311814,31.25,65.26639344262296,54.815573770491795,0.10245901639344263,0.21010741027379057
NVIDIA L4,random,64,6,gray_residual,segmented,6,11,92.82786885245902,6.25,0.9221311475409836,976.0,14.999044167546561,14.092959224583751,28.6217769576728,32.91091843964919,19.89183000392933,35.450819672131146,72.02868852459017,47.64344262295082,0.0,0.17844497843150434
NVIDIA L4,random,64,6,gray_residual,selective,6,11,14.03688524590164,0.0,85.96311475409836,976.0,17.18903473066825,14.991482362858292,35.36910022121107,40.16962209896134,22.738999575035127,31.967213114754102,66.59836065573771,53.07377049180327,0.10245901639344263,0.20473013872005955
NVIDIA L4,random,64,7,direct_clamped,global,9,11,0.0,0.0,100.0,976.0,36.47796955300709,19.18740208128633,99.92999271803652,123.90139093790262,77.93155626395817,29.918032786885245,51.127049180327866,50.0,0.0,0.388110271636961
NVIDIA L4,random,64,7,direct_clamped,segmented,9,11,93.23770491803278,5.942622950819672,0.819672131147541,976.0,26.69541919800397,19.483819696418188,59.98221328872711,90.30541279876154,42.90986590538834,28.48360655737705,50.92213114754098,50.81967213114754,0.0,0.3069121201062812
NVIDIA L4,random,64,7,direct_clamped,selective,9,11,80.22540983606558,10.245901639344263,9.528688524590164,976.0,31.123712466415103,20.277738859108005,84.66237523545647,110.3325873665884,56.59461326167909,27.86885245901639,49.2827868852459,50.409836065573764,0.0,0.34502183291428584
NVIDIA L4,random,64,7,gray_residual,global,9,11,0.0,0.0,100.0,976.0,17.634537833687055,15.268643649695484,36.43587459584018,41.02049300926441,23.255216585178086,31.454918032786882,64.03688524590164,53.58606557377049,0.10245901639344263,0.2102342213052408
NVIDIA L4,random,64,7,gray_residual,segmented,9,11,93.23770491803278,5.942622950819672,0.819672131147541,976.0,15.855164246978775,14.136421901271024,28.655934856315447,37.01587516117458,17.251871767338635,33.60655737704918,71.82377049180327,52.15163934426229,0.10245901639344263,0.19059908881488416
NVIDIA L4,random,64,7,gray_residual,selective,9,11,13.729508196721312,41.08606557377049,45.1844262295082,976.0,17.55160360850931,14.958215553496391,35.39305782822268,42.77254272917852,22.01699232677165,30.327868852459016,65.26639344262296,54.50819672131148,0.10245901639344263,0.21008860678081168
NVIDIA L4,random,64,8,direct_clamped,global,6,11,0.0,0.0,100.0,976.0,36.6406663279186,17.996673148758045,102.43970729145228,126.98234653328636,80.32745801541084,32.17213114754098,52.66393442622951,47.33606557377049,0.0,0.39095074709413863
NVIDIA L4,random,64,8,direct_clamped,segmented,6,11,93.0327868852459,6.045081967213115,0.9221311475409836,976.0,26.753782720059395,18.570911836968957,64.29437839883886,87.03469651646373,44.90227225939405,31.25,52.56147540983606,44.4672131147541,0.0,0.300944923162044
NVIDIA L4,random,64,8,direct_clamped,selective,6,11,65.8811475409836,4.713114754098361,29.40573770491803,976.0,32.50041118398215,17.881179101682548,94.95803359543301,115.07435633241383,64.80371302597872,31.557377049180328,53.58606557377049,45.69672131147541,0.0,0.3559810563721015
NVIDIA L4,random,64,8,gray_residual,global,6,11,0.0,0.0,100.0,976.0,18.383352663712248,14.621557269061974,40.90409184682492,47.302923155898,25.480606839493774,35.75819672131148,62.295081967213115,44.4672131147541,0.10245901639344263,0.21422117356283313
NVIDIA L4,random,64,8,gray_residual,segmented,6,11,93.0327868852459,6.045081967213115,0.9221311475409836,976.0,17.35698211318027,14.489952294017936,36.36016133052718,41.343463476593335,17.867629497802913,36.57786885245902,62.295081967213115,36.0655737704918,0.10245901639344263,0.20049494836328036
NVIDIA L4,random,64,8,gray_residual,selective,6,11,30.635245901639347,4.713114754098361,64.65163934426229,976.0,19.4059975923852,15.004959740933653,43.1590864321892,48.509323938567974,27.12846596483269,36.37295081967213,59.11885245901639,38.62704918032787,0.10245901639344263,0.2233775290901288
NVIDIA L4,random,64,9,direct_clamped,global,7,11,0.0,0.0,100.0,976.0,35.46173772723709,19.93066180965625,95.30469595730816,118.22808897261464,74.53502496063655,28.07377049180328,50.204918032786885,53.995901639344254,0.0,0.3797360851119331
NVIDIA L4,random,64,9,direct_clamped,segmented,7,11,93.0327868852459,6.045081967213115,0.9221311475409836,976.0,26.555719225747982,19.61571552703983,63.957589735103724,91.80876198157664,47.47347511213981,30.635245901639347,51.127049180327866,45.08196721311475,0.0,0.2998983977341459
NVIDIA L4,random,64,9,direct_clamped,selective,7,11,65.98360655737704,5.020491803278689,28.99590163934426,976.0,31.196165865113468,19.545599879399518,88.28584712102537,107.02837500068108,59.521448222250065,29.713114754098363,51.229508196721305,51.127049180327866,0.0,0.3450714640776129
NVIDIA L4,random,64,9,gray_residual,global,7,11,0.0,0.0,100.0,976.0,17.654126063951175,14.984337704741314,37.165477254537144,42.86629089115412,24.03110976162405,32.99180327868852,64.75409836065575,51.127049180327866,0.10245901639344263,0.20878810145411944
NVIDIA L4,random,64,9,gray_residual,segmented,7,11,93.0327868852459,6.045081967213115,0.9221311475409836,976.0,15.507089782961126,13.416440376078372,30.908178984916624,36.398824680714306,21.111910971422475,36.27049180327869,68.23770491803278,44.05737704918033,0.0,0.18214693589836703
NVIDIA L4,random,64,9,gray_residual,selective,7,11,0.0,19.4672131147541,80.5327868852459,976.0,17.853763709968174,14.642426631437178,38.884838403473374,46.216041692566634,24.202942239153522,33.709016393442624,66.18852459016394,48.87295081967213,0.0,0.20792668592807417
NVIDIA L4,random,128,0,direct_clamped,global,7,11,0.0,0.0,100.0,912.0,35.21898741167201,19.698446035820997,94.00886445706205,117.77132377772674,72.60911898193118,26.096491228070175,50.21929824561403,55.04385964912281,0.0,0.3774126826873674
NVIDIA L4,random,128,0,direct_clamped,segmented,7,11,97.80701754385966,1.2061403508771928,0.9868421052631579,912.0,23.200284155340245,18.98319636670136,44.41997554455172,63.19197282282303,32.91950519565478,30.372807017543856,52.19298245614035,54.60526315789473,0.0,0.27640671600212224
NVIDIA L4,random,128,0,direct_clamped,selective,7,11,66.11842105263158,13.815789473684212,20.065789473684212,912.0,30.366038723495915,20.644011054304446,79.3688191323535,106.04137145348379,52.74044908063919,27.960526315789476,48.79385964912281,53.83771929824561,0.0,0.3413692149243995
NVIDIA L4,random,128,0,gray_residual,global,7,11,0.0,0.0,100.0,912.0,17.46431169624146,14.918760234698368,36.56554626717708,41.122137965555545,23.093669634544387,32.45614035087719,65.02192982456141,52.85087719298246,0.10964912280701754,0.20831706284211107
NVIDIA L4,random,128,0,gray_residual,segmented,7,11,97.80701754385966,1.2061403508771928,0.9868421052631579,912.0,13.553728891075528,12.58541706200784,25.577214710790486,28.356131240445283,14.794993544209076,39.14473684210527,76.31578947368422,54.276315789473685,0.0,0.17265576339559174
NVIDIA L4,random,128,0,gray_residual,selective,7,11,45.17543859649123,10.307017543859649,44.51754385964912,912.0,17.39989802708892,14.621168323963266,36.08632912850102,44.2815316339852,20.87889164245217,31.798245614035086,66.99561403508771,53.50877192982456,0.0,0.20819979067834085
NVIDIA L4,random,128,1,direct_clamped,global,8,11,0.0,0.0,100.0,912.0,34.13122602609707,20.971941209485657,88.11258612170893,110.74389289870685,68.34287316162369,23.135964912280702,48.68421052631579,58.00438596491229,0.10964912280701754,0.3685265818651828
NVIDIA L4,random,128,1,direct_clamped,segmented,8,11,97.91666666666666,1.2061403508771928,0.8771929824561403,912.0,21.95815881527885,17.963241910366243,42.65558405033135,57.395564612451004,31.215184893780123,30.811403508771928,55.92105263157895,50.54824561403509,0.0,0.26538506959555663
NVIDIA L4,random,128,1,direct_clamped,selective,8,11,88.92543859649122,10.197368421052632,0.8771929824561403,912.0,25.238454522691978,19.983654812896923,56.92298034692957,82.09970215472384,42.31180355353983,28.837719298245613,50.0,51.09649122807017,0.0,0.29129897586396025
NVIDIA L4,random,128,1,gray_residual,global,8,11,0.0,0.0,100.0,912.0,17.04440135099618,15.334958558129014,34.12525378114007,38.05288113722217,21.959765311045995,30.043859649122805,66.22807017543859,56.68859649122807,0.21929824561403508,0.20749273256183695
NVIDIA L4,random,128,1,gray_residual,segmented,8,11,97.91666666666666,1.2061403508771928,0.8771929824561403,912.0,13.733095174619407,12.649948439368805,25.355316005265653,29.087569819996762,16.946487578853098,37.93859649122807,77.08333333333334,51.425438596491226,0.0,0.1709998494575162
NVIDIA L4,random,128,1,gray_residual,selective,8,11,92.98245614035088,4.934210526315789,2.083333333333333,912.0,14.708064444008738,13.589602924897203,26.3538238312889,30.138474163515486,18.685385050718825,34.21052631578947,73.24561403508771,52.74122807017544,0.0,0.17922788844415888
NVIDIA L4,random,128,2,direct_clamped,global,9,11,0.0,0.0,100.0,912.0,36.025589930092316,18.421272874885844,100.33676962309525,125.13005813130864,79.4576781733259,30.592105263157894,51.973684210526315,48.135964912280706,0.0,0.38551587496214074
NVIDIA L4,random,128,2,direct_clamped,segmented,9,11,98.02631578947368,1.0964912280701753,0.8771929824561403,912.0,23.84570195537092,17.844615688764094,52.615264670899776,70.2432532915229,36.36099787651263,32.23684210526316,54.71491228070175,41.55701754385965,0.0,0.27296958097676643
NVIDIA L4,random,128,2,direct_clamped,selective,9,11,93.42105263157895,5.701754385964912,0.8771929824561403,912.0,27.783564656528267,18.229850697472592,67.8804156815314,90.91730830764902,49.78498472939661,30.263157894736842,54.385964912280706,42.54385964912281,0.0,0.30822067561722877
NVIDIA L4,random,128,2,gray_residual,global,9,11,0.0,0.0,100.0,912.0,17.24545963081692,14.964334159487578,35.763132644425625,41.264165164549,23.078737829225172,33.00438596491228,65.46052631578947,53.83771929824561,0.10964912280701754,0.20756928474098116
NVIDIA L4,random,128,2,gray_residual,segmented,9,11,98.02631578947368,1.0964912280701753,0.8771929824561403,912.0,13.890151674203077,11.84688344964313,27.579951591903086,35.4404523541843,13.860741231262002,41.885964912280706,75.98684210526315,41.33771929824561,0.0,0.16655315007505658
NVIDIA L4,random,128,2,gray_residual,selective,9,11,61.95175438596491,32.01754385964912,6.030701754385965,912.0,15.91305728211161,14.404893370842355,32.37487636809854,36.891921197729346,18.810229504384136,34.868421052631575,68.53070175438597,46.271929824561404,0.0,0.18995536248409375
NVIDIA L4,random,128,3,direct_clamped,global,8,11,0.0,0.0,100.0,912.0,35.53960835831263,19.13667136415272,97.869117796853,120.95091973368247,74.91712859667525,29.057017543859647,51.973684210526315,52.74122807017544,0.0,0.3807949094209708
NVIDIA L4,random,128,3,direct_clamped,segmented,8,11,97.91666666666666,1.2061403508771928,0.8771929824561403,912.0,23.598754310741338,18.606682811238663,49.413574100583695,69.91128389521728,35.23795314254748,30.482456140350877,52.19298245614035,49.34210526315789,0.0,0.2716895178956861
NVIDIA L4,random,128,3,direct_clamped,selective,8,11,88.37719298245614,4.934210526315789,6.68859649122807,912.0,26.960871835825664,19.009379215562504,67.28591094218135,90.1643427515913,46.91021153219413,29.49561403508772,51.53508771929825,50.21929824561403,0.0,0.3035251956530638
NVIDIA L4,random,128,3,gray_residual,global,8,11,0.0,0.0,100.0,912.0,17.449227236422473,15.74163679321774,34.451210427654416,38.879007630300414,22.400171772999286,28.728070175438596,65.02192982456141,56.57894736842105,0.21929824561403508,0.209452661612235
NVIDIA L4,random,128,3,gray_residual,segmented,8,11,97.91666666666666,1.2061403508771928,0.8771929824561403,912.0,13.289376796474299,12.356570979893583,24.78687229820872,29.59550152138635,13.793670526648464,40.24122807017544,77.96052631578947,48.90350877192983,0.0,0.161528804566718
NVIDIA L4,random,128,3,gray_residual,selective,8,11,52.63157894736842,5.263157894736842,42.10526315789473,912.0,16.32973509271457,15.141494805645259,31.736310543463862,37.179960362625906,20.16204292322566,32.78508771929825,69.2982456140351,51.31578947368421,0.0,0.19364676055175808
NVIDIA L4,random,128,4,direct_clamped,global,8,11,0.0,0.0,100.0,912.0,39.363209731651885,18.325607812990555,110.19219541792357,135.31052277279792,87.65641968130501,33.881578947368425,52.63157894736842,40.78947368421053,0.0,0.41117866162757283
NVIDIA L4,random,128,4,direct_clamped,segmented,8,11,98.02631578947368,1.0964912280701753,0.8771929824561403,912.0,26.161636820186917,18.050167287522182,61.53433830227991,83.60445765337387,43.633104638481235,30.592105263157894,54.49561403508771,40.78947368421053,0.0,0.29229996909575007
NVIDIA L4,random,128,4,direct_clamped,selective,8,11,70.94298245614034,14.035087719298245,15.021929824561402,912.0,35.5997585933875,18.15036058858754,103.19678826074957,125.96017423464761,71.2077086600457,29.82456140350877,52.960526315789465,40.57017543859649,0.0,0.37924223316730177
NVIDIA L4,random,128,4,gray_residual,global,8,11,0.0,0.0,100.0,912.0,18.993718203220723,14.26336002993873,42.96607186796926,49.89691664037033,26.521569020189496,36.622807017543856,60.19736842105263,39.69298245614035,0.0,0.21728331916340546
NVIDIA L4,random,128,4,gray_residual,segmented,8,11,98.02631578947368,1.0964912280701753,0.8771929824561403,912.0,14.495858313725444,12.020260507623066,30.76619435996168,34.60750321187965,14.45705027150227,41.118421052631575,71.60087719298247,34.42982456140351,0.0,0.16718911348592158
NVIDIA L4,random,128,4,gray_residual,selective,8,11,18.201754385964914,0.0,81.7982456140351,912.0,18.20742487749713,13.963013276123569,39.722114822601576,47.35381121816995,26.30813386818241,36.84210526315789,61.074561403508774,36.73245614035088,0.0,0.206726233694294
NVIDIA L4,random,128,5,direct_clamped,global,8,11,0.0,0.0,100.0,912.0,34.69372703003535,20.565983311648374,90.28307107760733,111.26408004481712,72.28249499186127,24.451754385964914,49.01315789473684,56.25,0.0,0.37382227044566335
NVIDIA L4,random,128,5,direct_clamped,segmented,8,11,97.91666666666666,1.2061403508771928,0.8771929824561403,912.0,21.86864812173181,16.526023625053,42.17865889240015,56.00277460374584,28.41306551537077,33.881578947368425,56.57894736842105,54.166666666666664,0.21929824561403508,0.2814091857217447
NVIDIA L4,random,128,5,direct_clamped,selective,8,11,74.3421052631579,5.482456140350877,20.175438596491226,912.0,25.4694837600309,20.1801803477875,53.13974992952954,84.34466356192985,41.062111647188914,28.399122807017545,49.780701754385966,55.26315789473685,0.0,0.3007252206049784
NVIDIA L4,random,128,5,gray_residual,global,8,11,0.0,0.0,100.0,912.0,17.473463288428455,15.580630431065202,35.002412971865375,38.700241854311386,22.527501364822,28.399122807017545,65.35087719298247,56.68859649122807,0.21929824561403508,0.2112064050243355
NVIDIA L4,random,128,5,gray_residual,segmented,8,11,97.91666666666666,1.2061403508771928,0.8771929824561403,912.0,13.445420070891977,11.72307164436021,26.96419549132959,31.42725439987874,13.145501045946538,42.43421052631579,76.53508771929825,49.23245614035088,0.10964912280701754,0.16813912667927985
NVIDIA L4,random,128,5,gray_residual,selective,8,11,61.8421052631579,0.0,38.15789473684211,912.0,15.516827880688327,14.299593291402992,28.96519926224994,33.86911843522754,20.621328550615655,31.688596491228072,70.39473684210526,51.64473684210527,0.10964912280701754,0.1876564396284073
NVIDIA L4,random,128,6,direct_clamped,global,8,11,0.0,0.0,100.0,912.0,36.770746812870065,19.25743023172113,99.8365714585141,123.40708074712074,79.7147841297497,29.385964912280706,51.31578947368421,50.6578947368421,0.0,0.39056392322128763
NVIDIA L4,random,128,6,direct_clamped,segmented,8,11,92.65350877192982,6.578947368421052,0.7675438596491228,912.0,26.783886503688116,20.087767076869007,62.96731900470793,91.55286963628498,49.52379533818622,30.153508771929825,49.45175438596491,45.723684210526315,0.0,0.3021192204068669
NVIDIA L4,random,128,6,direct_clamped,selective,8,11,79.93421052631578,10.416666666666668,9.649122807017543,912.0,32.113567771917474,19.920332053747583,93.45179668260975,113.82373051075444,62.97842167103044,29.49561403508772,50.21929824561403,45.50438596491228,0.0,0.35199437779586945
NVIDIA L4,random,128,6,gray_residual,global,8,11,0.0,0.0,100.0,912.0,17.761350033157377,15.049371816775729,37.74375744892938,42.59768722049725,24.23499816508051,32.45614035087719,64.69298245614034,51.425438596491226,0.10964912280701754,0.21014929865036847
NVIDIA L4,random,128,6,gray_residual,segmented,8,11,92.65350877192982,6.578947368421052,0.7675438596491228,912.0,14.891012275467222,13.066186906172149,28.95122992909946,34.290295171485596,21.09153710688064,38.04824561403509,72.58771929824562,47.80701754385965,0.0,0.1794412782114621
NVIDIA L4,random,128,6,gray_residual,selective,8,11,18.530701754385966,0.0,81.46929824561403,912.0,16.989666833217967,14.742154360785936,34.57680702171186,40.85232098648035,24.054322215127662,33.99122807017544,66.99561403508771,50.0,0.10964912280701754,0.20012183930074817
NVIDIA L4,random,128,7,direct_clamped,global,7,11,0.0,0.0,100.0,912.0,35.54108061552677,18.920399593295862,97.78216111396293,122.0995270966826,77.41266556777909,30.372807017543856,52.30263157894737,50.76754385964912,0.0,0.3813905411434769
NVIDIA L4,random,128,7,direct_clamped,segmented,7,11,98.57456140350878,1.425438596491228,0.0,912.0,22.779479504182163,19.41048616198274,44.847899461058276,58.13007251326006,32.812762850679015,30.043859649122805,51.53508771929825,48.79385964912281,0.0,0.26870396446003525
NVIDIA L4,random,128,7,direct_clamped,selective,7,11,93.2017543859649,5.592105263157895,1.2061403508771928,912.0,26.675615571203867,19.707750814883124,63.15180782521657,87.46637842514723,47.95372499772562,29.714912280701753,50.877192982456144,45.723684210526315,0.0,0.30101239635895166
NVIDIA L4,random,128,7,gray_residual,global,7,11,0.0,0.0,100.0,912.0,17.452892400228254,15.009372110389577,35.92213444906537,42.16474673783917,23.443679547164592,32.127192982456144,65.5701754385965,51.864035087719294,0.10964912280701754,0.2082006917138443
NVIDIA L4,random,128,7,gray_residual,segmented,7,11,98.57456140350878,1.425438596491228,0.0,912.0,13.22047931956994,11.80352712629971,26.685897484983435,29.7930320455319,13.258213251924836,42.98245614035088,77.63157894736842,47.478070175438596,0.0,0.16223916486714318
NVIDIA L4,random,128,7,gray_residual,selective,7,11,25.548245614035086,0.0,74.4517543859649,912.0,15.210171573696954,13.825061615485433,29.014301895867614,34.24722613861874,17.559818909599933,34.53947368421053,72.58771929824562,50.54824561403509,0.0,0.18274487710665446
NVIDIA L4,random,128,8,direct_clamped,global,8,11,0.0,0.0,100.0,912.0,36.78226396788946,18.354254403366358,102.28630811178616,127.31356249257311,80.3314367408555,30.153508771929825,51.864035087719294,48.026315789473685,0.0,0.3917776570647475
NVIDIA L4,random,128,8,direct_clamped,segmented,8,11,97.91666666666666,1.0964912280701753,0.9868421052631579,912.0,24.02190964721716,19.015066152340196,50.38162806278846,70.27135306416686,37.754915521492094,30.153508771929825,52.52192982456141,51.64473684210527,0.0,0.2815815630944507
NVIDIA L4,random,128,8,direct_clamped,selective,8,11,74.23245614035088,5.0438596491228065,20.723684210526315,912.0,27.827117847275794,19.683281792234553,70.20986476293578,96.68782421444108,51.05057408505003,28.947368421052634,50.6578947368421,50.877192982456144,0.0,0.3135080296408936
NVIDIA L4,random,128,8,gray_residual,global,8,11,0.0,0.0,100.0,912.0,19.16418258209894,14.61735371286155,43.53760598833431,50.21203738372282,27.36442730262804,36.51315789473684,59.42982456140351,39.69298245614035,0.10964912280701754,0.2201960856088569
NVIDIA L4,random,128,8,gray_residual,segmented,8,11,97.91666666666666,1.0964912280701753,0.9868421052631579,912.0,15.055818789520577,12.353146608542165,31.43080518282864,35.70187940868693,15.635675890607406,41.33771929824561,69.07894736842105,34.53947368421053,0.0,0.17496353038670953
NVIDIA L4,random,128,8,gray_residual,selective,8,11,22.149122807017545,36.07456140350877,41.776315789473685,912.0,17.466433417477212,14.414696864850693,35.73638188327241,43.586242347635306,24.507665483320892,34.10087719298245,62.82894736842105,43.969298245614034,0.0,0.20284488534074
NVIDIA L4,random,128,9,direct_clamped,global,7,11,0.0,0.0,100.0,912.0,37.2649638769128,18.75024444394554,104.02401268470912,128.44682639779705,80.87636258423106,31.140350877192986,51.864035087719294,46.381578947368425,0.0,0.39441111949267577
NVIDIA L4,random,128,9,direct_clamped,segmented,7,11,98.35526315789474,0.6578947368421052,0.9868421052631579,912.0,25.000653545593643,17.40765082625333,61.78387529225592,79.21659027979686,42.844176403031305,32.34649122807017,55.70175438596491,45.723684210526315,0.0,0.28443505530827595
NVIDIA L4,random,128,9,direct_clamped,selective,7,11,74.4517543859649,5.0438596491228065,20.50438596491228,912.0,29.594097209420884,18.312979190194575,77.6168389387107,100.35936695050296,57.89244862609754,29.93421052631579,52.85087719298246,47.368421052631575,0.0,0.3258315376519318
NVIDIA L4,random,128,9,gray_residual,global,7,11,0.0,0.0,100.0,912.0,17.53287066320334,15.171050303208977,37.154414361253394,41.53061016136638,23.564750255965983,31.798245614035086,64.91228070175438,52.19298245614035,0.10964912280701754,0.20818928872059242
NVIDIA L4,random,128,9,gray_residual,segmented,7,11,98.35526315789474,0.6578947368421052,0.9868421052631579,912.0,14.073967423385582,12.407344482326856,27.521554121612628,32.45498068146283,15.643559921085167,40.35087719298245,73.46491228070175,44.95614035087719,0.10964912280701754,0.17001295347208092
NVIDIA L4,random,128,9,gray_residual,selective,7,11,48.026315789473685,0.0,51.973684210526315,912.0,16.084353901931433,14.826188852928178,31.35745482353287,35.48866113673355,21.407599007715262,33.771929824561404,67.10526315789474,47.25877192982456,0.10964912280701754,0.19098529143524678
NVIDIA L4,coverage,8,0,direct_clamped,global,8,11,0.0,0.0,100.0,1032.0,35.70001902453523,19.47476563189565,96.34125073922928,120.75140626897614,76.09736268836129,28.68217054263566,51.64728682170543,52.51937984496124,0.0,0.3818848165268402
NVIDIA L4,coverage,8,0,direct_clamped,segmented,8,11,0.0,0.0,100.0,1032.0,35.70001902453523,19.47476563189565,96.34125073922928,120.75140626897614,76.09736268836129,28.68217054263566,51.64728682170543,52.51937984496124,0.0,0.3818848165268402
NVIDIA L4,coverage,8,0,direct_clamped,selective,8,11,0.0,0.0,100.0,1032.0,35.70001902453523,19.47476563189565,96.34125073922928,120.75140626897614,76.09736268836129,28.68217054263566,51.64728682170543,52.51937984496124,0.0,0.3818848165268402
NVIDIA L4,coverage,8,0,gray_residual,global,8,11,0.0,0.0,100.0,1032.0,17.281868179055518,15.631743816479293,34.75139810168408,39.040755544187675,22.213800873350046,29.844961240310074,65.60077519379846,55.71705426356589,0.1937984496124031,0.20866176080994328
NVIDIA L4,coverage,8,0,gray_residual,segmented,8,11,0.0,0.0,100.0,1032.0,17.281868179055518,15.631743816479293,34.75139810168408,39.040755544187675,22.213800873350046,29.844961240310074,65.60077519379846,55.71705426356589,0.1937984496124031,0.20866176080994328
NVIDIA L4,coverage,8,0,gray_residual,selective,8,11,0.0,0.0,100.0,1032.0,17.281868179055518,15.631743816479293,34.75139810168408,39.040755544187675,22.213800873350046,29.844961240310074,65.60077519379846,55.71705426356589,0.1937984496124031,0.20866176080994328
NVIDIA L4,coverage,8,1,direct_clamped,global,8,11,0.0,0.0,100.0,1032.0,37.01986476344211,18.17996115778048,103.97346850358892,129.33250065484796,82.37912063316527,32.751937984496124,52.42248062015504,45.93023255813954,0.0,0.39365801046081256
NVIDIA L4,coverage,8,1,direct_clamped,segmented,8,11,0.0,43.895348837209305,56.104651162790695,1032.0,37.49487659419234,17.236697238084943,107.67328844396957,131.94651152079712,83.86518183951361,34.49612403100775,53.39147286821705,42.248062015503876,0.0,0.39783530389807176
NVIDIA L4,coverage,8,1,direct_clamped,selective,8,11,0.0,0.0,100.0,1032.0,37.01986476344211,18.17996115778048,103.97346850358892,129.33250065484796,82.37912063316527,32.751937984496124,52.42248062015504,45.93023255813954,0.0,0.39365801046081256
NVIDIA L4,coverage,8,1,gray_residual,global,8,11,0.0,0.0,100.0,1032.0,21.250965460912134,15.565020987411096,49.85266354028458,57.46060564749461,30.204203497367317,38.468992248062015,58.04263565891473,31.686046511627907,0.0,0.2374400070313127
NVIDIA L4,coverage,8,1,gray_residual,segmented,8,11,0.0,43.895348837209305,56.104651162790695,1032.0,21.56649792441524,16.021282922263907,50.67280733612504,58.16299782236061,30.497385285868738,37.8875968992248,57.26744186046512,30.620155038759687,0.0,0.24018800450813246
NVIDIA L4,coverage,8,1,gray_residual,selective,8,11,0.0,0.0,100.0,1032.0,21.250965460912134,15.565020987411096,49.85266354028458,57.46060564749461,30.204203497367317,38.468992248062015,58.04263565891473,31.686046511627907,0.0,0.2374400070313127
NVIDIA L4,coverage,8,2,direct_clamped,global,8,11,0.0,0.0,100.0,1032.0,34.01637640896582,21.959167601583747,83.53185684905726,105.98766093847546,65.73196383851678,19.282945736434108,45.83333333333333,59.399224806201545,0.09689922480620156,0.3671002474715925
NVIDIA L4,coverage,8,2,direct_clamped,segmented,8,11,0.0,35.85271317829458,64.14728682170544,1032.0,29.57421577489764,22.895350526280268,66.99374027126883,89.84750292748912,44.68350845047481,19.089147286821706,44.28294573643411,64.34108527131784,0.1937984496124031,0.3437923850117523
NVIDIA L4,coverage,8,2,direct_clamped,selective,8,11,0.0,0.0,100.0,1032.0,34.01637640896582,21.959167601583747,83.53185684905726,105.98766093847546,65.73196383851678,19.282945736434108,45.83333333333333,59.399224806201545,0.09689922480620156,0.3671002474715925
NVIDIA L4,coverage,8,2,gray_residual,global,8,11,0.0,0.0,100.0,1032.0,18.228049504490045,17.98426661328289,32.162627043105736,36.51119647401721,18.0739357525751,26.356589147286826,56.201550387596896,70.83333333333334,0.3875968992248062,0.24536933628190793
NVIDIA L4,coverage,8,2,gray_residual,segmented,8,11,0.0,35.85271317829458,64.14728682170544,1032.0,18.343554846674877,18.496452181832282,32.00931387503073,36.463076957098615,18.023809668152765,26.25968992248062,54.84496124031008,72.09302325581395,0.3875968992248062,0.2478442546273423
NVIDIA L4,coverage,8,2,gray_residual,selective,8,11,0.0,0.0,100.0,1032.0,18.228049504490045,17.98426661328289,32.162627043105736,36.51119647401721,18.0739357525751,26.356589147286826,56.201550387596896,70.83333333333334,0.3875968992248062,0.24536933628190793
NVIDIA L4,coverage,8,3,direct_clamped,global,8,11,0.0,0.0,100.0,1032.0,38.549134499997365,17.661068386173092,110.50792722183652,135.70827567894074,87.38847871633706,34.20542635658915,53.48837209302325,39.34108527131783,0.0,0.4057380108172487
NVIDIA L4,coverage,8,3,direct_clamped,segmented,8,11,0.0,79.74806201550388,20.251937984496124,1032.0,32.343610323862265,19.437028035488847,94.89034286694483,124.96526760100899,59.150382052668164,29.166666666666668,51.162790697674424,41.86046511627907,0.0,0.3596515463623165
NVIDIA L4,coverage,8,3,direct_clamped,selective,8,11,0.0,0.0,100.0,1032.0,38.549134499997365,17.661068386173092,110.50792722183652,135.70827567894074,87.38847871633706,34.20542635658915,53.48837209302325,39.34108527131783,0.0,0.4057380108172487
NVIDIA L4,coverage,8,3,gray_residual,global,8,11,0.0,0.0,100.0,1032.0,24.665497089064452,18.16574989598845,57.47013861019539,65.39038008300703,34.33309904650642,31.2984496124031,52.51937984496124,21.608527131782946,0.0,0.2648701132655009
NVIDIA L4,coverage,8,3,gray_residual,segmented,8,11,0.0,79.74806201550388,20.251937984496124,1032.0,23.155252544247308,17.11163545143082,55.177918338397994,63.067855628352625,32.08496057438199,34.883720930232556,55.03875968992248,25.387596899224807,0.0,0.2532514434324915
NVIDIA L4,coverage,8,3,gray_residual,selective,8,11,0.0,0.0,100.0,1032.0,24.665497089064452,18.16574989598845,57.47013861019539,65.39038008300703,34.33309904650642,31.2984496124031,52.51937984496124,21.608527131782946,0.0,0.2648701132655009
NVIDIA L4,coverage,8,4,direct_clamped,global,8,11,0.0,0.0,100.0,1032.0,36.626525578782626,18.389175161358494,102.47598682506013,127.13001626722328,80.89882962261872,31.589147286821706,52.32558139534884,47.383720930232556,0.0,0.39038596648258334
NVIDIA L4,coverage,8,4,direct_clamped,segmented,8,11,0.0,43.895348837209305,56.104651162790695,1032.0,38.121058546046115,29.638318101948656,85.46347710289132,111.16290221821961,72.55488253752739,18.410852713178294,32.17054263565892,56.298449612403104,0.6782945736434108,0.4127781706404988
NVIDIA L4,coverage,8,4,direct_clamped,selective,8,11,0.0,0.0,100.0,1032.0,36.626525578782626,18.389175161358494,102.47598682506013,127.13001626722328,80.89882962261872,31.589147286821706,52.32558139534884,47.383720930232556,0.0,0.39038596648258334
NVIDIA L4,coverage,8,4,gray_residual,global,8,11,0.0,0.0,100.0,1032.0,18.07161733406564,14.570131593119738,39.63155441410006,46.013494750963595,25.143056599190373,35.46511627906977,63.662790697674424,46.41472868217054,0.09689922480620156,0.21108664515419776
NVIDIA L4,coverage,8,4,gray_residual,segmented,8,11,0.0,43.895348837209305,56.104651162790695,1032.0,17.472360407689347,15.533020318723059,34.1531522293999,41.824288421329356,22.975262315799927,33.43023255813954,63.856589147286826,53.29457364341085,0.09689922480620156,0.20959095300090766
NVIDIA L4,coverage,8,4,gray_residual,selective,8,11,0.0,0.0,100.0,1032.0,18.07161733406564,14.570131593119738,39.63155441410006,46.013494750963595,25.143056599190373,35.46511627906977,63.662790697674424,46.41472868217054,0.09689922480620156,0.21108664515419776
NVIDIA L4,coverage,8,5,direct_clamped,global,8,11,0.0,0.0,100.0,1032.0,36.00222085422502,18.911417326175723,98.7051771092309,123.42544272330842,78.01425213319891,30.13565891472868,51.64728682170543,50.0,0.0,0.38464939870737436
NVIDIA L4,coverage,8,5,direct_clamped,segmented,8,11,0.0,35.85271317829458,64.14728682170544,1032.0,35.07940326244231,19.311062889613588,95.27422988109856,119.55239113051532,74.47635331892165,28.77906976744186,51.259689922480625,51.162790697674424,0.0,0.37696378429894856
NVIDIA L4,coverage,8,5,direct_clamped,selective,8,11,0.0,0.0,100.0,1032.0,36.00222085422502,18.911417326175723,98.7051771092309,123.42544272330842,78.01425213319891,30.13565891472868,51.64728682170543,50.0,0.0,0.38464939870737436
NVIDIA L4,coverage,8,5,gray_residual,global,8,11,0.0,0.0,100.0,1032.0,17.194236337929027,15.835194498578616,33.03133222016409,37.78871725410324,20.86486763180705,29.554263565891475,64.82558139534885,59.68992248062015,0.1937984496124031,0.2127124472789723
NVIDIA L4,coverage,8,5,gray_residual,segmented,8,11,0.0,35.85271317829458,64.14728682170544,1032.0,17.245891635658708,15.831222097237145,33.50426207952264,37.76515158759298,21.297526713597883,29.457364341085274,65.40697674418605,58.81782945736435,0.1937984496124031,0.21221633137394122
NVIDIA L4,coverage,8,5,gray_residual,selective,8,11,0.0,0.0,100.0,1032.0,17.194236337929027,15.835194498578616,33.03133222016409,37.78871725410324,20.86486763180705,29.554263565891475,64.82558139534885,59.68992248062015,0.1937984496124031,0.2127124472789723
NVIDIA L4,coverage,8,6,direct_clamped,global,8,11,0.0,0.0,100.0,1032.0,38.95416914150055,17.80351427429231,110.82736998020651,136.91847646797365,88.03959859370664,33.81782945736434,53.19767441860465,39.24418604651162,0.0,0.4086350562441242
NVIDIA L4,coverage,8,6,direct_clamped,segmented,8,11,0.0,0.0,100.0,1032.0,38.95416914150055,17.80351427429231,110.82736998020651,136.91847646797365,88.03959859370664,33.81782945736434,53.19767441860465,39.24418604651162,0.0,0.4086350562441242
NVIDIA L4,coverage,8,6,direct_clamped,selective,8,11,0.0,0.0,100.0,1032.0,38.95416914150055,17.80351427429231,110.82736998020651,136.91847646797365,88.03959859370664,33.81782945736434,53.19767441860465,39.24418604651162,0.0,0.4086350562441242
NVIDIA L4,coverage,8,6,gray_residual,global,8,11,0.0,0.0,100.0,1032.0,17.750893038234754,15.063677135241855,37.85786719421769,43.29416982906113,24.11148482756293,33.13953488372093,64.34108527131784,50.58139534883721,0.09689922480620156,0.20921835791141333
NVIDIA L4,coverage,8,6,gray_residual,segmented,8,11,0.0,0.0,100.0,1032.0,17.750893038234754,15.063677135241855,37.85786719421769,43.29416982906113,24.11148482756293,33.13953488372093,64.34108527131784,50.58139534883721,0.09689922480620156,0.20921835791141333
NVIDIA L4,coverage,8,6,gray_residual,selective,8,11,0.0,0.0,100.0,1032.0,17.750893038234754,15.063677135241855,37.85786719421769,43.29416982906113,24.11148482756293,33.13953488372093,64.34108527131784,50.58139534883721,0.09689922480620156,0.20921835791141333
NVIDIA L4,coverage,8,7,direct_clamped,global,8,11,0.0,0.0,100.0,1032.0,34.69824501944062,20.543973691272882,90.38865596405209,113.68341488262269,71.36297460129374,25.0,48.934108527131784,55.52325581395349,0.0,0.3729075497741256
NVIDIA L4,coverage,8,7,direct_clamped,segmented,8,11,0.0,79.74806201550388,20.251937984496124,1032.0,31.914095269848314,19.769791362568064,91.65869928097294,118.82544452260342,57.51902195795834,28.391472868217054,50.48449612403101,47.96511627906977,0.0,0.35872313517989896
NVIDIA L4,coverage,8,7,direct_clamped,selective,8,11,0.0,0.0,100.0,1032.0,34.69824501944062,20.543973691272882,90.38865596405209,113.68341488262269,71.36297460129374,25.0,48.934108527131784,55.52325581395349,0.0,0.3729075497741256
NVIDIA L4,coverage,8,7,gray_residual,global,8,11,0.0,0.0,100.0,1032.0,24.03877479848853,17.5615667595753,56.13920297061513,64.18320213824552,33.87504118833681,33.13953488372093,53.68217054263565,23.06201550387597,0.0,0.25999695213848434
NVIDIA L4,coverage,8,7,gray_residual,segmented,8,11,0.0,79.74806201550388,20.251937984496124,1032.0,24.089598875192284,17.833819435242052,56.25312517309656,64.6431052163581,33.583768110641806,33.52713178294574,53.58527131782945,22.48062015503876,0.0,0.26059063715219105
NVIDIA L4,coverage,8,7,gray_residual,selective,8,11,0.0,0.0,100.0,1032.0,24.03877479848853,17.5615667595753,56.13920297061513,64.18320213824552,33.87504118833681,33.13953488372093,53.68217054263565,23.06201550387597,0.0,0.25999695213848434
NVIDIA L4,coverage,8,8,direct_clamped,global,8,11,0.0,0.0,100.0,1032.0,36.75596855180159,18.593901062585402,102.56752605281143,127.64884434140065,81.11477557966614,31.589147286821706,52.13178294573644,47.383720930232556,0.0,0.3913548997048295
NVIDIA L4,coverage,8,8,direct_clamped,segmented,8,11,0.0,35.85271317829458,64.14728682170544,1032.0,35.520023275231935,18.80487281781913,99.83793608750472,123.39731492381095,76.4986830076441,30.910852713178294,52.81007751937985,48.44961240310077,0.0,0.38119459701876734
NVIDIA L4,coverage,8,8,direct_clamped,selective,8,11,0.0,0.0,100.0,1032.0,36.75596855180159,18.593901062585402,102.56752605281143,127.64884434140065,81.11477557966614,31.589147286821706,52.13178294573644,47.383720930232556,0.0,0.3913548997048295
NVIDIA L4,coverage,8,8,gray_residual,global,8,11,0.0,0.0,100.0,1032.0,17.32137209422948,15.112352300159307,35.723532919128374,40.22673904662707,22.800051729698712,31.492248062015506,65.69767441860465,54.263565891472865,0.09689922480620156,0.2075630672745632
NVIDIA L4,coverage,8,8,gray_residual,segmented,8,11,0.0,35.85271317829458,64.14728682170544,1032.0,17.859855895345312,15.03121182474711,36.921852138293914,42.26536704208319,24.514842355792656,34.01162790697674,60.94961240310077,50.58139534883721,0.09689922480620156,0.21271190757668645
NVIDIA L4,coverage,8,8,gray_residual,selective,8,11,0.0,0.0,100.0,1032.0,17.32137209422948,15.112352300159307,35.723532919128374,40.22673904662707,22.800051729698712,31.492248062015506,65.69767441860465,54.263565891472865,0.09689922480620156,0.2075630672745632
NVIDIA L4,coverage,8,9,direct_clamped,global,8,11,0.0,0.0,100.0,1032.0,36.38271262135294,18.35754269617157,100.79187138412924,124.82909028136237,79.3128687453932,30.523255813953487,51.84108527131783,48.25581395348838,0.0,0.3880436700436434
NVIDIA L4,coverage,8,9,direct_clamped,segmented,8,11,0.0,35.85271317829458,64.14728682170544,1032.0,35.28042109490191,18.841842458110808,96.98199124941019,120.92900438923908,75.13639896470194,30.03875968992248,51.93798449612403,49.41860465116279,0.0,0.3789457790289843
NVIDIA L4,coverage,8,9,direct_clamped,selective,8,11,0.0,0.0,100.0,1032.0,36.38271262135294,18.35754269617157,100.79187138412924,124.82909028136237,79.3128687453932,30.523255813953487,51.84108527131783,48.25581395348838,0.0,0.3880436700436434
NVIDIA L4,coverage,8,9,gray_residual,global,8,11,0.0,0.0,100.0,1032.0,21.703759118498738,15.856885019206171,50.96434542348718,58.6404609255349,30.583641602186713,37.4031007751938,57.46124031007752,29.941860465116278,0.0,0.2414762022633534
NVIDIA L4,coverage,8,9,gray_residual,segmented,8,11,0.0,35.85271317829458,64.14728682170544,1032.0,21.973632293424163,15.953513810378613,51.05043999756832,58.84218356761711,31.095582376042437,36.91860465116279,56.87984496124031,28.875968992248062,0.0,0.24364833094764676
NVIDIA L4,coverage,8,9,gray_residual,selective,8,11,0.0,0.0,100.0,1032.0,21.703759118498738,15.856885019206171,50.96434542348718,58.6404609255349,30.583641602186713,37.4031007751938,57.46124031007752,29.941860465116278,0.0,0.2414762022633534
NVIDIA L4,coverage,16,0,direct_clamped,global,11,11,0.0,0.0,100.0,1024.0,35.671990128642854,19.47476563189565,96.31982420135961,120.32118838493956,76.10156003916532,28.90625,51.66015625,52.5390625,0.0,0.3817374624638107
NVIDIA L4,coverage,16,0,direct_clamped,segmented,11,11,0.0,100.0,0.0,1024.0,35.340113137958504,19.165045024861897,95.42149137198936,124.59657646561463,74.49460377374405,28.125,52.5390625,48.2421875,0.0,0.3775253526191245
NVIDIA L4,coverage,16,0,direct_clamped,selective,11,11,0.0,0.0,100.0,1024.0,35.671990128642854,19.47476563189565,96.31982420135961,120.32118838493956,76.10156003916532,28.90625,51.66015625,52.5390625,0.0,0.3817374624638107
NVIDIA L4,coverage,16,0,gray_residual,global,11,11,0.0,0.0,100.0,1024.0,18.220564884424096,14.510899383340142,40.024661265949995,46.93143202641395,25.42192687532085,35.64453125,62.6953125,45.01953125,0.09765625,0.21188171172062414
NVIDIA L4,coverage,16,0,gray_residual,segmented,11,11,0.0,100.0,0.0,1024.0,17.962967695747743,15.202586216229783,36.94502746018424,46.43075300394503,23.94676827177412,34.5703125,64.84375,47.4609375,0.0,0.2091724437474967
NVIDIA L4,coverage,16,0,gray_residual,selective,11,11,0.0,0.0,100.0,1024.0,18.220564884424096,14.510899383340142,40.024661265949995,46.93143202641395,25.42192687532085,35.64453125,62.6953125,45.01953125,0.09765625,0.21188171172062414
NVIDIA L4,coverage,16,1,direct_clamped,global,11,11,0.0,0.0,100.0,1024.0,34.34728158040323,21.509404175093334,86.46663811244348,109.3656462697253,68.26623681023665,20.703125,47.36328125,58.30078125,0.09765625,0.36956890976639994
NVIDIA L4,coverage,16,1,direct_clamped,segmented,11,11,0.0,99.31640625,0.68359375,1024.0,29.512514957880885,23.199045657555416,65.49612710897478,90.93108225878774,44.5650187575504,19.23828125,42.96875,63.8671875,0.0,0.34262758875812993
NVIDIA L4,coverage,16,1,direct_clamped,selective,11,11,0.0,0.0,100.0,1024.0,34.34728158040323,21.509404175093334,86.46663811244348,109.3656462697253,68.26623681023665,20.703125,47.36328125,58.30078125,0.09765625,0.36956890976639994
NVIDIA L4,coverage,16,1,gray_residual,global,11,11,0.0,0.0,100.0,1024.0,17.43141270998127,14.94246388575673,36.085662748969405,41.469496225868156,23.400832904441764,32.71484375,65.234375,51.953125,0.09765625,0.20718539907370867
NVIDIA L4,coverage,16,1,gray_residual,segmented,11,11,0.0,99.31640625,0.68359375,1024.0,18.551424545066062,15.382443215585784,38.33527744439637,46.827358983389566,24.231506458469852,31.93359375,63.57421875,49.21875,0.1953125,0.22008420331404302
NVIDIA L4,coverage,16,1,gray_residual,selective,11,11,0.0,0.0,100.0,1024.0,17.43141270998127,14.94246388575673,36.085662748969405,41.469496225868156,23.400832904441764,32.71484375,65.234375,51.953125,0.09765625,0.20718539907370867
NVIDIA L4,coverage,16,2,direct_clamped,global,11,11,0.0,0.0,100.0,1024.0,33.45115925469566,24.644245573122006,75.00035293935551,96.24696617725895,59.09004539738141,14.2578125,38.96484375,63.4765625,0.1953125,0.364411827636407
NVIDIA L4,coverage,16,2,direct_clamped,segmented,11,11,0.0,99.31640625,0.68359375,1024.0,29.181056788225415,25.125559285386032,52.58726161062747,75.40689162775148,36.69079861073909,18.9453125,38.37890625,68.9453125,0.68359375,0.3583012738228544
NVIDIA L4,coverage,16,2,direct_clamped,selective,11,11,0.0,0.0,100.0,1024.0,33.45115925469566,24.644245573122006,75.00035293935551,96.24696617725895,59.09004539738141,14.2578125,38.96484375,63.4765625,0.1953125,0.364411827636407
NVIDIA L4,coverage,16,2,gray_residual,global,11,11,0.0,0.0,100.0,1024.0,17.622912524783068,17.283956198052728,31.729695609156735,36.22685177362605,18.793030826679658,26.953125,59.47265625,66.30859375,0.29296875,0.23027864813948035
NVIDIA L4,coverage,16,2,gray_residual,segmented,11,11,0.0,99.31640625,0.68359375,1024.0,17.33489853631913,17.029568157656108,31.323068015360697,36.906911067895535,19.144003201703498,30.17578125,58.88671875,65.91796875,0.1953125,0.22373459568764337
NVIDIA L4,coverage,16,2,gray_residual,selective,11,11,0.0,0.0,100.0,1024.0,17.622912524783068,17.283956198052728,31.729695609156735,36.22685177362605,18.793030826679658,26.953125,59.47265625,66.30859375,0.29296875,0.23027864813948035
NVIDIA L4,coverage,16,3,direct_clamped,global,11,11,0.0,0.0,100.0,1024.0,33.719975301864395,22.162500533144204,82.57516871409481,103.42508830873088,64.67060344824905,18.45703125,45.80078125,59.66796875,0.09765625,0.3645429437825603
NVIDIA L4,coverage,16,3,direct_clamped,segmented,11,11,0.0,99.31640625,0.68359375,1024.0,28.550434977049385,19.090035978411592,70.59750189207313,101.68618187735133,43.2205334408989,28.80859375,52.05078125,56.25,0.29296875,0.34572186228209634
NVIDIA L4,coverage,16,3,direct_clamped,selective,11,11,0.0,0.0,100.0,1024.0,33.719975301864395,22.162500533144204,82.57516871409481,103.42508830873088,64.67060344824905,18.45703125,45.80078125,59.66796875,0.09765625,0.3645429437825603
NVIDIA L4,coverage,16,3,gray_residual,global,11,11,0.0,0.0,100.0,1024.0,17.851589918669212,14.773594031694596,38.87038401350457,45.186487201238194,24.694356085713007,35.15625,64.16015625,47.0703125,0.09765625,0.20903341166933415
NVIDIA L4,coverage,16,3,gray_residual,segmented,11,11,0.0,99.31640625,0.68359375,1024.0,18.107863220427795,14.658941268260927,37.290048081471014,49.11478575881206,23.18053692990192,32.32421875,67.08984375,47.55859375,0.0,0.21039340767606357
NVIDIA L4,coverage,16,3,gray_residual,selective,11,11,0.0,0.0,100.0,1024.0,17.851589918669212,14.773594031694596,38.87038401350457,45.186487201238194,24.694356085713007,35.15625,64.16015625,47.0703125,0.09765625,0.20903341166933415
NVIDIA L4,coverage,16,4,direct_clamped,global,11,11,0.0,0.0,100.0,1024.0,33.32891856842734,24.95649154135087,73.12783900287869,93.47396345223352,57.85059177225338,13.76953125,37.6953125,63.76953125,0.29296875,0.3640954768569924
NVIDIA L4,coverage,16,4,direct_clamped,segmented,11,11,0.0,99.31640625,0.68359375,1024.0,32.73779461912156,32.236698402411356,53.13261206403568,67.5712505994364,39.37068094443867,12.6953125,27.5390625,64.453125,5.6640625,0.41583809466166133
NVIDIA L4,coverage,16,4,direct_clamped,selective,11,11,0.0,0.0,100.0,1024.0,33.32891856842734,24.95649154135087,73.12783900287869,93.47396345223352,57.85059177225338,13.76953125,37.6953125,63.76953125,0.29296875,0.3640954768569924
NVIDIA L4,coverage,16,4,gray_residual,global,11,11,0.0,0.0,100.0,1024.0,19.615328618010892,14.327622388335095,45.53868862255883,52.77583280830989,27.756447030842924,37.6953125,59.765625,37.98828125,0.0,0.22369895993165614
NVIDIA L4,coverage,16,4,gray_residual,segmented,11,11,0.0,99.31640625,0.68359375,1024.0,17.875231591098018,15.397146898517189,34.92747945190691,44.33705897722601,22.892386637392136,33.203125,63.96484375,51.3671875,0.0,0.21192172308629106
NVIDIA L4,coverage,16,4,gray_residual,selective,11,11,0.0,0.0,100.0,1024.0,19.615328618010892,14.327622388335095,45.53868862255883,52.77583280830989,27.756447030842924,37.6953125,59.765625,37.98828125,0.0,0.22369895993165614
NVIDIA L4,coverage,16,5,direct_clamped,global,11,11,0.0,0.0,100.0,1024.0,35.53010366057163,19.52178131271647,95.39944928266449,120.04572706699336,75.67822271366835,28.3203125,51.46484375,52.9296875,0.0,0.38033976404301617
NVIDIA L4,coverage,16,5,direct_clamped,segmented,11,11,0.0,99.31640625,0.68359375,1024.0,33.118421191842216,22.971271023790223,75.7477647201455,104.72183554268243,60.15998828591873,17.67578125,42.28515625,54.8828125,0.09765625,0.35805015787577427
NVIDIA L4,coverage,16,5,direct_clamped,selective,11,11,0.0,0.0,100.0,1024.0,35.53010366057163,19.52178131271647,95.39944928266449,120.04572706699336,75.67822271366835,28.3203125,51.46484375,52.9296875,0.0,0.38033976404301617
NVIDIA L4,coverage,16,5,gray_residual,global,11,11,0.0,0.0,100.0,1024.0,18.645651125358537,14.08645912733856,42.24555299244192,49.29172866172474,26.274362819322572,37.20703125,61.23046875,42.1875,0.09765625,0.2157615068681329
NVIDIA L4,coverage,16,5,gray_residual,segmented,11,11,0.0,99.31640625,0.68359375,1024.0,20.22756691818699,15.166839404529316,48.127064817860386,57.59631166505103,26.480433898320854,31.73828125,63.18359375,39.74609375,0.0,0.22987706214052597
NVIDIA L4,coverage,16,5,gray_residual,selective,11,11,0.0,0.0,100.0,1024.0,18.645651125358537,14.08645912733856,42.24555299244192,49.29172866172474,26.274362819322572,37.20703125,61.23046875,42.1875,0.09765625,0.2157615068681329
NVIDIA L4,coverage,16,6,direct_clamped,global,11,11,0.0,0.0,100.0,1024.0,34.75846722933477,20.71301961351928,90.11226148178794,113.08946686119413,70.52377387048942,24.609375,48.2421875,55.76171875,0.0,0.37326906120926295
NVIDIA L4,coverage,16,6,direct_clamped,segmented,11,11,0.0,100.0,0.0,1024.0,32.413320195313794,23.90576373762036,73.77576523075005,99.31585517179427,57.164372433362765,17.7734375,40.234375,60.15625,0.09765625,0.35486551507658
NVIDIA L4,coverage,16,6,direct_clamped,selective,11,11,0.0,0.0,100.0,1024.0,34.75846722933477,20.71301961351928,90.11226148178794,113.08946686119413,70.52377387048942,24.609375,48.2421875,55.76171875,0.0,0.37326906120926295
NVIDIA L4,coverage,16,6,gray_residual,global,11,11,0.0,0.0,100.0,1024.0,17.88635210922385,14.927433637318513,38.45205678322396,44.65904167234821,24.42856222193443,34.47265625,63.96484375,48.046875,0.09765625,0.2097166864769865
NVIDIA L4,coverage,16,6,gray_residual,segmented,11,11,0.0,100.0,0.0,1024.0,17.822838944233908,14.846020088267945,39.03129071870539,45.5401086336745,24.09619680430546,33.7890625,65.4296875,47.8515625,0.09765625,0.20786118026662204
NVIDIA L4,coverage,16,6,gray_residual,selective,11,11,0.0,0.0,100.0,1024.0,17.88635210922385,14.927433637318513,38.45205678322396,44.65904167234821,24.42856222193443,34.47265625,63.96484375,48.046875,0.09765625,0.2097166864769865
NVIDIA L4,coverage,16,7,direct_clamped,global,11,11,0.0,0.0,100.0,1024.0,40.30425625829264,17.930422324700622,115.67690195499344,142.04479368913962,92.1264926004488,33.7890625,54.1015625,34.66796875,0.0,0.41834406589694306
NVIDIA L4,coverage,16,7,direct_clamped,segmented,11,11,0.0,99.31640625,0.68359375,1024.0,38.597069469267765,19.92913370094044,114.59698089426645,142.68747366483652,74.84090129086758,25.390625,50.09765625,31.0546875,0.0,0.39984589469609894
NVIDIA L4,coverage,16,7,direct_clamped,selective,11,11,0.0,0.0,100.0,1024.0,40.30425625829264,17.930422324700622,115.67690195499344,142.04479368913962,92.1264926004488,33.7890625,54.1015625,34.66796875,0.0,0.41834406589694306
NVIDIA L4,coverage,16,7,gray_residual,global,11,11,0.0,0.0,100.0,1024.0,21.182344292047556,15.464753555594726,49.563532564411865,57.384725446020596,30.203259471398898,38.37890625,58.203125,31.640625,0.0,0.23684005379162568
NVIDIA L4,coverage,16,7,gray_residual,segmented,11,11,0.0,99.31640625,0.68359375,1024.0,22.283940348408706,16.157444082583964,52.69841408441307,60.36885154685822,31.16769576613101,36.5234375,56.34765625,28.80859375,0.0,0.2463302121977008
NVIDIA L4,coverage,16,7,gray_residual,selective,11,11,0.0,0.0,100.0,1024.0,21.182344292047556,15.464753555594726,49.563532564411865,57.384725446020596,30.203259471398898,38.37890625,58.203125,31.640625,0.0,0.23684005379162568
NVIDIA L4,coverage,16,8,direct_clamped,global,11,11,0.0,0.0,100.0,1024.0,33.512753694704315,24.91541032481289,74.0580317149065,95.36422131230076,58.49160460730776,13.96484375,37.98828125,63.76953125,0.29296875,0.36548179762649946
NVIDIA L4,coverage,16,8,direct_clamped,segmented,11,11,0.0,100.0,0.0,1024.0,31.037804323330768,28.121434849162647,53.93376209356982,76.16530052311664,43.148827955476335,14.2578125,30.46875,64.6484375,0.48828125,0.3635522784940066
NVIDIA L4,coverage,16,8,direct_clamped,selective,11,11,0.0,0.0,100.0,1024.0,33.512753694704315,24.91541032481289,74.0580317149065,95.36422131230076,58.49160460730776,13.96484375,37.98828125,63.76953125,0.29296875,0.36548179762649946
NVIDIA L4,coverage,16,8,gray_residual,global,11,11,0.0,0.0,100.0,1024.0,17.599056926163108,14.953014247270378,37.589822094227216,43.13277092284419,24.21740479073019,33.49609375,65.13671875,50.68359375,0.09765625,0.20773843474274403
NVIDIA L4,coverage,16,8,gray_residual,segmented,11,11,0.0,100.0,0.0,1024.0,17.349502612049665,14.373969354248452,36.42192743477863,42.7194598276129,23.173709368265712,32.2265625,67.48046875,51.26953125,0.09765625,0.20425334889778052
NVIDIA L4,coverage,16,8,gray_residual,selective,11,11,0.0,0.0,100.0,1024.0,17.599056926163108,14.953014247270378,37.589822094227216,43.13277092284419,24.21740479073019,33.49609375,65.13671875,50.68359375,0.09765625,0.20773843474274403
NVIDIA L4,coverage,16,9,direct_clamped,global,11,11,0.0,0.0,100.0,1024.0,36.31720855992716,18.28847087585232,100.77761831913728,124.37316732208136,78.9291728671059,30.6640625,52.05078125,48.2421875,0.0,0.3876007388239051
NVIDIA L4,coverage,16,9,direct_clamped,segmented,11,11,0.0,99.31640625,0.68359375,1024.0,30.836156969081227,23.628857730680625,70.1448307433382,96.08664758721633,51.81774274849046,18.75,42.1875,59.86328125,0.0,0.3435539751732305
NVIDIA L4,coverage,16,9,direct_clamped,selective,11,11,0.0,0.0,100.0,1024.0,36.31720855992716,18.28847087585232,100.77761831913728,124.37316732208136,78.9291728671059,30.6640625,52.05078125,48.2421875,0.0,0.3876007388239051
NVIDIA L4,coverage,16,9,gray_residual,global,11,11,0.0,0.0,100.0,1024.0,23.83935466232606,17.433402319962624,55.59464153957504,63.621606094657,33.28187956851447,33.59375,54.19921875,23.73046875,0.0,0.2584694242190981
NVIDIA L4,coverage,16,9,gray_residual,segmented,11,11,0.0,99.31640625,0.68359375,1024.0,21.134968886286373,15.555142540846376,50.08741025726913,59.32509706914926,28.871843527666343,35.83984375,58.0078125,31.93359375,0.0,0.23636963626164473
NVIDIA L4,coverage,16,9,gray_residual,selective,11,11,0.0,0.0,100.0,1024.0,23.83935466232606,17.433402319962624,55.59464153957504,63.621606094657,33.28187956851447,33.59375,54.19921875,23.73046875,0.0,0.2584694242190981
NVIDIA L4,coverage,32,0,direct_clamped,global,11,11,0.0,0.0,100.0,1008.0,35.02725576808109,20.32343844935508,92.35995357085642,115.77364274452742,72.29972752833523,26.488095238095237,49.404761904761905,55.05952380952381,0.0,0.37552400984641493
NVIDIA L4,coverage,32,0,direct_clamped,segmented,11,11,100.0,0.0,0.0,1008.0,27.418609576875344,17.79359161079288,70.35312481514588,89.23183941708203,51.88777244251288,29.365079365079367,54.662698412698404,50.297619047619044,0.0,0.3064108020888211
NVIDIA L4,coverage,32,0,direct_clamped,selective,11,11,0.0,36.21031746031746,63.78968253968254,1008.0,32.33418642477942,21.052787750599364,84.53099628189534,105.35391202392216,61.08842999624312,24.503968253968253,47.61904761904761,57.53968253968254,0.0,0.35340251586143545
NVIDIA L4,coverage,32,0,gray_residual,global,11,11,0.0,0.0,100.0,1008.0,17.483137652582244,14.850015933407752,37.115260217943245,42.74639701232087,23.71484822803601,33.13492063492063,65.57539682539682,51.091269841269835,0.0992063492063492,0.20641407668824086
NVIDIA L4,coverage,32,0,gray_residual,segmented,11,11,100.0,0.0,0.0,1008.0,14.55967823233831,13.972152073155542,25.490710466744616,30.021108624140247,18.85672067242843,33.33333333333333,72.71825396825396,51.28968253968254,0.0,0.17356664160504887
NVIDIA L4,coverage,32,0,gray_residual,selective,11,11,0.0,36.21031746031746,63.78968253968254,1008.0,17.246683096827052,14.780487415217205,35.45079152926906,42.68269799434262,22.380180851782196,31.349206349206348,66.36904761904762,53.769841269841265,0.0992063492063492,0.20568049406497874
NVIDIA L4,coverage,32,1,direct_clamped,global,11,11,0.0,0.0,100.0,1008.0,34.465552928959156,21.071995291925113,88.1645383216884,111.79906568910549,70.41959677820175,22.916666666666664,48.61111111111111,57.24206349206349,0.0992063492063492,0.3706365596344607
NVIDIA L4,coverage,32,1,direct_clamped,segmented,11,11,100.0,0.0,0.0,1008.0,25.89235738321476,20.351408988816473,55.4259461059015,84.0450552885551,44.32943076342883,25.694444444444443,49.2063492063492,58.63095238095239,0.0,0.30287582658821843
NVIDIA L4,coverage,32,1,direct_clamped,selective,11,11,0.0,0.0,100.0,1008.0,34.465552928959156,21.071995291925113,88.1645383216884,111.79906568910549,70.41959677820175,22.916666666666664,48.61111111111111,57.24206349206349,0.0992063492063492,0.3706365596344607
NVIDIA L4,coverage,32,1,gray_residual,global,11,11,0.0,0.0,100.0,1008.0,17.701386696121194,14.737738365591932,38.4051927919214,44.57537703575347,24.81212471079344,35.019841269841265,64.38492063492063,48.01587301587302,0.0992063492063492,0.20777841950278444
NVIDIA L4,coverage,32,1,gray_residual,segmented,11,11,100.0,0.0,0.0,1008.0,14.483331991719309,13.237248363483587,27.272529362330648,31.24776178315647,18.606584752542147,36.11111111111111,75.0,45.83333333333333,0.0,0.1691065484857815
NVIDIA L4,coverage,32,1,gray_residual,selective,11,11,0.0,44.24603174603175,55.75396825396825,1008.0,18.31821780602956,14.950070592111995,41.06562825568795,47.62761284869314,25.785563340216843,35.81349206349206,63.49206349206349,44.642857142857146,0.0992063492063492,0.21314797937192226
NVIDIA L4,coverage,32,2,direct_clamped,global,11,11,0.0,0.0,100.0,1008.0,33.31807057673887,24.81694411751814,73.7068500837604,94.08900772705412,57.9485448652166,13.690476190476192,37.797619047619044,63.988095238095234,0.2976190476190476,0.36355059672049506
NVIDIA L4,coverage,32,2,direct_clamped,segmented,11,11,100.0,0.0,0.0,1008.0,23.431849909335696,18.57107889583122,43.07892832293168,62.069932123726495,30.374563192368182,25.0,51.98412698412699,62.698412698412696,0.3968253968253968,0.2922249565330315
NVIDIA L4,coverage,32,2,direct_clamped,selective,11,11,0.0,36.21031746031746,63.78968253968254,1008.0,30.218779470391397,24.809976008819795,61.44722753586931,82.13901042142484,42.5671974002595,13.392857142857142,37.698412698412696,68.15476190476191,0.3968253968253968,0.35163518370868535
NVIDIA L4,coverage,32,2,gray_residual,global,11,11,0.0,0.0,100.0,1008.0,17.04249482650476,15.884376635397087,31.52735959491449,36.328637912608215,20.0347351847247,28.273809523809522,64.48412698412699,62.202380952380956,0.2976190476190476,0.21341530752137655
NVIDIA L4,coverage,32,2,gray_residual,segmented,11,11,100.0,0.0,0.0,1008.0,13.600065484546455,12.599786617252441,25.512898119815848,28.510827242591873,15.525805500675965,37.59920634920635,78.27380952380952,51.488095238095234,0.0,0.16786019392572937
NVIDIA L4,coverage,32,2,gray_residual,selective,11,11,0.0,55.25793650793651,44.742063492063494,1008.0,17.006467775594835,15.592872135284416,30.890579585107382,39.67969917086028,19.726141538908802,31.25,65.07936507936508,59.226190476190474,0.0,0.21102428374199497
NVIDIA L4,coverage,32,3,direct_clamped,global,11,11,0.0,0.0,100.0,1008.0,35.38930902985099,18.87634812559576,97.55186948663786,119.90048978314104,76.22289807329055,30.257936507936506,52.480158730158735,50.69444444444444,0.0,0.37978639105905654
NVIDIA L4,coverage,32,3,direct_clamped,segmented,11,11,100.0,0.0,0.0,1008.0,23.846634246537683,18.888998686220628,48.26079365653742,73.41352927185123,35.75685238822053,31.547619047619047,52.57936507936508,47.12301587301587,0.0,0.2801969335253517
NVIDIA L4,coverage,32,3,direct_clamped,selective,11,11,0.0,55.35714285714286,44.642857142857146,1008.0,30.618676994854784,20.462293330638413,81.8233989290591,110.83474483180272,54.33873701871433,24.900793650793652,49.007936507936506,51.686507936507944,0.0,0.34190857324453977
NVIDIA L4,coverage,32,3,gray_residual,global,11,11,0.0,0.0,100.0,1008.0,18.612516257875487,14.127942659975087,42.08661178098319,49.18863556444425,26.108676799320644,37.301587301587304,61.30952380952381,42.06349206349206,0.0992063492063492,0.2150831857947201
NVIDIA L4,coverage,32,3,gray_residual,segmented,11,11,100.0,0.0,0.0,1008.0,15.308756654484805,12.876203045928623,31.514442423210898,35.917612549883074,16.131748297333896,39.38492063492063,68.05555555555556,39.08730158730159,0.0,0.17752471712983264
NVIDIA L4,coverage,32,3,gray_residual,selective,11,11,0.0,36.21031746031746,63.78968253968254,1008.0,18.024535084103853,14.373739868514232,39.987992730063326,48.538094208974954,24.270683699945923,34.92063492063492,66.46825396825396,46.13095238095239,0.0992063492063492,0.2095507119341414
NVIDIA L4,coverage,32,4,direct_clamped,global,11,11,0.0,0.0,100.0,1008.0,33.560393594135874,23.123937371916753,79.04567198594317,100.00793854760249,62.085685787192745,16.865079365079367,43.154761904761905,61.904761904761905,0.0992063492063492,0.36339998197825407
NVIDIA L4,coverage,32,4,direct_clamped,segmented,11,11,100.0,0.0,0.0,1008.0,26.003579934157603,21.174571816231133,54.77018244414626,74.54169946929265,39.665453771847304,21.726190476190478,47.32142857142857,60.11904761904761,0.0,0.2954925955079337
NVIDIA L4,coverage,32,4,direct_clamped,selective,11,11,0.0,36.21031746031746,63.78968253968254,1008.0,30.856206693684054,24.158746883722653,69.07047471627429,90.38254135397128,49.98580820444938,15.674603174603174,40.27777777777778,65.07936507936508,0.0992063492063492,0.3461250237052758
NVIDIA L4,coverage,32,4,gray_residual,global,11,11,0.0,0.0,100.0,1008.0,21.001477585398366,15.444612982908808,49.31527664769011,56.88198892240835,29.642394212883605,38.88888888888889,58.333333333333336,31.845238095238095,0.0,0.2354133963096393
NVIDIA L4,coverage,32,4,gray_residual,segmented,11,11,100.0,0.0,0.0,1008.0,17.22225327294939,14.28811064089425,35.59274885321195,41.51808929829458,18.73004626129498,38.88888888888889,62.698412698412696,32.73809523809524,0.0,0.19510424158025869
NVIDIA L4,coverage,32,4,gray_residual,selective,11,11,0.0,36.21031746031746,63.78968253968254,1008.0,19.76487303827226,15.116555972480793,46.63213164578506,56.089460527859174,26.998716438339855,37.301587301587304,62.301587301587304,38.19444444444444,0.0,0.22435863105206993
NVIDIA L4,coverage,32,5,direct_clamped,global,11,11,0.0,0.0,100.0,1008.0,35.550113687318984,19.486235497449336,95.35679710816505,119.83123262407302,75.67039895886114,28.57142857142857,51.388888888888886,52.976190476190474,0.0,0.3805519472636642
NVIDIA L4,coverage,32,5,direct_clamped,segmented,11,11,100.0,0.0,0.0,1008.0,28.99995245854996,17.47093310720647,78.30431763520883,96.94883162472222,57.31249751159715,34.523809523809526,54.761904761904766,44.345238095238095,0.0,0.3201959362968053
NVIDIA L4,coverage,32,5,direct_clamped,selective,11,11,0.0,18.948412698412696,81.0515873015873,1008.0,35.62012921123264,19.195060404831985,95.69336081812372,124.14085209380242,75.82178275606492,29.166666666666668,52.480158730158735,49.50396825396825,0.0,0.38003849199038947
NVIDIA L4,coverage,32,5,gray_residual,global,11,11,0.0,0.0,100.0,1008.0,23.08597133374523,16.746426161439956,54.298264928399426,62.39241052378859,32.49477629567449,35.61507936507937,55.35714285714286,24.503968253968253,0.0,0.25241848114012283
NVIDIA L4,coverage,32,5,gray_residual,segmented,11,11,100.0,0.0,0.0,1008.0,16.399305852550473,13.75269577083844,33.32243506777146,36.83971847655186,20.279554593785782,38.78968253968254,62.59920634920635,34.226190476190474,0.0,0.184839657389508
NVIDIA L4,coverage,32,5,gray_residual,selective,11,11,0.0,0.0,100.0,1008.0,23.08597133374523,16.746426161439956,54.298264928399426,62.39241052378859,32.49477629567449,35.61507936507937,55.35714285714286,24.503968253968253,0.0,0.25241848114012283
NVIDIA L4,coverage,32,6,direct_clamped,global,11,11,0.0,0.0,100.0,1008.0,35.20410149237081,19.463118626231726,95.50627542851026,116.4835375484412,73.73141429580043,28.373015873015873,51.78571428571429,52.976190476190474,0.0,0.3773891856349611
NVIDIA L4,coverage,32,6,direct_clamped,segmented,11,11,100.0,0.0,0.0,1008.0,24.527776163651456,19.47849578465916,53.22775049114834,72.2564054563202,39.14657794959811,29.464285714285715,50.49603174603175,51.78571428571429,0.0,0.28347223847230624
NVIDIA L4,coverage,32,6,direct_clamped,selective,11,11,0.0,0.0,100.0,1008.0,35.20410149237081,19.463118626231726,95.50627542851026,116.4835375484412,73.73141429580043,28.373015873015873,51.78571428571429,52.976190476190474,0.0,0.3773891856349611
NVIDIA L4,coverage,32,6,gray_residual,global,11,11,0.0,0.0,100.0,1008.0,17.68327811969802,14.723177774240643,38.390658044549575,44.65132520325373,24.328287866124114,34.92063492063492,64.48412698412699,48.01587301587302,0.0992063492063492,0.2071468963430185
NVIDIA L4,coverage,32,6,gray_residual,segmented,11,11,100.0,0.0,0.0,1008.0,13.972809884192078,13.267184789653111,25.681740100090025,29.19557299151789,15.647440539717294,35.91269841269841,77.08333333333334,50.49603174603175,0.0,0.1670292286003919
NVIDIA L4,coverage,32,6,gray_residual,selective,11,11,0.0,0.0,100.0,1008.0,17.68327811969802,14.723177774240643,38.390658044549575,44.65132520325373,24.328287866124114,34.92063492063492,64.48412698412699,48.01587301587302,0.0992063492063492,0.2071468963430185
NVIDIA L4,coverage,32,7,direct_clamped,global,11,11,0.0,0.0,100.0,1008.0,39.883886702868864,17.460944218347237,115.49103694426519,140.22207603378612,91.57851117208612,33.92857142857143,54.563492063492056,34.42460317460318,0.0,0.4151366699803396
NVIDIA L4,coverage,32,7,direct_clamped,segmented,11,11,100.0,0.0,0.0,1008.0,27.85824911202712,20.88577059531815,61.380245994679385,88.30521582073274,44.908870701309326,25.892857142857146,48.01587301587302,33.82936507936508,0.0,0.30526979837569457
NVIDIA L4,coverage,32,7,direct_clamped,selective,11,11,0.0,80.45634920634922,19.543650793650794,1008.0,35.57471355969001,19.38138466847797,105.595164954356,134.20056455963902,69.06784914943455,27.876984126984127,52.38095238095239,34.32539682539682,0.0,0.37904405773474215
NVIDIA L4,coverage,32,7,gray_residual,global,11,11,0.0,0.0,100.0,1008.0,22.238806789075756,16.215839347846924,51.85862782220037,60.22906099372462,31.565838293585553,36.40873015873016,56.15079365079365,27.281746031746028,0.0,0.24515044755691928
NVIDIA L4,coverage,32,7,gray_residual,segmented,11,11,100.0,0.0,0.0,1008.0,19.46882611000002,16.856599046215845,39.340795247361456,45.564505381837215,19.435617007480523,34.02777777777778,56.94444444444444,21.924603174603174,0.0,0.2111528573466051
NVIDIA L4,coverage,32,7,gray_residual,selective,11,11,0.0,0.0,100.0,1008.0,22.238806789075756,16.215839347846924,51.85862782220037,60.22906099372462,31.565838293585553,36.40873015873016,56.15079365079365,27.281746031746028,0.0,0.24515044755691928
NVIDIA L4,coverage,32,8,direct_clamped,global,11,11,0.0,0.0,100.0,1008.0,34.2504218563064,21.823120251873874,84.47518244906382,107.58459932682386,66.30707264800108,19.444444444444446,46.42857142857143,59.12698412698413,0.0992063492063492,0.3687656178313734
NVIDIA L4,coverage,32,8,direct_clamped,segmented,11,11,100.0,0.0,0.0,1008.0,31.30576344829857,19.027319878128047,80.68372029394918,92.90741923934321,57.67149036656232,27.083333333333332,52.28174603174603,53.769841269841265,0.0,0.3400014685994515
NVIDIA L4,coverage,32,8,direct_clamped,selective,11,11,0.0,0.0,100.0,1008.0,34.2504218563064,21.823120251873874,84.47518244906382,107.58459932682386,66.30707264800108,19.444444444444446,46.42857142857143,59.12698412698413,0.0992063492063492,0.3687656178313734
NVIDIA L4,coverage,32,8,gray_residual,global,11,11,0.0,0.0,100.0,1008.0,19.745659622295722,14.322568646274474,46.07037235409999,53.56271162279715,28.17037169219661,38.392857142857146,59.82142857142857,36.21031746031746,0.0,0.2246525286205394
NVIDIA L4,coverage,32,8,gray_residual,segmented,11,11,100.0,0.0,0.0,1008.0,15.70607255314739,13.51779715795945,31.231069380245927,35.16934854885295,18.748391696685815,38.492063492063494,65.67460317460318,41.567460317460316,0.0,0.18338758585450743
NVIDIA L4,coverage,32,8,gray_residual,selective,11,11,0.0,0.0,100.0,1008.0,19.745659622295722,14.322568646274474,46.07037235409999,53.56271162279715,28.17037169219661,38.392857142857146,59.82142857142857,36.21031746031746,0.0,0.2246525286205394
NVIDIA L4,coverage,32,9,direct_clamped,global,11,11,0.0,0.0,100.0,1008.0,34.85080598377138,20.030583759606973,92.53546866986493,114.25537066114887,72.23184025475487,27.083333333333332,50.0,54.861111111111114,0.0,0.3744441738726044
NVIDIA L4,coverage,32,9,direct_clamped,segmented,11,11,100.0,0.0,0.0,1008.0,26.679196809542443,16.612387507148764,68.2233780955605,86.13988319034542,46.40798543517561,30.654761904761905,56.34920634920635,41.964285714285715,0.0,0.298228524524021
NVIDIA L4,coverage,32,9,direct_clamped,selective,11,11,0.0,36.21031746031746,63.78968253968254,1008.0,31.55967112366444,21.341420865458026,81.82537351526652,104.77391204789718,58.39592062021419,24.801587301587304,46.92460317460318,57.738095238095234,0.0,0.34806932081040526
NVIDIA L4,coverage,32,9,gray_residual,global,11,11,0.0,0.0,100.0,1008.0,21.994293939817187,16.24069461480051,51.28535353217192,59.505510830872964,30.910916428352174,36.30952380952381,56.74603174603175,28.47222222222222,0.0,0.24353729261688187
NVIDIA L4,coverage,32,9,gray_residual,segmented,11,11,100.0,0.0,0.0,1008.0,18.566817438088545,16.273961919227553,37.9812544981975,43.812310955739555,20.221032056297155,35.21825396825397,58.03571428571429,21.924603174603174,0.0,0.20314772497258185
NVIDIA L4,coverage,32,9,gray_residual,selective,11,11,0.0,0.0,100.0,1008.0,21.994293939817187,16.24069461480051,51.28535353217192,59.505510830872964,30.910916428352174,36.30952380952381,56.74603174603175,28.47222222222222,0.0,0.24353729261688187
NVIDIA L4,coverage,64,0,direct_clamped,global,11,11,0.0,0.0,100.0,976.0,33.53744087847742,22.14357729229256,82.30780074788404,104.48215204367534,63.74429917969751,18.647540983606557,46.00409836065574,60.143442622950815,0.10245901639344263,0.36267668299601685
NVIDIA L4,coverage,64,0,direct_clamped,segmented,11,11,100.0,0.0,0.0,976.0,22.075438899826437,18.508222609809053,41.84721673465428,58.71762587537319,31.42643699446102,30.225409836065577,54.61065573770492,54.20081967213115,0.0,0.26616177382804773
NVIDIA L4,coverage,64,0,direct_clamped,selective,11,11,0.0,36.57786885245902,63.42213114754098,976.0,29.464084088983196,22.86135198609884,66.7822788909161,88.98007600709953,44.79052484520361,18.237704918032787,44.15983606557377,64.95901639344262,0.10245901639344263,0.3404441983202154
NVIDIA L4,coverage,64,0,gray_residual,global,11,11,0.0,0.0,100.0,976.0,16.949419490823747,14.972828092856684,34.82728443575506,39.206392815359706,22.356007935407803,31.967213114754102,67.21311475409836,54.91803278688525,0.10245901639344263,0.20286637183944886
NVIDIA L4,coverage,64,0,gray_residual,segmented,11,11,100.0,0.0,0.0,976.0,13.290551270445047,12.270584962665176,24.076991853302566,28.357849291810176,14.374072936905616,38.114754098360656,80.5327868852459,55.635245901639344,0.10245901639344263,0.16850048450152838
NVIDIA L4,coverage,64,0,gray_residual,selective,11,11,0.0,36.57786885245902,63.42213114754098,976.0,16.910187753224204,15.359147145269063,32.70237175420831,39.00831874630479,21.041321836135335,31.967213114754102,65.1639344262295,58.19672131147541,0.10245901639344263,0.20767697678269864
NVIDIA L4,coverage,64,1,direct_clamped,global,11,11,0.0,0.0,100.0,976.0,35.489639424398426,19.146202047620122,96.55897270588399,120.66238553327179,76.31980744532034,29.40573770491803,51.84426229508197,51.94672131147541,0.0,0.3803051153956301
NVIDIA L4,coverage,64,1,direct_clamped,segmented,11,11,100.0,0.0,0.0,976.0,26.527397704286063,16.64474077357169,68.55619601267082,91.83628555374789,45.38302148735518,34.83606557377049,57.17213114754098,43.545081967213115,0.0,0.29930830682159654
NVIDIA L4,coverage,64,1,direct_clamped,selective,11,11,7.684426229508197,36.68032786885246,55.635245901639344,976.0,27.589084332603814,21.19938796043227,63.20281033869171,86.63795177741994,48.01979019884075,24.487704918032787,47.84836065573771,59.01639344262295,0.0,0.3141755085707663
NVIDIA L4,coverage,64,1,gray_residual,global,11,11,0.0,0.0,100.0,976.0,17.022622906831554,14.69235177737916,35.23677445009628,40.37461548691706,23.15251293636335,32.47950819672131,66.29098360655738,53.68852459016394,0.0,0.2024410885762289
NVIDIA L4,coverage,64,1,gray_residual,segmented,11,11,100.0,0.0,0.0,976.0,13.091473163986084,11.93059344816329,24.799611548303783,28.453772390405028,14.31305082900512,40.88114754098361,80.32786885245902,47.33606557377049,0.0,0.15662321092954487
NVIDIA L4,coverage,64,1,gray_residual,selective,11,11,11.885245901639344,36.7827868852459,51.33196721311475,976.0,15.463266489754863,14.606683714463145,27.582935250142047,32.35504366520951,19.542992959047904,32.47950819672131,68.54508196721312,57.17213114754098,0.0,0.19177975389823806
NVIDIA L4,coverage,64,2,direct_clamped,global,11,11,0.0,0.0,100.0,976.0,34.016348755199445,21.31608263945794,86.45579498689372,108.1550853541187,67.1635340851673,21.41393442622951,47.540983606557376,58.709016393442624,0.10245901639344263,0.3665447522282087
NVIDIA L4,coverage,64,2,direct_clamped,segmented,11,11,100.0,0.0,0.0,976.0,22.136744058497452,16.886007970869322,44.60764750630533,56.8841348329172,27.69079894749008,35.040983606557376,56.045081967213115,58.91393442622951,0.7172131147540983,0.2985215205174278
NVIDIA L4,coverage,64,2,direct_clamped,selective,11,11,7.684426229508197,55.22540983606557,37.09016393442623,976.0,26.449740474279842,21.892520012274176,52.35737048802069,76.05613288242174,37.958881566786054,22.23360655737705,46.61885245901639,63.2172131147541,0.10245901639344263,0.3171121155855685
NVIDIA L4,coverage,64,2,gray_residual,global,11,11,0.0,0.0,100.0,976.0,17.46016503394773,14.44134661008854,38.235261132810365,44.524309938849676,24.48471609870509,35.55327868852459,65.67622950819673,48.15573770491803,0.10245901639344263,0.2052764722497237
NVIDIA L4,coverage,64,2,gray_residual,segmented,11,11,100.0,0.0,0.0,976.0,14.057448520240023,12.511272480076933,26.305024256735162,32.326009483195136,15.25125914391399,38.31967213114754,75.61475409836066,42.93032786885246,0.0,0.16414244136699344
NVIDIA L4,coverage,64,2,gray_residual,selective,11,11,11.885245901639344,51.127049180327866,36.98770491803279,976.0,15.418624842004911,13.98971100934137,28.867276020289978,32.902658900540295,20.613689779739097,33.299180327868854,70.08196721311475,50.409836065573764,0.0,0.18222863033885522
NVIDIA L4,coverage,64,3,direct_clamped,global,11,11,0.0,0.0,100.0,976.0,33.15937211970031,21.626530339998737,80.82579848698526,101.45283297730029,62.84498505936804,18.852459016393443,46.82377049180328,60.040983606557376,0.10245901639344263,0.35956684515660026
NVIDIA L4,coverage,64,3,direct_clamped,segmented,11,11,100.0,0.0,0.0,976.0,21.02295405359388,16.001820379167896,42.70893401481766,50.917851401619174,24.53113108854011,36.885245901639344,59.221311475409834,52.76639344262295,0.4098360655737705,0.28551963763101246
NVIDIA L4,coverage,64,3,direct_clamped,selective,11,11,41.18852459016394,32.27459016393443,26.536885245901637,976.0,27.39119773436355,19.366303028832103,62.57639766205024,90.9661918847883,41.319809186551495,26.639344262295083,51.94672131147541,61.7827868852459,0.4098360655737705,0.33554960674985645
NVIDIA L4,coverage,64,3,gray_residual,global,11,11,0.0,0.0,100.0,976.0,18.29610558003207,13.98393148115468,40.85840079543427,48.587086213028776,25.400603824189872,37.704918032786885,61.885245901639344,41.80327868852459,0.10245901639344263,0.2115048238436653
NVIDIA L4,coverage,64,3,gray_residual,segmented,11,11,100.0,0.0,0.0,976.0,13.971104950894157,12.365485859282057,28.282731069490353,34.39361823499068,13.653215624509189,42.93032786885246,73.87295081967213,37.90983606557377,0.0,0.1622465038915134
NVIDIA L4,coverage,64,3,gray_residual,selective,11,11,4.30327868852459,32.27459016393443,63.42213114754098,976.0,17.75473400464482,14.68748031900142,38.98891556684183,46.704418138064995,23.22173937170055,34.73360655737705,66.0860655737705,48.66803278688525,0.10245901639344263,0.2098292083934356
NVIDIA L4,coverage,64,4,direct_clamped,global,11,11,0.0,0.0,100.0,976.0,33.76960790880797,21.389057103575766,85.44818316674292,106.23385850543612,66.74794997714476,20.491803278688526,47.540983606557376,59.11885245901639,0.10245901639344263,0.36457500172828755
NVIDIA L4,coverage,64,4,direct_clamped,segmented,11,11,100.0,0.0,0.0,976.0,23.002962690292225,18.107037892711325,48.09945490146666,67.6443997086468,33.87211369555415,31.65983606557377,53.790983606557376,53.278688524590166,0.0,0.2727668642703983
NVIDIA L4,coverage,64,4,direct_clamped,selective,11,11,4.30327868852459,32.27459016393443,63.42213114754098,976.0,29.525174694553474,22.464946843409564,68.68622571362978,92.2353931453279,47.59522435080166,19.364754098360656,44.56967213114754,63.42213114754098,0.10245901639344263,0.33762408373117797
NVIDIA L4,coverage,64,4,gray_residual,global,11,11,0.0,0.0,100.0,976.0,17.722556103096718,14.647608626627989,38.49193671120689,45.17724344454514,24.39634358919628,35.96311475409836,64.54918032786885,46.92622950819672,0.10245901639344263,0.20760690766028073
NVIDIA L4,coverage,64,4,gray_residual,segmented,11,11,100.0,0.0,0.0,976.0,14.122941434685687,11.772673849783555,29.246614621919,33.64369465901438,13.66016864400746,42.41803278688525,73.46311475409836,39.65163934426229,0.0,0.16802695286072655
NVIDIA L4,coverage,64,4,gray_residual,selective,11,11,18.545081967213115,36.57786885245902,44.87704918032787,976.0,17.579690438585583,14.181352268514967,38.22875456524146,46.01263047397957,22.501019029801462,32.99180327868852,66.90573770491804,50.614754098360656,0.0,0.207500488535833
NVIDIA L4,coverage,64,5,direct_clamped,global,11,11,0.0,0.0,100.0,976.0,34.335642946291514,20.630077493816017,88.26623508339081,109.46667953310723,69.59484044864918,24.18032786885246,48.77049180327869,56.557377049180324,0.0,0.369006129319318
NVIDIA L4,coverage,64,5,direct_clamped,segmented,11,11,100.0,0.0,0.0,976.0,24.040131675934926,16.217931558684448,57.754612392612025,78.16177019217662,38.609174248822136,33.09426229508197,58.19672131147541,44.77459016393443,0.0,0.27582963127939175
NVIDIA L4,coverage,64,5,direct_clamped,selective,11,11,14.241803278688526,36.68032786885246,49.07786885245902,976.0,29.996291045712855,22.09219628812635,76.0235112616648,98.74771678053533,52.386678181160306,23.258196721311474,45.90163934426229,59.93852459016394,0.0,0.3365311686951346
NVIDIA L4,coverage,64,5,gray_residual,global,11,11,0.0,0.0,100.0,976.0,16.93667315878,14.595775585716261,35.16531265877788,40.730835332346125,22.859948982689225,32.88934426229508,66.70081967213115,52.76639344262295,0.10245901639344263,0.2012197732724005
NVIDIA L4,coverage,64,5,gray_residual,segmented,11,11,100.0,0.0,0.0,976.0,13.069823185862866,12.31477520383647,23.60765265987306,27.763131653999416,14.291381935691398,39.549180327868854,81.04508196721312,52.15163934426229,0.0,0.15970332460719994
NVIDIA L4,coverage,64,5,gray_residual,selective,11,11,18.442622950819672,36.7827868852459,44.77459016393443,976.0,15.9670277364017,14.222596054490722,30.745932631185205,37.28306547615557,21.407600305375546,32.88934426229508,69.4672131147541,53.995901639344254,0.10245901639344263,0.19178853134551269
NVIDIA L4,coverage,64,6,direct_clamped,global,11,11,0.0,0.0,100.0,976.0,34.93436206445343,19.379427232346895,94.47465270014908,116.3801900190333,72.75741011342407,28.38114754098361,51.33196721311475,53.48360655737705,0.0,0.3751798364413388
NVIDIA L4,coverage,64,6,direct_clamped,segmented,11,11,100.0,0.0,0.0,976.0,25.793061306762688,16.604695266507427,64.46826846290301,88.98774586154497,43.24321245070164,34.42622950819672,57.17213114754098,44.364754098360656,0.0,0.2925696424756268
NVIDIA L4,coverage,64,6,direct_clamped,selective,11,11,51.127049180327866,36.68032786885246,12.192622950819672,976.0,28.15073621968615,19.152467676037254,71.35504982011327,100.48340919710184,46.48884252754392,29.508196721311474,51.33196721311475,55.32786885245902,0.0,0.3312106213363734
NVIDIA L4,coverage,64,6,gray_residual,global,11,11,0.0,0.0,100.0,976.0,17.147200776479444,14.67643977267836,35.603963471142784,42.032757749252504,23.473965561270536,33.19672131147541,66.59836065573771,51.63934426229508,0.10245901639344263,0.202681607890803
NVIDIA L4,coverage,64,6,gray_residual,segmented,11,11,100.0,0.0,0.0,976.0,13.084497582450034,12.535822303255408,23.998195704066916,27.20495889640027,13.884714441738552,39.549180327868854,80.63524590163934,49.59016393442623,0.0,0.15765713751577967
NVIDIA L4,coverage,64,6,gray_residual,selective,11,11,14.241803278688526,41.08606557377049,44.67213114754098,976.0,17.144636480812423,14.097388894928173,35.17842410551874,43.09761503003734,22.735032626431853,31.967213114754102,68.54508196721312,50.7172131147541,0.0,0.20109593601211154
NVIDIA L4,coverage,64,7,direct_clamped,global,11,11,0.0,0.0,100.0,976.0,34.25341323452252,20.196210301367994,90.70334456789416,112.04933317632657,70.57705871279434,26.434426229508194,49.69262295081967,55.32786885245902,0.0,0.36958042762160487
NVIDIA L4,coverage,64,7,direct_clamped,segmented,11,11,100.0,0.0,0.0,976.0,21.858151416823148,16.96548089360257,41.5448598940402,57.70994795846461,28.823607444422045,34.11885245901639,56.35245901639344,51.84426229508197,0.10245901639344263,0.274368075202072
NVIDIA L4,coverage,64,7,direct_clamped,selective,11,11,39.85655737704918,23.05327868852459,37.09016393442623,976.0,26.959240817667073,21.35112169784471,60.059106087544734,81.53654628213269,43.28285740855663,23.46311475409836,47.23360655737705,57.786885245901644,0.0,0.3049863489634507
NVIDIA L4,coverage,64,7,gray_residual,global,11,11,0.0,0.0,100.0,976.0,17.219555374369328,14.72488871019557,35.94620808119909,42.585386219685816,23.61320870807621,33.81147540983606,66.39344262295081,51.127049180327866,0.10245901639344263,0.20354183564748354
NVIDIA L4,coverage,64,7,gray_residual,segmented,11,11,100.0,0.0,0.0,976.0,13.113195486235954,11.948700508518844,25.362860127003565,29.06522547383596,13.9697442733045,40.88114754098361,79.91803278688525,48.46311475409836,0.0,0.15853567414344516
NVIDIA L4,coverage,64,7,gray_residual,selective,11,11,7.684426229508197,36.68032786885246,55.635245901639344,976.0,15.906670249344666,14.532730554277869,29.060412505589603,35.4548474924313,19.768652356379352,32.27459016393443,68.75,55.020491803278695,0.10245901639344263,0.19432208691577
NVIDIA L4,coverage,64,8,direct_clamped,global,11,11,0.0,0.0,100.0,976.0,34.41026267254422,20.99531940343396,87.97383554509273,110.51745857914217,68.43225916747768,23.05327868852459,48.5655737704918,56.9672131147541,0.0,0.3697533663002958
NVIDIA L4,coverage,64,8,direct_clamped,segmented,11,11,100.0,0.0,0.0,976.0,27.863587695115434,18.112617787574962,72.18528305620936,89.30258861739446,48.021674887960685,29.200819672131146,54.61065573770492,50.92213114754098,0.0,0.3097519367072674
NVIDIA L4,coverage,64,8,direct_clamped,selective,11,11,51.127049180327866,36.68032786885246,12.192622950819672,976.0,29.59508347199412,20.8534190385665,78.79614347308734,99.23434769851107,52.157269303715225,25.0,48.15573770491803,59.11885245901639,0.0,0.33385155605046934
NVIDIA L4,coverage,64,8,gray_residual,global,11,11,0.0,0.0,100.0,976.0,17.399977305616773,14.702601048789731,36.851807590211976,43.62390879144618,23.954544913742357,34.11885245901639,65.3688524590164,49.59016393442623,0.10245901639344263,0.20478892466357948
NVIDIA L4,coverage,64,8,gray_residual,segmented,11,11,100.0,0.0,0.0,976.0,13.6879808782345,12.023008235732217,27.74361851327209,31.81092323969332,13.814364462648864,41.39344262295082,74.2827868852459,46.31147540983606,0.10245901639344263,0.16810822144583407
NVIDIA L4,coverage,64,8,gray_residual,selective,11,11,0.0,0.10245901639344263,99.89754098360656,976.0,17.395065222797278,14.702601048789731,36.851807590211976,43.62390879144618,23.954299046402756,34.11885245901639,65.3688524590164,49.48770491803279,0.10245901639344263,0.20477831032013327
NVIDIA L4,coverage,64,9,direct_clamped,global,11,11,0.0,0.0,100.0,976.0,33.693303295624034,20.970864651384797,86.0270462615992,106.47852381523236,66.62859953234907,21.82377049180328,48.5655737704918,58.29918032786885,0.10245901639344263,0.3636249975256433
NVIDIA L4,coverage,64,9,direct_clamped,segmented,11,11,100.0,0.0,0.0,976.0,22.845272655429145,18.140695916705948,42.38359227276934,56.07130589281371,29.738076404691725,30.532786885245898,55.942622950819676,45.08196721311475,0.0,0.2736169221482421
NVIDIA L4,coverage,64,9,direct_clamped,selective,11,11,11.987704918032787,51.02459016393443,36.98770491803279,976.0,26.24156731135232,22.079737026215774,49.304156293282304,74.593499065991,39.10444257961922,21.618852459016395,45.90163934426229,62.909836065573764,0.0,0.30821581973720324
NVIDIA L4,coverage,64,9,gray_residual,global,11,11,0.0,0.0,100.0,976.0,19.37234703659504,14.136233561912851,44.65240418689366,52.37933208495596,27.360773156360484,38.52459016393443,60.245901639344254,36.57786885245902,0.0,0.22091957597399384
NVIDIA L4,coverage,64,9,gray_residual,segmented,11,11,100.0,0.0,0.0,976.0,16.057852954010478,13.01258942770713,34.271989168948174,41.961143869861175,15.274054083412944,40.16393442622951,66.59836065573771,26.229508196721312,0.0,0.18214563767059916
NVIDIA L4,coverage,64,9,gray_residual,selective,11,11,11.987704918032787,32.27459016393443,55.73770491803278,976.0,16.844736525233202,14.275760822623127,33.74149993292829,41.85043590303573,22.092537950531327,34.52868852459016,67.3155737704918,44.15983606557377,0.0,0.1945401523980519
NVIDIA L4,coverage,128,0,direct_clamped,global,11,11,0.0,0.0,100.0,912.0,32.708179457177856,21.455049967686026,79.17440041185303,99.8390405761894,61.36276939158661,19.956140350877195,47.03947368421053,60.08771929824561,0.10964912280701754,0.3558328868128901
NVIDIA L4,coverage,128,0,direct_clamped,segmented,11,11,100.0,0.0,0.0,912.0,21.86349015746732,16.749180026784593,46.45203410202833,64.94636969325443,30.028302960633724,33.114035087719294,57.01754385964912,47.91666666666667,0.0,0.2616412179325016
NVIDIA L4,coverage,128,0,direct_clamped,selective,11,11,63.26754385964912,36.73245614035088,0.0,912.0,22.48890772366015,17.8015976685245,44.78138188206271,55.07988802529363,28.56558595136071,33.114035087719294,54.166666666666664,58.88157894736842,0.3289473684210526,0.2942075854451495
NVIDIA L4,coverage,128,0,gray_residual,global,11,11,0.0,0.0,100.0,912.0,16.95579950251772,15.99192288308407,30.564699511390497,35.85934641599816,19.74584434391467,27.74122807017544,63.377192982456144,65.13157894736842,0.3289473684210526,0.21718955614638935
NVIDIA L4,coverage,128,0,gray_residual,segmented,11,11,100.0,0.0,0.0,912.0,12.57206759292713,11.589064805197577,23.261869749467905,26.50758474309988,14.421560598784392,42.54385964912281,81.57894736842105,57.127192982456144,0.0,0.16027381580743819
NVIDIA L4,coverage,128,0,gray_residual,selective,11,11,66.66666666666666,33.33333333333333,0.0,912.0,14.245757954780753,13.57230147362468,27.072530421955562,29.49093404030897,17.250055369318154,37.609649122807014,72.91666666666666,62.82894736842105,0.10964912280701754,0.19011121759776461
NVIDIA L4,coverage,128,1,direct_clamped,global,11,11,0.0,0.0,100.0,912.0,33.397025111042495,21.445121605135995,82.9025869147189,106.29841212200047,69.08221140816725,20.614035087719298,47.58771929824561,59.32017543859649,0.10964912280701754,0.36233821232740004
NVIDIA L4,coverage,128,1,direct_clamped,segmented,11,11,100.0,0.0,0.0,912.0,21.059863933612277,16.252032832837678,41.16132850289863,49.92880896124804,26.075768001415106,33.99122807017544,58.00438596491229,52.083333333333336,0.10964912280701754,0.2705874341564288
NVIDIA L4,coverage,128,1,direct_clamped,selective,11,11,96.60087719298247,3.399122807017544,0.0,912.0,23.996626790890645,19.568453514996733,47.95952851021576,73.4647963798389,37.51118899450764,29.276315789473685,51.09649122807017,55.48245614035088,0.0,0.28262830237543257
NVIDIA L4,coverage,128,1,gray_residual,global,11,11,0.0,0.0,100.0,912.0,17.169862389733918,16.47439952460922,31.307003955901305,36.33002467175345,19.482210469289925,27.631578947368425,61.622807017543856,67.10526315789474,0.21929824561403508,0.22292283832937798
NVIDIA L4,coverage,128,1,gray_residual,segmented,11,11,100.0,0.0,0.0,912.0,12.908283758214989,11.469447205127521,24.469620304662254,29.657243481321014,14.97708417130667,43.530701754385966,79.82456140350878,52.083333333333336,0.0,0.16143709710064677
NVIDIA L4,coverage,128,1,gray_residual,selective,11,11,66.66666666666666,33.33333333333333,0.0,912.0,14.430091677259414,13.525463362209106,27.76674161793232,30.547353125864056,17.960468492881247,38.377192982456144,69.73684210526315,62.06140350877193,0.0,0.1932164994598139
NVIDIA L4,coverage,128,2,direct_clamped,global,11,11,0.0,0.0,100.0,912.0,32.66551080248313,22.22377476472442,77.20443617866157,100.35055168921257,61.49249027964919,18.421052631578945,44.40789473684211,61.95175438596491,0.10964912280701754,0.35716950401771896
NVIDIA L4,coverage,128,2,direct_clamped,segmented,11,11,100.0,0.0,0.0,912.0,21.02756243158507,16.75654899887636,40.785845243614105,49.809270543296876,26.323531173450586,34.42982456140351,57.56578947368421,56.57894736842105,0.21929824561403508,0.2768214234803297
NVIDIA L4,coverage,128,2,direct_clamped,selective,11,11,96.60087719298247,3.399122807017544,0.0,912.0,23.988542828282394,20.208130974357868,46.02008395266683,64.3240985775884,35.83858664714746,25.986842105263158,49.780701754385966,59.42982456140351,0.0,0.2855513320034129
NVIDIA L4,coverage,128,2,gray_residual,global,11,11,0.0,0.0,100.0,912.0,16.947675755972348,15.804549657807216,30.829453029383778,36.84192678830337,20.591953601949182,29.385964912280706,64.14473684210526,64.3640350877193,0.3289473684210526,0.21571147447048342
NVIDIA L4,coverage,128,2,gray_residual,segmented,11,11,100.0,0.0,0.0,912.0,13.10966832566901,11.699018543310387,24.65601456024882,28.93747278831624,15.403485315786696,42.54385964912281,80.04385964912281,51.864035087719294,0.0,0.16321873003352894
NVIDIA L4,coverage,128,2,gray_residual,selective,11,11,66.66666666666666,33.33333333333333,0.0,912.0,14.43060272850044,13.76439490369895,26.99370491348192,29.80628535842327,18.27762338833824,36.95175438596491,71.38157894736842,59.32017543859649,0.10964912280701754,0.18878221162172876
NVIDIA L4,coverage,128,3,direct_clamped,global,11,11,0.0,0.0,100.0,912.0,32.55454468429625,21.761075133835867,78.27251604184775,98.6108543117631,64.67103195645555,18.530701754385966,46.71052631578947,60.74561403508771,0.10964912280701754,0.3551117845073789
NVIDIA L4,coverage,128,3,direct_clamped,segmented,11,11,100.0,0.0,0.0,912.0,20.85338046510329,16.942071540130037,39.54818284968732,49.16771610084272,25.285298604399564,32.89473684210527,57.56578947368421,56.68859649122807,0.0,0.2641549279873621
NVIDIA L4,coverage,128,3,direct_clamped,selective,11,11,96.49122807017544,3.508771929824561,0.0,912.0,23.640245357389137,19.58526844841283,45.01964922807384,63.24865604513395,34.88442070792258,25.767543859649123,50.6578947368421,58.44298245614035,0.0,0.2779056112237535
NVIDIA L4,coverage,128,3,gray_residual,global,11,11,0.0,0.0,100.0,912.0,16.50865577577306,15.43199066162058,31.268167869005886,35.78956237997604,20.41232860947371,30.811403508771928,67.10526315789474,60.635964912280706,0.21929824561403508,0.20473878127232467
NVIDIA L4,coverage,128,3,gray_residual,segmented,11,11,100.0,0.0,0.0,912.0,12.41126717643208,11.002770571517944,25.23653847096873,28.401866971499878,12.473041269659078,46.82017543859649,80.48245614035088,51.53508771929825,0.0,0.15498788355152102
NVIDIA L4,coverage,128,3,gray_residual,selective,11,11,100.0,0.0,0.0,912.0,13.194112670504033,12.166023006547874,24.357550004362544,28.581774537695495,14.053301975785429,39.58333333333333,80.48245614035088,53.289473684210535,0.0,0.16328858615445943
NVIDIA L4,coverage,128,4,direct_clamped,global,11,11,0.0,0.0,100.0,912.0,32.325647480980884,26.048332780763193,65.5212329114833,86.4183158760671,52.83001365682429,12.280701754385964,33.44298245614035,66.44736842105263,0.3289473684210526,0.3590725495565585
NVIDIA L4,coverage,128,4,direct_clamped,segmented,11,11,100.0,0.0,0.0,912.0,21.468738491160014,17.719005208473597,41.45288669612945,55.870743243765595,28.739596443199446,30.92105263157895,55.26315789473685,59.210526315789465,0.21929824561403508,0.26551778861467046
NVIDIA L4,coverage,128,4,direct_clamped,selective,11,11,63.1578947368421,36.84210526315789,0.0,912.0,23.373954151821557,19.773450260353883,44.805377351191595,52.908225698131744,27.985099709360256,27.521929824561404,50.76754385964912,70.39473684210526,0.8771929824561403,0.31629772508426107
NVIDIA L4,coverage,128,4,gray_residual,global,11,11,0.0,0.0,100.0,912.0,16.718888404650002,15.735764193931853,31.058751282048416,35.73197174588151,20.02590061430071,29.057017543859647,66.44736842105263,62.39035087719298,0.21929824561403508,0.2094944842736361
NVIDIA L4,coverage,128,4,gray_residual,segmented,11,11,100.0,0.0,0.0,912.0,12.360520586689603,11.383225897452315,24.32400373111792,27.844033145996114,12.991709972680274,43.640350877192986,82.12719298245614,52.63157894736842,0.0,0.1540276763240625
NVIDIA L4,coverage,128,4,gray_residual,selective,11,11,66.66666666666666,33.33333333333333,0.0,912.0,13.955794210326284,13.258091728235614,26.176528886492733,28.598156345642366,16.470289453955314,38.15789473684211,74.4517543859649,58.333333333333336,0.10964912280701754,0.18141554216648542
NVIDIA L4,coverage,128,5,direct_clamped,global,11,11,0.0,0.0,100.0,912.0,33.20371577350419,21.666960132559822,81.37088327260481,100.8183305888344,66.20299851181291,19.846491228070175,47.03947368421053,59.86842105263158,0.10964912280701754,0.3596687310294371
NVIDIA L4,coverage,128,5,direct_clamped,segmented,11,11,100.0,0.0,0.0,912.0,22.054116871989468,17.398466693751487,45.56560127725053,64.7678352342894,31.184847115883862,32.56578947368421,55.48245614035088,51.973684210526315,0.0,0.2636782800662885
NVIDIA L4,coverage,128,5,direct_clamped,selective,11,11,63.26754385964912,36.73245614035088,0.0,912.0,23.322044666416105,18.64390287361254,42.48669299034915,64.10938203820142,31.92034925858157,27.74122807017544,52.74122807017544,59.86842105263158,0.10964912280701754,0.28968794992458435
NVIDIA L4,coverage,128,5,gray_residual,global,11,11,0.0,0.0,100.0,912.0,16.686753687970814,15.40809022425036,30.719197298480818,35.619403883476394,20.001731298112347,29.605263157894733,65.13157894736842,64.3640350877193,0.21929824561403508,0.21211337460470822
NVIDIA L4,coverage,128,5,gray_residual,segmented,11,11,100.0,0.0,0.0,912.0,12.639757128494107,11.791542013314341,23.044391122142166,27.63162856336276,13.429129291509376,43.640350877192986,83.88157894736842,58.88157894736842,0.0,0.1610559449564756
NVIDIA L4,coverage,128,5,gray_residual,selective,11,11,28.17982456140351,33.33333333333333,38.48684210526316,912.0,14.835326397556317,14.169078976596925,28.367730751226432,30.83935235336564,17.537674762409214,35.96491228070175,68.85964912280701,67.43421052631578,0.10964912280701754,0.20089756803727987
NVIDIA L4,coverage,128,6,direct_clamped,global,11,11,0.0,0.0,100.0,912.0,32.219204804134684,21.916417064093807,76.62132219545575,95.48458521357455,59.3732645095802,18.421052631578945,45.83333333333333,61.074561403508774,0.10964912280701754,0.3523735567719804
NVIDIA L4,coverage,128,6,direct_clamped,segmented,11,11,100.0,0.0,0.0,912.0,21.359878894414162,16.516670972546137,45.706327174143226,61.09359560302984,29.90189351685148,34.42982456140351,57.56578947368421,49.890350877192986,0.21929824561403508,0.25895700561125384
NVIDIA L4,coverage,128,6,direct_clamped,selective,11,11,63.26754385964912,36.73245614035088,0.0,912.0,22.038932816415265,17.580220430064998,42.33713063180371,52.14917249200786,28.123765185535028,31.030701754385966,55.26315789473685,59.64912280701754,0.3289473684210526,0.2864172598240025
NVIDIA L4,coverage,128,6,gray_residual,global,11,11,0.0,0.0,100.0,912.0,16.361998377606863,15.392144984811782,31.234427784928435,36.37504089913547,20.47787345567322,32.127192982456144,67.98245614035088,59.86842105263158,0.21929824561403508,0.2011996992036743
NVIDIA L4,coverage,128,6,gray_residual,segmented,11,11,100.0,0.0,0.0,912.0,12.3782070126003,11.154288063191391,24.46497923789912,27.630232253670624,12.68161618611672,45.17543859649123,82.34649122807018,52.19298245614035,0.0,0.15255867220124422
NVIDIA L4,coverage,128,6,gray_residual,selective,11,11,28.289473684210524,71.71052631578947,0.0,912.0,14.877544206025178,14.265927244665336,26.895440103731467,30.67917895950747,15.853585490266758,33.66228070175439,71.05263157894737,64.69298245614034,0.0,0.19783895642128085
NVIDIA L4,coverage,128,7,direct_clamped,global,11,11,0.0,0.0,100.0,912.0,32.43529042582081,22.051925598538034,76.74107960450644,95.59203211402468,60.257783265171426,18.421052631578945,44.95614035087719,61.8421052631579,0.10964912280701754,0.35480046808846877
NVIDIA L4,coverage,128,7,direct_clamped,segmented,11,11,100.0,0.0,0.0,912.0,21.1096637509338,17.081358864055055,39.441929371481905,50.41196939071584,27.43582825770198,32.67543859649123,56.9078947368421,53.07017543859649,0.0,0.26300557187907303
NVIDIA L4,coverage,128,7,direct_clamped,selective,11,11,96.60087719298247,3.399122807017544,0.0,912.0,23.710974064541993,19.543486811849824,46.78895368944013,66.25882580821461,35.730613326277414,27.631578947368425,51.31578947368421,56.9078947368421,0.0,0.27800575945239175
NVIDIA L4,coverage,128,7,gray_residual,global,11,11,0.0,0.0,100.0,912.0,16.860841881407275,15.624472641352352,30.91147019282658,36.828139187136934,19.723203945435912,28.947368421052634,64.25438596491229,64.69298245614034,0.3289473684210526,0.215996519354051
NVIDIA L4,coverage,128,7,gray_residual,segmented,11,11,100.0,0.0,0.0,912.0,13.358520299246125,10.868429822798102,27.59032266295161,34.3340785690449,13.307982488407111,46.71052631578947,77.19298245614034,44.627192982456144,0.10964912280701754,0.1632076139590811
NVIDIA L4,coverage,128,7,gray_residual,selective,11,11,100.0,0.0,0.0,912.0,13.489152761199275,12.468412814718551,25.99368798533039,29.149039995514524,14.661727161746663,39.14473684210527,78.50877192982456,52.083333333333336,0.10964912280701754,0.1674594527960023
NVIDIA L4,coverage,128,8,direct_clamped,global,11,11,0.0,0.0,100.0,912.0,32.32941288955033,24.27559335502451,70.01879999082018,91.28884054056125,55.64173716235688,14.144736842105262,38.92543859649123,65.13157894736842,0.21929824561403508,0.3552117434283774
NVIDIA L4,coverage,128,8,direct_clamped,segmented,11,11,100.0,0.0,0.0,912.0,23.959039756988314,17.158780772828692,56.56396230468013,74.06676910490623,38.454222656525424,28.837719298245613,56.57894736842105,54.71491228070175,0.0,0.27856125355708244
NVIDIA L4,coverage,128,8,direct_clamped,selective,11,11,63.26754385964912,33.33333333333333,3.399122807017544,912.0,23.08653572853447,19.343796415488434,43.45508219191071,56.18059613432335,29.162792610639432,25.657894736842106,51.31578947368421,66.55701754385966,0.3289473684210526,0.29570766090665895
NVIDIA L4,coverage,128,8,gray_residual,global,11,11,0.0,0.0,100.0,912.0,16.960947705828204,15.945454106168297,30.758143889015233,35.83808679240041,19.658826234644778,28.07017543859649,63.377192982456144,65.24122807017544,0.3289473684210526,0.21859648875676702
NVIDIA L4,coverage,128,8,gray_residual,segmented,11,11,100.0,0.0,0.0,912.0,13.123052034321438,11.59272795664435,26.04114554603864,30.54779271619036,12.288905066461252,44.40789473684211,77.74122807017544,59.32017543859649,0.10964912280701754,0.17272415687926024
NVIDIA L4,coverage,128,8,gray_residual,selective,11,11,61.622807017543856,38.377192982456144,0.0,912.0,15.718419315679938,14.41157989140097,29.35636630919229,34.56909376855597,13.969625400843864,33.00438596491228,69.07894736842105,66.77631578947368,0.3289473684210526,0.21353359047663897
NVIDIA L4,coverage,128,9,direct_clamped,global,11,11,0.0,0.0,100.0,912.0,31.829036855352115,24.87172974933211,67.06653617749491,83.69284007410216,51.27995328168736,13.267543859649123,36.622807017543856,65.6798245614035,0.21929824561403508,0.35194390056997904
NVIDIA L4,coverage,128,9,direct_clamped,segmented,11,11,100.0,0.0,0.0,912.0,20.95143834000842,15.601191330378885,40.58869506717912,49.16004045398142,23.736862051381216,32.56578947368421,59.97807017543859,50.877192982456144,0.5482456140350876,0.27545471944003863
NVIDIA L4,coverage,128,9,direct_clamped,selective,11,11,96.49122807017544,3.508771929824561,0.0,912.0,22.303814884769587,18.756483163960866,40.95868754170706,55.05495160415904,29.89693247938259,30.372807017543856,52.960526315789465,58.66228070175439,0.0,0.2739159957878696
NVIDIA L4,coverage,128,9,gray_residual,global,11,11,0.0,0.0,100.0,912.0,17.02980915397577,16.437425101905454,30.42907770984902,35.13274651566182,18.8728787213285,27.631578947368425,62.60964912280702,67.65350877192982,0.3289473684210526,0.22301554864585585
NVIDIA L4,coverage,128,9,gray_residual,segmented,11,11,100.0,0.0,0.0,912.0,12.288762949295405,10.776575310498465,24.913916269285252,28.612629803631325,13.11880784616447,47.25877192982456,81.9078947368421,50.877192982456144,0.0,0.15211724871706866
NVIDIA L4,coverage,128,9,gray_residual,selective,11,11,100.0,0.0,0.0,912.0,12.801893881536287,11.971809709204793,23.42968554684142,27.262967293540267,14.201046175638368,41.776315789473685,80.15350877192982,55.372807017543856,0.10964912280701754,0.16324422832102148
